State,Constituency,Candidate,Party,Criminal_Cases,Education,Age,Total_Assets,Total_Liabilities
ANDAMAN & NICOBAR ISLANDS,ANDAMAN AND NICOBAR ISLANDS,KULDEEP RAI SHARMA,INC,0,GRADUATE PROFESSIONAL,52,132233012,80450870
ANDAMAN & NICOBAR ISLANDS,ANDAMAN AND NICOBAR ISLANDS,AYAN MANDAL,AITC,0,GRADUATE,30,7270440,1500000
ANDAMAN & NICOBAR ISLANDS,ANDAMAN AND NICOBAR ISLANDS,C G SAJI KUMAR,ALL INDIA HINDUSTAN CONGRESS PARTY,0,12TH PASS,48,120000,0
ANDAMAN & NICOBAR ISLANDS,ANDAMAN AND NICOBAR ISLANDS,C U RASHEED,IND,0,12TH PASS,34,,
ANDAMAN & NICOBAR ISLANDS,ANDAMAN AND NICOBAR ISLANDS,GOUR CHANDRA MAJUMDER,IND,0,GRADUATE,52,6062000,0
ANDAMAN & NICOBAR ISLANDS,ANDAMAN AND NICOBAR ISLANDS,HENRY,IND,0,10TH PASS,50,56459,0
ANDAMAN & NICOBAR ISLANDS,ANDAMAN AND NICOBAR ISLANDS,K KALIMUTHU,IND,0,8TH PASS,66,,
ANDAMAN & NICOBAR ISLANDS,ANDAMAN AND NICOBAR ISLANDS,K VENKAT RAM BABU,IND,0,10TH PASS,45,352000,0
ANDAMAN & NICOBAR ISLANDS,ANDAMAN AND NICOBAR ISLANDS,PARITOSH KUMAR HALDAR,IND,0,POST GRADUATE,61,19916000,1311000
ANDAMAN & NICOBAR ISLANDS,ANDAMAN AND NICOBAR ISLANDS,PRAKASH MINJ,BSP,0,POST GRADUATE,43,1250000,240000
ANDAMAN & NICOBAR ISLANDS,ANDAMAN AND NICOBAR ISLANDS,S SUDERSHAN RAO,IND,0,DOCTORATE,58,,
ANDAMAN & NICOBAR ISLANDS,ANDAMAN AND NICOBAR ISLANDS,SANJAY MESHACK,AAP,0,12TH PASS,49,99887782,1791076
ANDAMAN & NICOBAR ISLANDS,ANDAMAN AND NICOBAR ISLANDS,V V KHALID,IND,0,8TH PASS,51,1512000,350000
ANDAMAN & NICOBAR ISLANDS,ANDAMAN AND NICOBAR ISLANDS,VISHAL JOLLY,BJP,1,GRADUATE PROFESSIONAL,46,,
ANDHRA PRADESH,AMALAPURAM,CHINTA ANURADHA,YSRCP,0,GRADUATE,46,86393362,2431407
ANDHRA PRADESH,AMALAPURAM,GANTI HARISH MADHUR,TDP,0,GRADUATE PROFESSIONAL,30,73049918,1537488
ANDHRA PRADESH,AMALAPURAM,JANGA GOUTHAM,INC,0,GRADUATE,49,,
ANDHRA PRADESH,AMALAPURAM,MANEPALLI AYYAJI VEMA,BJP,0,GRADUATE PROFESSIONAL,59,6785061,0
ANDHRA PRADESH,AMALAPURAM,MOJAS RAJA SEKHAR DUGGIRALA,JANASENA PARTY,1,POST GRADUATE,59,28930012,0
ANDHRA PRADESH,AMALAPURAM,MORTHA SIVARAMA KRISHNA,PYRAMID PARTY OF INDIA,0,GRADUATE,29,,
ANDHRA PRADESH,AMALAPURAM,MURALIKRISHNA KANDERI,INDIA PRAJA BANDHU PARTY,0,OTHERS,41,12796,0
ANDHRA PRADESH,AMALAPURAM,PANTHAGADA VIJAYA CHAKRAVARTHY,RPI(KHOBRAGADE),0,POST GRADUATE,65,550000,0
ANDHRA PRADESH,AMALAPURAM,REVU SUDHAKAR,IND,0,10TH PASS,34,11000,0
ANDHRA PRADESH,ANAKAPALLE,DR.BEESETTI VENKATA SATYAVATHI,YSRCP,0,GRADUATE PROFESSIONAL,52,91526244,11139279
ANDHRA PRADESH,ANAKAPALLE,ADARI ANAND KUMAR,TDP,0,10TH PASS,43,410547212,205591400
ANDHRA PRADESH,ANAKAPALLE,APPALA NAIDU TUMMAGONTA,IND,0,10TH PASS,38,,0
ANDHRA PRADESH,ANAKAPALLE,CHINTALA PARTHA SARATHI,JANASENA PARTY,0,POST GRADUATE,56,,
ANDHRA PRADESH,ANAKAPALLE,DR GANDI VENKATA SATYANARAYANA RAO,BJP,0,POST GRADUATE,65,57688924,9497894
ANDHRA PRADESH,ANAKAPALLE,K B SWAROOP,JANA JAGRUTI PARTY,0,GRADUATE PROFESSIONAL,51,,
ANDHRA PRADESH,ANAKAPALLE,P.S.AJAY KUMAR,CPI(ML)(L),3,POST GRADUATE,57,1258000,0
ANDHRA PRADESH,ANAKAPALLE,RUTHALA SRIRAMA MURTHY,INC,0,GRADUATE PROFESSIONAL,49,27611641,0
ANDHRA PRADESH,ANAKAPALLE,VADLAMURI KRISHNA SWAROOP,DALITA BAHUJANA PARTY,0,POST GRADUATE,46,16500,0
ANDHRA PRADESH,ANANTAPUR,TALARI RANGAIAH,YSRCP,1,DOCTORATE,48,,
ANDHRA PRADESH,ANANTAPUR,G. LALITHA,SUCI(C),0,GRADUATE,56,1279676,0
ANDHRA PRADESH,ANANTAPUR,GIDDAMA RANGANAYAKULU,VISHWA JANA PARTY,0,POST GRADUATE,43,661000,0
ANDHRA PRADESH,ANANTAPUR,HAMSA DEVINENI,BJP,0,POST GRADUATE,33,,
ANDHRA PRADESH,ANANTAPUR,JAGADEESH DEVARAGUDI,CPI,9,8TH PASS,58,25613277,2761973
ANDHRA PRADESH,ANANTAPUR,JUTURU CHINNA REDDY PAVAN REDDY,TDP,0,GRADUATE,46,373887429,84550726
ANDHRA PRADESH,ANANTAPUR,K RAJIV REDDY,INC,0,GRADUATE PROFESSIONAL,30,,
ANDHRA PRADESH,ANANTAPUR,LINGUTLA RANGAIAH,IND,0,5TH PASS,70,208000,40000
ANDHRA PRADESH,ANANTAPUR,M.VENKATESULU,PYRAMID PARTY OF INDIA,0,10TH PASS,49,2345567,312273
ANDHRA PRADESH,ANANTAPUR,POTHURU RANGAIAH,IND,0,8TH PASS,48,1509000,130000
ANDHRA PRADESH,ANANTAPUR,SOMANATH DESHMUKH,IND,0,10TH PASS,50,9327000,300000
ANDHRA PRADESH,ANANTAPUR,VADDE KASINATH,IND,0,OTHERS,28,1054611,350000
ANDHRA PRADESH,ANANTAPUR,VISWA PRASAD YADAV SANKIREDDY,IND,0,POST GRADUATE,51,4165000,0
ANDHRA PRADESH,ARAKU,GODDETI MADHAVI,YSRCP,0,GRADUATE PROFESSIONAL,26,141179,0
ANDHRA PRADESH,ARAKU,ANUMULA VAMSI KRISHNA,IND,0,POST GRADUATE,41,50000,100000
ANDHRA PRADESH,ARAKU,BIDDIKA RAMAIAH,IND,0,ILLITERATE,57,415000,0
ANDHRA PRADESH,ARAKU,DR. KASI VISWANADHA VEERA VENKATA SATYANARAYANA REDDY KOSURI,BJP,0,DOCTORATE,54,,
ANDHRA PRADESH,ARAKU,KANGALA BALADORA,IND,0,ILLITERATE,61,340500,0
ANDHRA PRADESH,ARAKU,NARAVA SATYAVATHI,IND,0,10TH PASS,37,,
ANDHRA PRADESH,ARAKU,SHRUTI DEVI VYRICHERLA,INC,0,GRADUATE PROFESSIONAL,46,23592023,0
ANDHRA PRADESH,ARAKU,SWAMULA SUBRAHAMANYAM,JANA JAGRUTI PARTY,0,GRADUATE,50,2100000,870000
ANDHRA PRADESH,ARAKU,VYRICHERLA KISHORE CHANDRA SURYANARAYANA DEO,TDP,0,POST GRADUATE,72,65729020,0
ANDHRA PRADESH,BAPATLA,SURESH BABU NANDIGAM,YSRCP,0,8TH PASS,43,,
ANDHRA PRADESH,BAPATLA,BUSSA NAGARAJU,IND,1,OTHERS,29,194000,0
ANDHRA PRADESH,BAPATLA,CHALLAGALI KISHORE KUMAR,BJP,1,GRADUATE PROFESSIONAL,43,3185877,0
ANDHRA PRADESH,BAPATLA,CHINA NAGESWARA RAO SADHU,MUNDADUGU PRAJA PARTY,0,POST GRADUATE,35,,
ANDHRA PRADESH,BAPATLA,GADDE HARIBABU,NAVODAYAM PARTY,0,GRADUATE,40,20000,100000
ANDHRA PRADESH,BAPATLA,GELLA NAGAMALLI,IND,0,GRADUATE PROFESSIONAL,34,448500,465000
ANDHRA PRADESH,BAPATLA,GOLLA BABURAO,IND,0,POST GRADUATE,46,,
ANDHRA PRADESH,BAPATLA,JESUDASU SEELAM,INC,0,POST GRADUATE,67,126397634,8342498
ANDHRA PRADESH,BAPATLA,KANTHIRAJ DEVANAND,BSP,0,POST GRADUATE,64,34436000,1200000
ANDHRA PRADESH,BAPATLA,MALYADRI SRIRAM,TDP,0,POST GRADUATE,65,42520353,598794
ANDHRA PRADESH,BAPATLA,NUTHAKKI RAMA RAO,ALL INDIA PRAJA PARTY,0,POST GRADUATE,71,72376055,0
ANDHRA PRADESH,BAPATLA,THUMATI RAVI,ALL PEOPLES PARTY,0,POST GRADUATE,46,3418000,0
ANDHRA PRADESH,CHITTOOR,N. REDDEPPA,YSRCP,0,POST GRADUATE,68,17355862,1341542
ANDHRA PRADESH,CHITTOOR,A. HEMANTH,IND,0,5TH PASS,28,50000,0
ANDHRA PRADESH,CHITTOOR,C. PUNYAMURTHY,BSP,4,OTHERS,45,30323800,21635686
ANDHRA PRADESH,CHITTOOR,CHEEMALA. RANGAPPA,INC,0,GRADUATE PROFESSIONAL,60,,
ANDHRA PRADESH,CHITTOOR,JAYARAM DUGGANI,BJP,0,GRADUATE,70,5100000,0
ANDHRA PRADESH,CHITTOOR,NARAMALLI SIVA PRASAD,TDP,0,GRADUATE PROFESSIONAL,68,,
ANDHRA PRADESH,CHITTOOR,P. RAMACHANDRAN,IND,0,GRADUATE PROFESSIONAL,42,3580500,2313000
ANDHRA PRADESH,CHITTOOR,PALLIPATTU. ABHINAV VISHNU,MUNDADUGU PRAJA PARTY,0,GRADUATE PROFESSIONAL,27,92600,0
ANDHRA PRADESH,ELURU,SRIDHAR KOTAGIRI,YSRCP,0,GRADUATE PROFESSIONAL,46,462808829,33560974
ANDHRA PRADESH,ELURU,ALAGA RAVI KUMAR,IND,0,10TH PASS,49,,0
ANDHRA PRADESH,ELURU,CHINNAM RAMA KOTAYYA,BJP,0,10TH PASS,58,100961778,7713964
ANDHRA PRADESH,ELURU,GURUNADHA RAO JETTI,INC,0,GRADUATE,55,,
ANDHRA PRADESH,ELURU,JOSYULA CHINA VENKATA SURYANARAYANA,PYRAMID PARTY OF INDIA,0,GRADUATE,62,12035000,2500000
ANDHRA PRADESH,ELURU,MAGANTI VENKATESWARA RAO,TDP,1,10TH PASS,59,199762023,33303902
ANDHRA PRADESH,ELURU,MATHE BOBBY,RPI(A),0,12TH PASS,29,,
ANDHRA PRADESH,ELURU,MENDEM SANTHOSH KUMAR,IND,0,OTHERS,46,10000,0
ANDHRA PRADESH,GUNTUR,JAYADEV GALLA,TDP,0,GRADUATE,53,,
ANDHRA PRADESH,GUNTUR,ARAVETI HAZARATH RAO,PYRAMID PARTY OF INDIA,0,GRADUATE PROFESSIONAL,68,14924686,180700
ANDHRA PRADESH,GUNTUR,BONABOYINA SRINIVASA RAO,JANASENA PARTY,1,10TH PASS,50,32876690,12482935
ANDHRA PRADESH,GUNTUR,DASARI KIRAN BABU,IND,0,8TH PASS,37,,
ANDHRA PRADESH,GUNTUR,DOPPALAPUDI VEERA DAS,IND,0,GRADUATE,60,5990000,880000
ANDHRA PRADESH,GUNTUR,JACOB VIDYASAGAR NAKKA,VIDUTHALAI CHIRUTHAIGAL KATCHI,2,POST GRADUATE,51,3073000,0
ANDHRA PRADESH,GUNTUR,JAYAPRAKASH NARAYANA VALLURU,BJP,0,GRADUATE PROFESSIONAL,44,39526187,0
ANDHRA PRADESH,GUNTUR,JELDI RAJA MOHAN,ALL INDIA PRAJA PARTY,0,12TH PASS,61,4209000,30000
ANDHRA PRADESH,GUNTUR,MODUGULA VENUGOPALA REDDY,YSRCP,3,GRADUATE PROFESSIONAL,52,137466129,1675274
ANDHRA PRADESH,GUNTUR,RAMARAO SIMHADRI,PRAJA SHANTHI PARTY,0,5TH PASS,41,219000,0
ANDHRA PRADESH,GUNTUR,SAMUDRALA CHINNA KOTAIAH,NATIONAL DALITHA DHAL PARTY,0,10TH PASS,41,,
ANDHRA PRADESH,GUNTUR,SARABANDI RAJU SIKHINAM,INDIAN LABOUR PARTY (AMBEDKAR PHULE),0,POST GRADUATE,35,30000,0
ANDHRA PRADESH,GUNTUR,SHAIK JALEEL,NAVARANG CONGRESS PARTY,0,5TH PASS,43,72625000,0
ANDHRA PRADESH,GUNTUR,SHAIK MASTANVALI,INC,1,POST GRADUATE,53,,
ANDHRA PRADESH,GUNTUR,ULLAGI DAVID JAYAKUMAR,HARDAM MANAVTAWADI RASHTRIYA DAL,0,DOCTORATE,61,131900,0
ANDHRA PRADESH,GUNTUR,UMAR BASHA SHAIK,IND,0,GRADUATE PROFESSIONAL,29,15008000,2000000
ANDHRA PRADESH,HINDUPUR,KURUVA GORANTLA MADHAV,YSRCP,2,GRADUATE,50,,
ANDHRA PRADESH,HINDUPUR,GOGULA PULAKUNTA JAYANTH,IND,0,GRADUATE,61,3196142,16710
ANDHRA PRADESH,HINDUPUR,K.T.SREEDHAR,INC,1,POST GRADUATE,41,43462500,8128000
ANDHRA PRADESH,HINDUPUR,MITTA PARTHASARATHI,BJP,2,GRADUATE,60,357849990,106820000
ANDHRA PRADESH,HINDUPUR,MUGI SURYA PRAKASH,IND,0,GRADUATE,63,43266800,0
ANDHRA PRADESH,HINDUPUR,N.KRISTAPPA,TDP,4,GRADUATE,63,,
ANDHRA PRADESH,HINDUPUR,RAMAMOHAN D.G.,IND,0,12TH PASS,51,447500,0
ANDHRA PRADESH,HINDUPUR,S.R.ANJANEYULU,IND,0,POST GRADUATE,35,43000,0
ANDHRA PRADESH,KADAPA,YEDUGURI SANDINTI AVINASH REDDY,YSRCP,4,POST GRADUATE,34,186969794,22833319
ANDHRA PRADESH,KADAPA,AMEEN PEERAN SHAIK,AMBEDKAR NATIONAL CONGRESS,0,POST GRADUATE,48,83993,9000
ANDHRA PRADESH,KADAPA,CHADIPIRALA ADI NARAYANA REDDY,TDP,0,POST GRADUATE,61,30742398,961319
ANDHRA PRADESH,KADAPA,CHADIPIRALLA SIVA NARAYANA REDDY,NAVARANG CONGRESS PARTY,0,OTHERS,53,,
ANDHRA PRADESH,KADAPA,GONA PURUSHOTTAM REDDY,IND,4,GRADUATE,40,22473647,9206703
ANDHRA PRADESH,KADAPA,GUJJULA ESWARAIAH,CPI,1,POST GRADUATE,50,327881,100000
ANDHRA PRADESH,KADAPA,GUNDLAKUNTA SREERAMULU,INC,0,12TH PASS,42,,
ANDHRA PRADESH,KADAPA,JAKKU CHENNA KRISHNA REDDY,IND,1,10TH PASS,44,24746957,12380000
ANDHRA PRADESH,KADAPA,LAKSHMI REDDY PUTHA,RAJYADHIKARA PARTY,3,GRADUATE PROFESSIONAL,32,7300000,0
ANDHRA PRADESH,KADAPA,PEDAKALA VARALAKSHMI,PYRAMID PARTY OF INDIA,0,GRADUATE PROFESSIONAL,43,11034583,2402564
ANDHRA PRADESH,KADAPA,SIVA CHANDRA REDDY KOMMA,ANNA YSR CONGRESS PARTY,0,POST GRADUATE,0,5160000,1100000
ANDHRA PRADESH,KADAPA,SRI RAMA CHANDRA SINGAREDDY,BJP,0,GRADUATE,50,,
ANDHRA PRADESH,KADAPA,VENU GOPAL RACHINENI,IND,0,10TH PASS,39,3100000,200000
ANDHRA PRADESH,KAKINADA,VANGA GEETHA VISWANATHAM,YSRCP,0,POST GRADUATE,55,202528594,34416878
ANDHRA PRADESH,KAKINADA,ANKADI SATHIBABU,IND,0,ILLITERATE,45,50000,0
ANDHRA PRADESH,KAKINADA,APPALAKONDA VANGALAPUDI,MUNDADUGU PRAJA PARTY,0,POST GRADUATE,28,514707,508707
ANDHRA PRADESH,KAKINADA,BUDDALA GEETHA DEVI,PRAJA SHANTHI PARTY,0,5TH PASS,34,,
ANDHRA PRADESH,KAKINADA,DONAM NEELAKANTAM,ALL INDIA PRAJA PARTY,0,POST GRADUATE,49,1477500,640000
ANDHRA PRADESH,KAKINADA,GODUGU SATYANARAYANA,CPI(ML)(L),0,GRADUATE,40,28000,0
ANDHRA PRADESH,KAKINADA,JYOTHULA VENKATESWARA RAO,JANASENA PARTY,0,12TH PASS,62,,
ANDHRA PRADESH,KAKINADA,KAKILETI RAVINDRA,IND,0,10TH PASS,41,1820000,750000
ANDHRA PRADESH,KAKINADA,MALLIPUDI SRI RAMACHANDRA MURTHY,INC,0,5TH PASS,66,3995000,595000
ANDHRA PRADESH,KAKINADA,PEDDIMSETTI VENKATESWARA RAO,JANA JAGRUTI PARTY,2,12TH PASS,46,23742000,0
ANDHRA PRADESH,KAKINADA,SATHI VEERA LAKSHMI,PYRAMID PARTY OF INDIA,0,ILLITERATE,38,30000,0
ANDHRA PRADESH,KAKINADA,SUNIL KUMAR CHALAMALASETTY,TDP,0,POST GRADUATE,49,,
ANDHRA PRADESH,KAKINADA,VASAMSETTY VENAKTA RAMANA,AIFB,0,10TH PASS,0,4850000,2170000
ANDHRA PRADESH,KAKINADA,YALLA VENKATA RAMA MOHANA RAO,BJP,1,GRADUATE,46,,
ANDHRA PRADESH,KURNOOL,DR SANJEEV KUMAR,YSRCP,0,POST GRADUATE,52,,
ANDHRA PRADESH,KURNOOL,ABDUL WARIS,SDPI,4,8TH PASS,58,5110000,0
ANDHRA PRADESH,KURNOOL,AHMED ALI KHAN,INC,0,12TH PASS,42,158831414,0
ANDHRA PRADESH,KURNOOL,B. SHIVA KUMAR,IND,0,10TH PASS,40,,
ANDHRA PRADESH,KURNOOL,DANDU SESHU YADAV,SP,0,GRADUATE PROFESSIONAL,39,1950000,0
ANDHRA PRADESH,KURNOOL,DEVARAPOGU MADDILETY,IND,1,10TH PASS,45,523616,0
ANDHRA PRADESH,KURNOOL,G SANJEEVA KUMAR,SAMAJWADI FORWARD BLOC,0,10TH PASS,38,160000,0
ANDHRA PRADESH,KURNOOL,HATCHOLI THOMAS,IND,0,10TH PASS,47,2752615,238020
ANDHRA PRADESH,KURNOOL,KOMMIREDDY PRABHAKAR REDDY,CPI(M),1,GRADUATE PROFESSIONAL,58,1659077,85000
ANDHRA PRADESH,KURNOOL,KOTLA JAYA SURYA PRAKASH REDDY,TDP,0,GRADUATE,67,174762674,1450000
ANDHRA PRADESH,KURNOOL,M. NAGANNA,SUCI(C),1,ILLITERATE,66,,
ANDHRA PRADESH,KURNOOL,P.V. PARTHASARATHI,BJP,0,POST GRADUATE,48,297510890,62328052
ANDHRA PRADESH,KURNOOL,P.V. SRIHARI,IND,0,DOCTORATE,51,25865207,5975759
ANDHRA PRADESH,KURNOOL,S.MD. SHAFATH,RAYALASEEMA RASHTRA SAMITHI,0,GRADUATE PROFESSIONAL,30,,
ANDHRA PRADESH,KURNOOL,T. BEECHUPALLY,IND,0,GRADUATE,26,192000,0
ANDHRA PRADESH,MACHILIPATNAM,BALASHOWRY VALLABHANENI,YSRCP,2,POST GRADUATE,50,990575840,746310844
ANDHRA PRADESH,MACHILIPATNAM,BANDREDDI RAMAKRISHNA,JANASENA PARTY,0,POST GRADUATE,44,100800000,37600000
ANDHRA PRADESH,MACHILIPATNAM,GANDHI DHANEKULA,IND,0,10TH PASS,70,,
ANDHRA PRADESH,MACHILIPATNAM,GOLLU KRISHNA,INC,5,OTHERS,55,8795000,11400000
ANDHRA PRADESH,MACHILIPATNAM,GUDIVAKA RAMANJANEYULU,BJP,0,GRADUATE,57,32695161,10500000
ANDHRA PRADESH,MACHILIPATNAM,GUDIVAKA VENKATA NAGA BASAVA RAO,IND,0,12TH PASS,26,,
ANDHRA PRADESH,MACHILIPATNAM,KONAKALLA NARAYANA RAO,TDP,0,12TH PASS,68,58649214,16809408
ANDHRA PRADESH,MACHILIPATNAM,NADAKUDITI NAGA GAYATHRI,IND,0,POST GRADUATE,38,8921500,4390000
ANDHRA PRADESH,MACHILIPATNAM,VALLURU VENKATESWARA RAO,PYRAMID PARTY OF INDIA,0,GRADUATE,78,21825290,1200000
ANDHRA PRADESH,MACHILIPATNAM,VIJAYA LAKSHMI CHALAPAKA,IND,0,GRADUATE,39,1208274,0
ANDHRA PRADESH,MACHILIPATNAM,YARLAGADDA RAMA MOHANA RAO,BAHUJAN MAHA PARTY,0,12TH PASS,56,,
ANDHRA PRADESH,NANDYAL,POCHA BRAHMANANDA REDDY,YSRCP,1,POST GRADUATE,60,585932911,177035582
ANDHRA PRADESH,NANDYAL,ADINARAYANA INTY,BJP,1,POST GRADUATE,67,33885898,4479155
ANDHRA PRADESH,NANDYAL,B.C. RAMANATHA REDDY,IND,1,GRADUATE,54,26418457,2329020
ANDHRA PRADESH,NANDYAL,BHUMA KISHOR REDDY,IND,0,10TH PASS,35,,
ANDHRA PRADESH,NANDYAL,C. SURENDRA NATH REDDY,IND,0,12TH PASS,54,925000,0
ANDHRA PRADESH,NANDYAL,D. MAHAMMAD RAFI,B. C. UNITED FRONT,0,10TH PASS,29,50000,190000
ANDHRA PRADESH,NANDYAL,D. P. JAMAL BASHA,ANNA YSR CONGRESS PARTY,0,10TH PASS,48,,
ANDHRA PRADESH,NANDYAL,DR. LAKSHMI KANTHA REDDY CHITLA,IND,0,DOCTORATE,34,170000,90000
ANDHRA PRADESH,NANDYAL,ELLURI BHUPAL,IND,0,GRADUATE,39,20000,20000
ANDHRA PRADESH,NANDYAL,JESTADI SUDHAKAR,IND,1,10TH PASS,38,462788,0
ANDHRA PRADESH,NANDYAL,K.P. KAMBAGIRISWAMY,IND,1,10TH PASS,40,1400000,600000
ANDHRA PRADESH,NANDYAL,LAKSHMI NARASAIAH JANGITI,INC,0,POST GRADUATE,33,,
ANDHRA PRADESH,NANDYAL,MANDRA SIVANANDA REDDY,TDP,0,GRADUATE PROFESSIONAL,57,348903562,68693655
ANDHRA PRADESH,NANDYAL,POLURU GURUVAIAH,IND,0,ILLITERATE,30,,
ANDHRA PRADESH,NANDYAL,PULA. NAGAMADDILETY,AMBEDKAR NATIONAL CONGRESS,0,10TH PASS,40,50000,0
ANDHRA PRADESH,NANDYAL,RUDDIREDDY RADHAKRISHNA,AIFB,0,OTHERS,38,500000,280000
ANDHRA PRADESH,NANDYAL,S.P.Y. REDDY,JANASENA PARTY,1,GRADUATE,69,333760526,9594811
ANDHRA PRADESH,NANDYAL,VANGALA PARAMESWARA REDDY.,IND,3,10TH PASS,40,2300000,2500000
ANDHRA PRADESH,NARASARAOPET,LAVU SRI KRISHNA DEVARAYALU,YSRCP,0,GRADUATE PROFESSIONAL,36,177710073,10142413
ANDHRA PRADESH,NARASARAOPET,ALLU VENKATA REDDY,PYRAMID PARTY OF INDIA,0,GRADUATE PROFESSIONAL,49,16364000,1290000
ANDHRA PRADESH,NARASARAOPET,DURGAMPUDI RAMI REDDY,IND,0,ILLITERATE,66,1945300,70000
ANDHRA PRADESH,NARASARAOPET,GADDALA VENU,IND,0,GRADUATE,28,,
ANDHRA PRADESH,NARASARAOPET,KANAKAM SRINIVASARAO,NATIONAL NAVA KRANTHI PARTY,0,10TH PASS,40,50000,0
ANDHRA PRADESH,NARASARAOPET,KANNA LAKSHMI NARAYANA,BJP,0,GRADUATE,64,391360844,22561506
ANDHRA PRADESH,NARASARAOPET,KANTE SAYANNA,IND,0,GRADUATE,40,,
ANDHRA PRADESH,NARASARAOPET,NARASIMHARAO PARIMI,IND,1,ILLITERATE,31,451000,0
ANDHRA PRADESH,NARASARAOPET,RAYAPATI SAMBASIVA RAO,TDP,0,GRADUATE,75,437940180,1233171
ANDHRA PRADESH,NARASARAOPET,REDDYBOINA PRASANNA KUMAR,IND,0,5TH PASS,50,12500,0
ANDHRA PRADESH,NARASARAOPET,SHAIK NAYUB KAMAL,JANASENA PARTY,0,12TH PASS,50,,
ANDHRA PRADESH,NARASARAOPET,SURABHI DEVASAHAYAM,IUML,0,8TH PASS,47,423688,0
ANDHRA PRADESH,NARSAPURAM,KANUMURU RAGHU RAMA KRISHNA RAJU,YSRCP,3,POST GRADUATE,57,3259405378,1014467354
ANDHRA PRADESH,NARSAPURAM,DASARI KRISHNA MURTHY,INDIA PRAJA BANDHU PARTY,0,10TH PASS,32,703000,153000
ANDHRA PRADESH,NARSAPURAM,G S RAJU,SP,0,10TH PASS,51,1700000,0
ANDHRA PRADESH,NARSAPURAM,GANJI PURNIMA,RPI(A),0,GRADUATE,35,,
ANDHRA PRADESH,NARSAPURAM,GOTTUMUKKALA SHIVAJI,IND,0,POST GRADUATE,48,8084000,0
ANDHRA PRADESH,NARSAPURAM,GURUGUBILLI RAMBABU,MARXIST COMMUNIST PARTY OF INDIA (UNITED),0,5TH PASS,52,30000,0
ANDHRA PRADESH,NARSAPURAM,K.A.PAUL,PRAJA SHANTHI PARTY,2,12TH PASS,55,,
ANDHRA PRADESH,NARSAPURAM,KANUMURU BAPIRAJU,INC,1,10TH PASS,71,143319558,0
ANDHRA PRADESH,NARSAPURAM,NAGABABU KONIDELA,JANASENA PARTY,0,GRADUATE PROFESSIONAL,58,367820773,21678798
ANDHRA PRADESH,NARSAPURAM,NALLAM SURYA CHANDRA RAO,PYRAMID PARTY OF INDIA,0,GRADUATE,59,20935000,898000
ANDHRA PRADESH,NARSAPURAM,NALLI RAJESH,IND,6,10TH PASS,36,,
ANDHRA PRADESH,NARSAPURAM,PYDIKONDALA MANIKYALA RAO,BJP,3,12TH PASS,58,22392505,1242976
ANDHRA PRADESH,NARSAPURAM,VENKATA SIVARAMA RAJU VETUKURI,TDP,1,GRADUATE,48,60940339,0
ANDHRA PRADESH,NARSAPURAM,YELLA VENUGOPAL RAO,NAVA SAMAJ PARTY,0,POST GRADUATE,63,,
ANDHRA PRADESH,NELLORE,ADALA PRABHAKARA REDDY,YSRCP,0,12TH PASS,70,2211663364,152281255
ANDHRA PRADESH,NELLORE,BEEDA MASTHAN RAO,TDP,0,GRADUATE,60,1654392880,680973688
ANDHRA PRADESH,NELLORE,BUTTI NAGARAJU,IND,0,POST GRADUATE,49,,
ANDHRA PRADESH,NELLORE,CHANDRA RAJAGOPAL,CPI(M),2,10TH PASS,67,2353200,240000
ANDHRA PRADESH,NELLORE,CHEVURU DEVAKUMAR REDDY,INC,2,12TH PASS,61,73819429,3948741
ANDHRA PRADESH,NELLORE,CHINNI VENKATESWARLU,PYRAMID PARTY OF INDIA,0,LITERATE,67,,
ANDHRA PRADESH,NELLORE,DR. S. SURESH BABU,IND,0,DOCTORATE,42,9550548,0
ANDHRA PRADESH,NELLORE,KANKANALA PENCHALA NAIDU,IND,0,8TH PASS,33,,0
ANDHRA PRADESH,NELLORE,NARASAPURAM PRASAD,IND,0,OTHERS,50,8563000,0
ANDHRA PRADESH,NELLORE,SANNAPUREDDY SURESH REDDY,BJP,1,GRADUATE,58,28828964,700000
ANDHRA PRADESH,NELLORE,SHAIK MAHABOOB BASHA (MABU),RPI(A),1,GRADUATE PROFESSIONAL,35,,
ANDHRA PRADESH,ONGOLE,MAGUNTA SREENIVASULU REDDY,YSRCP,0,GRADUATE,65,266583686,91302133
ANDHRA PRADESH,ONGOLE,BELLAMKONDA SAIBABU,JANASENA PARTY,0,GRADUATE PROFESSIONAL,49,13866784,2472903
ANDHRA PRADESH,ONGOLE,BILLA CHENNAIAH,IND,0,12TH PASS,49,2837000,1846848
ANDHRA PRADESH,ONGOLE,DR SIRIVELLA PRASAD,INC,0,DOCTORATE,51,,
ANDHRA PRADESH,ONGOLE,KAVURI VENU BABU NAIDU,IND,0,10TH PASS,41,2291000,1050000
ANDHRA PRADESH,ONGOLE,KONDA PRAVEEN KUMAR,NAVODAYAM PARTY,0,10TH PASS,45,20000,0
ANDHRA PRADESH,ONGOLE,MADHU YATTAPU,IND,0,GRADUATE,33,,
ANDHRA PRADESH,ONGOLE,MARAM SRINIVASA REDDY,PRAJA SHANTHI PARTY,0,POST GRADUATE,27,52197,0
ANDHRA PRADESH,ONGOLE,SIDDA RAGHAVA RAO,TDP,0,GRADUATE,61,916836770,129414369
ANDHRA PRADESH,ONGOLE,THOGANTI SREENIVASULU,BJP,0,GRADUATE PROFESSIONAL,44,19563101,2920000
ANDHRA PRADESH,ONGOLE,VENKATESAN BABURAO,INDIA PRAJA BANDHU PARTY,0,GRADUATE,34,,
ANDHRA PRADESH,ONGOLE,VENKATESH VEPURI,IND,0,10TH PASS,32,41836,0
ANDHRA PRADESH,RAJAHMUNDRY,MARGANI BHARAT RAM,YSRCP,2,GRADUATE PROFESSIONAL,36,458205360,17814757
ANDHRA PRADESH,RAJAHMUNDRY,AKULA SATYANARAYANA,JANASENA PARTY,0,POST GRADUATE,55,673924565,461954372
ANDHRA PRADESH,RAJAHMUNDRY,BANDARU RAJESWARA RAO,JANA JAGRUTI PARTY,0,5TH PASS,59,205700,0
ANDHRA PRADESH,RAJAHMUNDRY,GEDDAM DAVID NELSON BABU,AMBEDKARITE PARTY OF INDIA,1,POST GRADUATE,60,,
ANDHRA PRADESH,RAJAHMUNDRY,KURUVELLA BHANU CHANDAR,IND,0,10TH PASS,34,40000,0
ANDHRA PRADESH,RAJAHMUNDRY,MEDA SRINIVASA RAO,RASHTRIYA PRAJA CONGRESS (SECULAR),2,POST GRADUATE,50,,
ANDHRA PRADESH,RAJAHMUNDRY,NALLURI VIJAYA SRINIVASA RAO,INC,0,12TH PASS,55,562700,261693
ANDHRA PRADESH,RAJAHMUNDRY,PARAVASTHU SATYA GOPINATH DAS,BJP,0,12TH PASS,48,3939990,0
ANDHRA PRADESH,RAJAHMUNDRY,SRINIVASA RAO SANGISETTI,PYRAMID PARTY OF INDIA,0,ILLITERATE,50,6835000,200000
ANDHRA PRADESH,RAJAHMUNDRY,VENU KOLLAPU,IND,1,GRADUATE,41,1330000,900000
ANDHRA PRADESH,RAJAMPET,P.V.MIDHUN REDDY,YSRCP,3,POST GRADUATE,42,665085701,205473477
ANDHRA PRADESH,RAJAMPET,ASADI VENKATADRI,RASHTRIYA KRANTIKARI SAMAJWADI PARTY,0,12TH PASS,61,850000,80000
ANDHRA PRADESH,RAJAMPET,D.A. SATHYA PRABHA,TDP,0,12TH PASS,68,2204833211,593275186
ANDHRA PRADESH,RAJAMPET,KARIMULLA KHAN PATTAN,NAVATARAM PARTY,0,POST GRADUATE,40,,
ANDHRA PRADESH,RAJAMPET,KHADER VALLI SHAIK,IUML,0,10TH PASS,35,25648000,444000
ANDHRA PRADESH,RAJAMPET,M.SHAJAHAN BASHA,INC,2,10TH PASS,48,27400500,5600000
ANDHRA PRADESH,RAJAMPET,MUKRAM SYED,JANASENA PARTY,0,10TH PASS,42,,
ANDHRA PRADESH,RAJAMPET,NARESH KUMAR POOJALA,IND,0,OTHERS,25,73786,0
ANDHRA PRADESH,SRIKAKULAM,RAMMOHANNAIDU KINJARAPU,TDP,1,POST GRADUATE,32,122791042,12000000
ANDHRA PRADESH,SRIKAKULAM,BETHA VIVEKANANDA MAHARAJ,IND,0,GRADUATE,33,133000,0
ANDHRA PRADESH,SRIKAKULAM,DOLA JAGAN MOHANA RAO,INC,0,POST GRADUATE,53,12390000,3846000
ANDHRA PRADESH,SRIKAKULAM,MATTA SATISH CHAKRAVARTHY,PYRAMID PARTY OF INDIA,0,POST GRADUATE,37,,
ANDHRA PRADESH,SRIKAKULAM,METTA RAMARAO,JANASENA PARTY,0,POST GRADUATE,53,63385326,0
ANDHRA PRADESH,SRIKAKULAM,NAIDUGARI RAJASEKHAR,IND,0,POST GRADUATE,35,41500,0
ANDHRA PRADESH,SRIKAKULAM,NAMBALLA KRISHNA MOHAN,IND,1,GRADUATE,44,,
ANDHRA PRADESH,SRIKAKULAM,PERLA SAMBA MURTHY,BJP,0,POST GRADUATE,58,375199993,120000000
ANDHRA PRADESH,TIRUPATI,BALLI DURGAPRASAD RAO,YSRCP,0,GRADUATE PROFESSIONAL,63,17426921,0
ANDHRA PRADESH,TIRUPATI,B RAMESH,VIDUTHALAI CHIRUTHAIGAL KATCHI,0,GRADUATE PROFESSIONAL,43,2124951,398000
ANDHRA PRADESH,TIRUPATI,BOMMI SRIHARI RAO,BJP,0,GRADUATE,44,,
ANDHRA PRADESH,TIRUPATI,CHINTA MOHAN,INC,0,GRADUATE PROFESSIONAL,64,22808300,2007093
ANDHRA PRADESH,TIRUPATI,DOCTOR DAGGUMATI SREEHARI RAO,BSP,0,GRADUATE PROFESSIONAL,52,6045000,5279699
ANDHRA PRADESH,TIRUPATI,K.S. MUNIRATHNAM,IND,0,OTHERS,65,,
ANDHRA PRADESH,TIRUPATI,KARRA SIVA,PYRAMID PARTY OF INDIA,0,12TH PASS,0,15000,0
ANDHRA PRADESH,TIRUPATI,KATTAMANCHI PRABHAKAR,IND,0,POST GRADUATE,51,326587,0
ANDHRA PRADESH,TIRUPATI,"NEERUGUTTU NAGESH, M.A., PHILOSOPHY",JANAPAALANA PARTY (DEMOCRATIC),0,POST GRADUATE,32,1338000,180000
ANDHRA PRADESH,TIRUPATI,PANABAKA LAKSHMI,TDP,0,DOCTORATE,60,94021818,0
ANDHRA PRADESH,TIRUPATI,VIRUVURU SUDHAKAR,VISHWA JANA PARTY,0,GRADUATE PROFESSIONAL,36,,
BYE ELECTION ON 17-04-2021 : ANDHRA PRADESH,TIRUPATI,MADDILA GURUMOORTHY,YSRCP,0,GRADUATE PROFESSIONAL,35,4725044,0
BYE ELECTION ON 17-04-2021 : ANDHRA PRADESH,TIRUPATI,ALLA. SIVAIAH,IND,0,10TH PASS,42,167000,0
BYE ELECTION ON 17-04-2021 : ANDHRA PRADESH,TIRUPATI,BAKKA SAILAJA,NAVARANG CONGRESS PARTY,0,GRADUATE,38,2690000,0
BYE ELECTION ON 17-04-2021 : ANDHRA PRADESH,TIRUPATI,BALAPAKEERAIAH ALIAS NANDYAL BALU,ANNA YSR CONGRESS PARTY,0,GRADUATE,40,,
BYE ELECTION ON 17-04-2021 : ANDHRA PRADESH,TIRUPATI,BANDARU NAGARAJU,PRAJA EKTHA PARTY,0,POST GRADUATE,26,365000,0
BYE ELECTION ON 17-04-2021 : ANDHRA PRADESH,TIRUPATI,BODDU VENKATA KRISHNAIAH,IND,0,POST GRADUATE,56,1271700,0
BYE ELECTION ON 17-04-2021 : ANDHRA PRADESH,TIRUPATI,C. PUNYAMOORTHY,IND,2,OTHERS,47,,
BYE ELECTION ON 17-04-2021 : ANDHRA PRADESH,TIRUPATI,CHINTA MOHAN,INC,0,GRADUATE PROFESSIONAL,66,23173300,1911420
BYE ELECTION ON 17-04-2021 : ANDHRA PRADESH,TIRUPATI,DOCTOR GODA RAMESH KUMAR,NAVATARAM PARTY,0,12TH PASS,37,46429,0
BYE ELECTION ON 17-04-2021 : ANDHRA PRADESH,TIRUPATI,GUNDAY PUNENDAR,IND,0,12TH PASS,25,30000,0
BYE ELECTION ON 17-04-2021 : ANDHRA PRADESH,TIRUPATI,MANAPATI CHAKRAVARTHI,IND,0,GRADUATE,39,,
BYE ELECTION ON 17-04-2021 : ANDHRA PRADESH,TIRUPATI,NANNAM DEENAIAH,IND,0,10TH PASS,45,947000,40000
BYE ELECTION ON 17-04-2021 : ANDHRA PRADESH,TIRUPATI,NEERUGUTTU NAGESH,IND,0,POST GRADUATE,33,2360000,450000
BYE ELECTION ON 17-04-2021 : ANDHRA PRADESH,TIRUPATI,NELLORE YADAGIRI,CPI(M),0,10TH PASS,54,,
BYE ELECTION ON 17-04-2021 : ANDHRA PRADESH,TIRUPATI,PALLE. NAGARAJU,INDIA PRAJA BANDHU PARTY,0,GRADUATE,49,1740000,400000
BYE ELECTION ON 17-04-2021 : ANDHRA PRADESH,TIRUPATI,PALLIPATI. RAJA,IND,0,GRADUATE,34,50000,0
BYE ELECTION ON 17-04-2021 : ANDHRA PRADESH,TIRUPATI,PERUPOGU VENKATESWARA RAO,IND,0,ILLITERATE,57,877028,211250
BYE ELECTION ON 17-04-2021 : ANDHRA PRADESH,TIRUPATI,S. RAJESH,IND,0,12TH PASS,29,25913,134917
BYE ELECTION ON 17-04-2021 : ANDHRA PRADESH,TIRUPATI,SANGATI. MANOHAR,MAHAJANA RAJYAM PARTY,0,OTHERS,46,,
BYE ELECTION ON 17-04-2021 : ANDHRA PRADESH,TIRUPATI,SHRI VENKATESHWARA MAHA SWAMIJI,HINDUSTAN JANTA PARTY,0,GRADUATE,35,374481101,370000000
BYE ELECTION ON 17-04-2021 : ANDHRA PRADESH,TIRUPATI,SYAMDHAN KURAPATI,AIHRA NATIONAL PARTY,1,GRADUATE,48,423865,885126
BYE ELECTION ON 17-04-2021 : ANDHRA PRADESH,TIRUPATI,THATIPARTHI BABU,IND,0,POST GRADUATE,35,,
BYE ELECTION ON 17-04-2021 : ANDHRA PRADESH,TIRUPATI,VELURU THEJOVATHI,ANDHRA RASTRA PRAJA SAMITHI,0,GRADUATE PROFESSIONAL,38,220000,0
ANDHRA PRADESH,VIJAYAWADA,SRINIVAS KESINENI,TDP,0,10TH PASS,53,808152415,512332955
ANDHRA PRADESH,VIJAYAWADA,ANDUKURI VIJAYA BHASKAR,INDIA PRAJA BANDHU PARTY,0,GRADUATE PROFESSIONAL,49,5000,0
ANDHRA PRADESH,VIJAYAWADA,BOLISETTY HARI BABU,IND,1,ILLITERATE,60,45608000,10944696
ANDHRA PRADESH,VIJAYAWADA,DILEEP KILARU,BJP,0,GRADUATE PROFESSIONAL,48,,
ANDHRA PRADESH,VIJAYAWADA,GANDHI DHANEKULA,IND,0,10TH PASS,71,10590000,800000
ANDHRA PRADESH,VIJAYAWADA,LURTHU MERI DAILA,MUNDADUGU PRAJA PARTY,0,12TH PASS,43,50000,0
ANDHRA PRADESH,VIJAYAWADA,MADABATHULA CHANDRA SEKHAR,PYRAMID PARTY OF INDIA,0,10TH PASS,31,,
ANDHRA PRADESH,VIJAYAWADA,MOHAMMAD ISHAQ,IND,0,12TH PASS,47,5276961,512010
ANDHRA PRADESH,VIJAYAWADA,MUTTAMASETTY LAKSHMANA SIVA PRASAD BABU,JANASENA PARTY,0,POST GRADUATE,66,33169811,137447
ANDHRA PRADESH,VIJAYAWADA,NARAHARISETTY NARASIMHA RAO,INC,1,GRADUATE PROFESSIONAL,58,19342702,6788257
ANDHRA PRADESH,VIJAYAWADA,PRASAD VEERA POTLURI,YSRCP,1,POST GRADUATE,48,3477616326,209577562
ANDHRA PRADESH,VIJAYAWADA,RIYAZ DADA MIYA SHAIK,IUML,0,10TH PASS,32,,
ANDHRA PRADESH,VIJAYAWADA,SIVA PRASAD PADALA,NAVARANG CONGRESS PARTY,0,10TH PASS,62,1650000,0
ANDHRA PRADESH,VISAKHAPATNAM,M V V SATYANARAYANA,YSRCP,1,10TH PASS,52,2030885624,160030959
ANDHRA PRADESH,VISAKHAPATNAM,ANMISH VARMA,IND,0,POST GRADUATE,26,75000,0
ANDHRA PRADESH,VISAKHAPATNAM,B. JAYA VENU GOPAL,PYRAMID PARTY OF INDIA,0,12TH PASS,30,95000,0
ANDHRA PRADESH,VISAKHAPATNAM,BHARAT MATHUKUMILLI,TDP,0,POST GRADUATE,29,,
ANDHRA PRADESH,VISAKHAPATNAM,DAGGUBATI PURANDESWARI,BJP,0,GRADUATE,58,324038450,34949036
ANDHRA PRADESH,VISAKHAPATNAM,DURGAPRASAD. GUNTU,IND,0,POST GRADUATE,51,3803500,497400
ANDHRA PRADESH,VISAKHAPATNAM,GAMPALA SOMASUNDARAM,IND,0,GRADUATE,76,,
ANDHRA PRADESH,VISAKHAPATNAM,GANNU MALLAYYA,IND,0,GRADUATE,70,2113580,0
ANDHRA PRADESH,VISAKHAPATNAM,GEORGE BANGARI,VIDUTHALAI CHIRUTHAIGAL KATCHI,0,GRADUATE PROFESSIONAL,46,1200000,500000
ANDHRA PRADESH,VISAKHAPATNAM,PEDADA RAMANIKUMARI,INC,0,POST GRADUATE,48,117936000,0
ANDHRA PRADESH,VISAKHAPATNAM,PULAPAKA RAJA SEKHAR,IND,0,GRADUATE,41,,
ANDHRA PRADESH,VISAKHAPATNAM,R. UDAYA GOWRI,IND,0,ILLITERATE,44,6110000,5543000
ANDHRA PRADESH,VISAKHAPATNAM,V.V. LAKSHMI NARAYANA,JANASENA PARTY,0,POST GRADUATE,53,86465496,0
ANDHRA PRADESH,VIZIANAGARAM,BELLANA CHANDRA SEKHAR,YSRCP,4,GRADUATE PROFESSIONAL,57,21035766,11130148
ANDHRA PRADESH,VIZIANAGARAM,ADIRAJU YEDLA,INC,0,POST GRADUATE,52,47214000,3088876
ANDHRA PRADESH,VIZIANAGARAM,ANANDSAGAR POGRU,SAMAANYA PRAJA PARTY,0,8TH PASS,55,4697147,1702000
ANDHRA PRADESH,VIZIANAGARAM,ASHOK GAJAPATHI RAJU PUSAPATI,TDP,0,12TH PASS,67,,
ANDHRA PRADESH,VIZIANAGARAM,DHANALAKOTI RAMANA,IND,0,POST GRADUATE,29,860000,0
ANDHRA PRADESH,VIZIANAGARAM,GOVINDA RAO LAGUDU,JANA JAGRUTI PARTY,0,DOCTORATE,40,,
ANDHRA PRADESH,VIZIANAGARAM,KOVVURI SURYA BHAVANI,PYRAMID PARTY OF INDIA,0,8TH PASS,38,1710000,0
ANDHRA PRADESH,VIZIANAGARAM,LINGALA CHIRANJEEVI,ANDHRA CHAITANYA PARTY,0,12TH PASS,28,330000,0
ANDHRA PRADESH,VIZIANAGARAM,PENTAPATI RAJESH,IND,0,OTHERS,39,50000,16000
ANDHRA PRADESH,VIZIANAGARAM,RAMU NAIDU YIJUROTHU,IND,0,10TH PASS,47,100000,0
ANDHRA PRADESH,VIZIANAGARAM,SANYASI RAJU PAKALAPATI,BJP,0,GRADUATE,60,,
ANDHRA PRADESH,VIZIANAGARAM,VENKATA TRINDHA RAO VELURI,IND,0,GRADUATE PROFESSIONAL,52,94198,0
ANDHRA PRADESH,VIZIANAGARAM,YELLA RAO SIYYADULA,IND,0,12TH PASS,37,57000,0
ARUNACHAL PRADESH,ARUNACHAL EAST,TAPIR GAO,BJP,0,POST GRADUATE,54,136628259,0
ARUNACHAL PRADESH,ARUNACHAL EAST,BANDEY MILI,JD(S),0,12TH PASS,38,12720974,0
ARUNACHAL PRADESH,ARUNACHAL EAST,C. C. SINGPHO,IND,0,GRADUATE,68,27303830,0
ARUNACHAL PRADESH,ARUNACHAL EAST,LOWANGCHA WANGLAT,INC,0,GRADUATE,69,,
ARUNACHAL PRADESH,ARUNACHAL EAST,MONGOL YOMSO,PEOPLES PARTY OF ARUNACHAL,0,12TH PASS,47,10452925,0
ARUNACHAL PRADESH,ARUNACHAL WEST,KIREN RIJIJU,BJP,0,GRADUATE PROFESSIONAL,47,15279000,0
ARUNACHAL PRADESH,ARUNACHAL WEST,JARJUM ETE,JD(S),0,POST GRADUATE,56,38265000,0
ARUNACHAL PRADESH,ARUNACHAL WEST,JOMIN NYOKIR KARA,AIFB,0,GRADUATE,38,23990000,0
ARUNACHAL PRADESH,ARUNACHAL WEST,KHYODA APIK,NPP,1,12TH PASS,42,,
ARUNACHAL PRADESH,ARUNACHAL WEST,NABAM TUKI,INC,1,GRADUATE,51,1002950534,204955775
ARUNACHAL PRADESH,ARUNACHAL WEST,RUMAK JOMOH,IND,0,GRADUATE PROFESSIONAL,32,,
ARUNACHAL PRADESH,ARUNACHAL WEST,SUBU KECHI,PEOPLES PARTY OF ARUNACHAL,0,GRADUATE PROFESSIONAL,45,1955000,0
ASSAM,AUTONOMOUS DISTRICT,HOREN SING BEY,BJP,2,GRADUATE,49,,
ASSAM,AUTONOMOUS DISTRICT,BIREN SINGH ENGTI,INC,0,POST GRADUATE,76,7866276,0
ASSAM,AUTONOMOUS DISTRICT,HOLIRAM TERANG,AUTONOMOUS STATE DEMAND COMMITTEE,0,GRADUATE,61,53785471,5000000
ASSAM,AUTONOMOUS DISTRICT,LIENKHOCHON,NPP,0,8TH PASS,39,6830962,1606436
ASSAM,BARPETA,ABDUL KHALEQUE,INC,0,POST GRADUATE,44,7398753,2703693
ASSAM,BARPETA,ARFAN ALI,IND,0,12TH PASS,37,4771389,0
ASSAM,BARPETA,AROON BAROOA,PURVANCHAL JANTA PARTY (SECULAR),0,POST GRADUATE,62,,
ASSAM,BARPETA,ASHAHAK ALI DEWAN,AITC,0,GRADUATE,65,1360000,0
ASSAM,BARPETA,BHADRESWAR BARMAN,NATIONAL REPUBLICAN CONGRESS,0,12TH PASS,45,80300,0
ASSAM,BARPETA,CHITRALEKHA DAS,SUCI(C),0,GRADUATE PROFESSIONAL,64,,
ASSAM,BARPETA,KUMAR DEEPAK DAS,ASOM GANA PARISHAD,1,GRADUATE PROFESSIONAL,66,23701000,1032000
ASSAM,BARPETA,MATIAR RAHMAN,THE NATIONAL ROAD MAP PARTY OF INDIA,0,10TH PASS,35,503696,0
ASSAM,BARPETA,RAFIQUL ISLAM,AIUDF,2,DOCTORATE,44,3389683,430436
ASSAM,BARPETA,REJAUL KARIM,RPI(A),0,10TH PASS,36,568374,450000
ASSAM,BARPETA,SANIARA PARBIN,VOTERS PARTY INTERNATIONAL,0,GRADUATE,29,,
ASSAM,BARPETA,SANTANU MUKHERJEE,BHARATIYA GANA PARISHAD,0,GRADUATE,44,1205081,0
ASSAM,DHUBRI,BADRUDDIN AJMAL,AIUDF,7,POST GRADUATE,63,788064044,10159381
ASSAM,DHUBRI,ABU TAHER BEPARI,INC,1,POST GRADUATE,52,37395652,2210543
ASSAM,DHUBRI,ALAKESH ROY,HINDUSTHAN NIRMAN DAL,0,GRADUATE,39,2540000,0
ASSAM,DHUBRI,ANAMIKA SARKAR,IND,0,POST GRADUATE,43,,
ASSAM,DHUBRI,JOHIRUL ISLAM KHAN,PURVANCHAL JANTA PARTY (SECULAR),0,GRADUATE,36,478362,0
ASSAM,DHUBRI,MEHBUBAR RAHMAN,RPI(A),0,10TH PASS,46,,
ASSAM,DHUBRI,MIR HUSSAIN SARKAR,IND,0,GRADUATE,28,168201,359305
ASSAM,DHUBRI,NRIPEN DAS,BHARATIYA NATIONAL JANTA DAL,0,10TH PASS,45,60000,0
ASSAM,DHUBRI,RUKUNUR ZAMAN,IND,0,8TH PASS,41,1290000,0
ASSAM,DHUBRI,SHAJAHAN SHEIKH,VOTERS PARTY INTERNATIONAL,0,POST GRADUATE,49,513496,0
ASSAM,DHUBRI,SHUKUR ALI,IND,0,12TH PASS,26,,
ASSAM,DHUBRI,SURAT JAMAN MONDAL,SUCI(C),0,GRADUATE,64,1661652,0
ASSAM,DHUBRI,UTTAM KUMAR RAY,IND,1,GRADUATE,36,63245,0
ASSAM,DHUBRI,ZABED ISLAM,ASOM GANA PARISHAD,0,GRADUATE,51,,
ASSAM,DIBRUGARH,RAMESWAR TELI,BJP,0,10TH PASS,48,4370067,0
ASSAM,DIBRUGARH,APURBA SAIKIA,IND,0,GRADUATE,44,613735,0
ASSAM,DIBRUGARH,BHABEN BARUAH,NPP,1,12TH PASS,59,17339652,0
ASSAM,DIBRUGARH,DR. TITUS BHENGRA,BAHUJAN MUKTI PARTY,0,DOCTORATE,60,,
ASSAM,DIBRUGARH,ISRAIL NANDA,IND,0,10TH PASS,62,8797182,1004704
ASSAM,DIBRUGARH,MD. NURUL HUDA IMDADUL ISLAM SAIKIA,IND,0,GRADUATE,51,7041827,1648
ASSAM,DIBRUGARH,PABAN SINGH GHATOWAR,INC,0,GRADUATE,67,,
ASSAM,DIBRUGARH,RUBUL BURAGOHAIN,IND,0,10TH PASS,43,103362,30000
ASSAM,GAUHATI,QUEEN OJA,BJP,0,GRADUATE,67,630219570,34034178
ASSAM,GAUHATI,ALIMUDDIN AHMED,IND,0,POST GRADUATE,47,7373200,2914356
ASSAM,GAUHATI,BOBBEETA SHARMA,INC,0,POST GRADUATE,52,162399812,17591733
ASSAM,GAUHATI,DR. AVIJIT CHAKRABORTY,BHARATIYA GANA PARISHAD,0,GRADUATE PROFESSIONAL,49,,
ASSAM,GAUHATI,DR. FARUK AHMED BHUYAN,IND,0,OTHERS,40,9272500,200000
ASSAM,GAUHATI,JUNMONI DEVI KHAUND,IND,0,POST GRADUATE,43,344270772,131643595
ASSAM,GAUHATI,MAMONI SARMA,PURVANCHAL JANTA PARTY (SECULAR),0,10TH PASS,55,,
ASSAM,GAUHATI,MANOJ SHARMA,AITC,5,10TH PASS,45,7300018,1833258
ASSAM,GAUHATI,PANKAJ DAS,SWARNA BHARAT PARTY,0,POST GRADUATE,48,59950517,2975976
ASSAM,GAUHATI,RAJIB KAKATI,HINDUSTHAN NIRMAN DAL,0,GRADUATE,46,6786796,2095250
ASSAM,GAUHATI,RATUL KUMAR CHOUDHURY,SP,0,GRADUATE,47,,
ASSAM,GAUHATI,RUBI NEOG,NATIONAL REPUBLICAN CONGRESS,0,GRADUATE,40,167000,0
ASSAM,GAUHATI,SADEK ALI,RPI(A),2,10TH PASS,48,2773226,0
ASSAM,GAUHATI,SRI SHANKHA SINHA,IND,0,12TH PASS,46,,
ASSAM,GAUHATI,UPAMANYU HAZARIKA,IND,0,GRADUATE PROFESSIONAL,53,64530377,2602358
ASSAM,GAUHATI,UTPAL BORGOHAIN,IND,0,GRADUATE,62,7796625,60000
ASSAM,JORHAT,TOPON KUMAR GOGOI,BJP,0,POST GRADUATE,50,12597461,455398
ASSAM,JORHAT,ARBIN KUMAR BORUAH,IND,0,10TH PASS,34,5857886,0
ASSAM,JORHAT,KAMALA RAJ KONWAR,NPP,0,10TH PASS,60,18839210,0
ASSAM,JORHAT,KANAK GOGOI,CPI,0,POST GRADUATE,42,,
ASSAM,JORHAT,NANDITA NAG,IND,0,POST GRADUATE,47,10558481,6000000
ASSAM,JORHAT,RAJ KUMAR DUWARA,AIFB,0,10TH PASS,53,1130000,0
ASSAM,JORHAT,RIBULAYA GOGOI,AITC,0,GRADUATE,38,,
ASSAM,JORHAT,SUSHANTA BORGOHAIN,INC,0,GRADUATE,44,21516244,0
ASSAM,KALIABOR,GAURAV GOGOI,INC,0,POST GRADUATE,36,13727834,1250000
ASSAM,KALIABOR,ABDUL AZIZ,NPP,0,GRADUATE,60,3594488,0
ASSAM,KALIABOR,MD. HARIQUL ISLAM BHUYAN,ASOM JANA MORCHA,0,GRADUATE PROFESSIONAL,51,,
ASSAM,KALIABOR,MONI MADHAB MAHANTA,ASOM GANA PARISHAD,0,POST GRADUATE,41,2750757,0
ASSAM,KALIABOR,SHREE DIGANTA KUMAR SAIKIA,HINDUSTHAN NIRMAN DAL,1,10TH PASS,48,16212412,0
ASSAM,KALIABOR,SRI BHASKAR SARMAH,IND,0,12TH PASS,33,,
ASSAM,KALIABOR,SRI JITEN GOGOI,IND,1,8TH PASS,57,90303570,1100000
ASSAM,KARIMGANJ,KRIPANATH MALLAH,BJP,0,GRADUATE,46,1871040,0
ASSAM,KARIMGANJ,AJOY KUMAR SARKAR,AIFB,0,12TH PASS,64,288098,0
ASSAM,KARIMGANJ,ANUPAM SINGHA,IND,0,12TH PASS,34,190360,0
ASSAM,KARIMGANJ,CHANDAN DAS,AITC,0,12TH PASS,27,,
ASSAM,KARIMGANJ,HIRALAL RABIDAS,IND,0,8TH PASS,43,5453171,0
ASSAM,KARIMGANJ,NIKHIL RANJAN DAS,HINDUSTHAN NIRMAN DAL,0,10TH PASS,50,,
ASSAM,KARIMGANJ,PARIKSHIT ROY,IND,0,10TH PASS,48,790000,0
ASSAM,KARIMGANJ,PROBASH CHANDRA SARKAR,SUCI(C),0,12TH PASS,47,143000,0
ASSAM,KARIMGANJ,RADHESHYAM BISWAS,AIUDF,0,12TH PASS,66,12170204,0
ASSAM,KARIMGANJ,RAJU DAS,IND,0,GRADUATE,43,717404,0
ASSAM,KARIMGANJ,RAMNARAYAN SUKLABAIDYA,IND,0,5TH PASS,59,,
ASSAM,KARIMGANJ,SATYAJIT DAS,IND,0,10TH PASS,35,80000,50000
ASSAM,KARIMGANJ,SWARUP DAS,INC,1,GRADUATE,37,9106386,4782191
ASSAM,KOKRAJHAR,NABA KUMAR SARANIA,IND,5,12TH PASS,50,,
ASSAM,KOKRAJHAR,BIRAJ DEKA,CPI(M),0,POST GRADUATE,26,1533900,248000
ASSAM,KOKRAJHAR,CHARAN ISWARY,PURVANCHAL JANTA PARTY (SECULAR),0,10TH PASS,39,565596,25000
ASSAM,KOKRAJHAR,PRAMILA RANI BRAHMA,BODOLAND PEOPLES FRONT,0,GRADUATE,69,44714985,0
ASSAM,KOKRAJHAR,PRASANJIT KUMAR DAS,IND,0,10TH PASS,32,496809,0
ASSAM,KOKRAJHAR,RAJESH NARZARY,VOTERS PARTY INTERNATIONAL,0,12TH PASS,45,,
ASSAM,KOKRAJHAR,RANJOY KR. BRAHMA,IND,0,POST GRADUATE,30,102438,0
ASSAM,KOKRAJHAR,SABDA RAM RABHA,INC,0,GRADUATE PROFESSIONAL,50,5327404,200000
ASSAM,LAKHIMPUR,PRADAN BARUAH,BJP,0,12TH PASS,53,,
ASSAM,LAKHIMPUR,AMIYA KUMAR HANDIQUE,CPI(M),0,POST GRADUATE,65,633000,0
ASSAM,LAKHIMPUR,ANIL BORGOHAIN,INC,0,10TH PASS,51,51185000,0
ASSAM,LAKHIMPUR,ANUP PRATIM BORBARUAH,NCP,0,POST GRADUATE,51,,
ASSAM,LAKHIMPUR,ARUP KALITA,CPI,0,GRADUATE PROFESSIONAL,51,2519069,0
ASSAM,LAKHIMPUR,BHUPEN NARAH,VOTERS PARTY INTERNATIONAL,0,POST GRADUATE,56,746500,0
ASSAM,LAKHIMPUR,DILIP MORAN,ASSAM DRISTI PARTY,0,12TH PASS,52,,
ASSAM,LAKHIMPUR,HEM KANTA MIRI,SUCI(C),0,GRADUATE PROFESSIONAL,37,256271,0
ASSAM,LAKHIMPUR,MD AMBAZ UDDIN,IND,0,10TH PASS,51,100000,0
ASSAM,LAKHIMPUR,PROBHU LAL VAISNAVA,IND,0,12TH PASS,44,1900000,324000
ASSAM,LAKHIMPUR,UBAIDUR RAHMAN,ASOM JANA MORCHA,0,5TH PASS,36,2690160,0
ASSAM,MANGALDOI,SHRI DILIP SAIKIA,BJP,0,GRADUATE,45,6206286,0
ASSAM,MANGALDOI,AINUL HAQUE,ASOM JANA MORCHA,0,10TH PASS,36,2000000,0
ASSAM,MANGALDOI,BHUBANESWAR KALITA,INC,0,POST GRADUATE,67,126699173,0
ASSAM,MANGALDOI,GANDHESWAR MOCHAHARI,VOTERS PARTY INTERNATIONAL,0,12TH PASS,47,,
ASSAM,MANGALDOI,JAYANTA KUMAR KALITA,IND,0,GRADUATE,41,4160000,155000
ASSAM,MANGALDOI,KAZI NEKIB AHMED,IND,0,GRADUATE,60,17022000,0
ASSAM,MANGALDOI,MANI RAM BASUMATARI,HINDUSTHAN NIRMAN DAL,0,10TH PASS,41,,
ASSAM,MANGALDOI,PRODEEP KUMAR DAIMARY,IND,0,POST GRADUATE,55,1035500,0
ASSAM,MANGALDOI,SUDHENDU MOHAN TALUKDAR,AITC,0,GRADUATE,43,3840000,1430957
ASSAM,MANGALDOI,SWARNALATA CHALIHA,SUCI(C),0,POST GRADUATE,44,32900,0
ASSAM,NAWGONG,PRADYUT BORDOLOI,INC,0,POST GRADUATE,59,74143272,4011152
ASSAM,NAWGONG,AZGOR ALI,PURVANCHAL JANTA PARTY (SECULAR),0,10TH PASS,38,950000,0
ASSAM,NAWGONG,SAHADEB DAS,AITC,1,POST GRADUATE,54,,
ASSAM,NAWGONG,SAIFUL ISLAM CHOUDHURY,ASOM JANA MORCHA,0,GRADUATE PROFESSIONAL,52,9421596,1264426
ASSAM,NAWGONG,SRI RUPAK SHARMA,BJP,0,GRADUATE,46,62717347,7224404
ASSAM,NAWGONG,SUKANTA MAZUMDAR,BHARATIYA GANA PARISHAD,0,12TH PASS,36,,
ASSAM,NAWGONG,ZAKIR HUSSAIN,IND,0,GRADUATE,43,4185000,0
ASSAM,SILCHAR,RAJDEEP ROY,BJP,0,POST GRADUATE,48,,
ASSAM,SILCHAR,ASHITAVA DUTTA,IND,0,POST GRADUATE,44,460000,202952
ASSAM,SILCHAR,ASHUTOSH BHATTACHARJEE,IND,0,10TH PASS,42,397019,800000
ASSAM,SILCHAR,BADRUL ISLAM BARBHUIYA,AIFB,0,GRADUATE,44,,
ASSAM,SILCHAR,HITABRATA ROY,AITC,0,GRADUATE PROFESSIONAL,76,3365000,0
ASSAM,SILCHAR,MOHENDRA CHANDRA DAS,IND,0,8TH PASS,44,162949,0
ASSAM,SILCHAR,NAZIA YASMIN MAZUMDAR,NPP,0,GRADUATE PROFESSIONAL,38,,
ASSAM,SILCHAR,NAZMUL HAQUE LASKAR,IND,0,10TH PASS,48,519748,0
ASSAM,SILCHAR,PURAN LAL GOALA,IND,0,10TH PASS,29,410761,0
ASSAM,SILCHAR,SABINDRA DAS,IND,0,LITERATE,48,128684,0
ASSAM,SILCHAR,SHUVADIP DATTA,IND,0,12TH PASS,53,7370000,500000
ASSAM,SILCHAR,SHYAM DEO KURMI,SUCI(C),0,POST GRADUATE,66,,
ASSAM,SILCHAR,SMT. SUSHMITA DEV,INC,1,POST GRADUATE,46,106707145,19405127
ASSAM,TEZPUR,PALLAB LOCHAN DAS,BJP,0,GRADUATE,41,14445139,0
ASSAM,TEZPUR,BIJOY KUMAR TIRU,IND,0,GRADUATE,68,4136542,100000
ASSAM,TEZPUR,M.G.V.K. BHANU,INC,0,POST GRADUATE,60,82846198,0
ASSAM,TEZPUR,MAHENDRA BHUYAN,NCP,2,GRADUATE,67,,
ASSAM,TEZPUR,MAHENDRA ORANG,VOTERS PARTY INTERNATIONAL,0,10TH PASS,41,40000,0
ASSAM,TEZPUR,RAM BAHADUR SUNAR,NPP,0,GRADUATE PROFESSIONAL,50,,
ASSAM,TEZPUR,ZIABUR RAHMAN KHAN,IND,2,10TH PASS,36,2227138,193616
BIHAR,ARARIA,PRADEEP KUMAR SINGH,BJP,3,10TH PASS,52,,
BIHAR,ARARIA,ABDUL WAHID KHAN,IND,1,10TH PASS,69,1545000,119028
BIHAR,ARARIA,MD MATIN,IND,1,LITERATE,31,602510,0
BIHAR,ARARIA,MD MINHAZ ALAM,IND,0,10TH PASS,33,,
BIHAR,ARARIA,MD MOBINUL HAQUE,IND,0,POST GRADUATE,46,572000,0
BIHAR,ARARIA,MUKESH SINGH,IND,0,8TH PASS,36,1240800,0
BIHAR,ARARIA,RAM NARAYAN BHARTI,BSP,0,POST GRADUATE,46,6916000,1000000
BIHAR,ARARIA,RAMANAND RISHIDEO,IND,0,12TH PASS,66,50000,0
BIHAR,ARARIA,SHAHEEN PRAVEEN,IND,1,OTHERS,28,12421636,300000
BIHAR,ARARIA,SUDAMA SINGH,BIHAR LOK NIRMAN DAL,2,10TH PASS,54,5695500,99000
BIHAR,ARARIA,TARACHAND PASWAN,BAHUJAN MUKTI PARTY,2,10TH PASS,60,,
BIHAR,ARRAH,R. K. SINGH,BJP,1,GRADUATE PROFESSIONAL,66,79971720,0
BIHAR,ARRAH,ANIL KUMAR SINGH,PRAGATISHIL SAMAJWADI PARTY (LOHIA),0,DOCTORATE,66,2778737,3008344
BIHAR,ARRAH,BHARAT BHUSHAN PANDEY,AKHIL BHARATIYA JAN SANGH,0,DOCTORATE,45,2217678,160000
BIHAR,ARRAH,DR. KUMAR SHEELBHADRA,IND,0,POST GRADUATE,53,,
BIHAR,ARRAH,KRISHNA PASWAN,BHARTIYA KRANTI VIR PARTY,1,12TH PASS,48,1441500,65000
BIHAR,ARRAH,LAKSHAMAN KUMAR OJHA,IND,0,GRADUATE,48,33675230,10500000
BIHAR,ARRAH,MANOJ YADAV,BSP,0,GRADUATE,38,,
BIHAR,ARRAH,RAJ GIRI BHAGAT,SHOSHIT SAMAJ DAL,0,12TH PASS,70,4437819,0
BIHAR,ARRAH,RAM RAJ SINGH,IND,0,GRADUATE,61,15378047,0
BIHAR,ARRAH,SHIV DAS SINGH,IND,0,12TH PASS,80,3196572,0
BIHAR,AURANGABAD,SUSHIL KUMAR SINGH,BJP,3,POST GRADUATE,53,167895109,3746607
BIHAR,AURANGABAD,AVINASH KUMAR,PEOPLES PARTY OF INDIA (DEMOCRATIC),0,POST GRADUATE,35,3717856,0
BIHAR,AURANGABAD,DHIRENDRA KUMAR SINGH,IND,0,GRADUATE,62,8389250,0
BIHAR,AURANGABAD,DR DHARMENDRA KUMAR,AKHIL HIND FORWARD BLOC (KRANTIKARI),1,GRADUATE,42,,
BIHAR,AURANGABAD,NARESH YADAV,BSP,5,LITERATE,34,12674177,824000
BIHAR,AURANGABAD,SANTOSH KUMAR SINHA,IND,0,GRADUATE,43,1275000,0
BIHAR,AURANGABAD,SOM PRAKASH,SWARAJ PARTY (LOKTANTRIK),0,GRADUATE,46,,
BIHAR,AURANGABAD,UPENDRA PRASAD,HINDUSTANI AWAM MORCHA (SECULAR),0,POST GRADUATE,55,20394370,471998
BIHAR,BANKA,GIRIDHARI YADAV,JD(U),1,POST GRADUATE,58,19816050,405701
BIHAR,BANKA,AMARJEET KUMAR,IND,4,12TH PASS,34,6940000,2250000
BIHAR,BANKA,JAI PRAKASH NARAYAN YADAV,RJD,2,POST GRADUATE,65,,
BIHAR,BANKA,KAILASH PRASAD SINGH,PRAGATISHIL SAMAJWADI PARTY (LOHIA),0,GRADUATE PROFESSIONAL,54,3861163,0
BIHAR,BANKA,MANOJ KUMAR SAH,IND,0,10TH PASS,44,41500,0
BIHAR,BANKA,MD. MUKHTAR ALAM,IND,0,8TH PASS,32,,
BIHAR,BANKA,MD. RAFIQUE ALAM,BSP,1,GRADUATE,50,16862361,97503
BIHAR,BANKA,MP YADAV,IND,0,8TH PASS,50,2636099,32884
BIHAR,BANKA,NARESH YADAV,IND,0,LITERATE,35,2147807,90000
BIHAR,BANKA,NEELU DEVI,BHARTIYA DALIT PARTY,0,8TH PASS,43,3752672,0
BIHAR,BANKA,PAWAN THAKUR,IND,0,10TH PASS,42,,
BIHAR,BANKA,PHESAL ANSARI,BHARATIYA MOMIN FRONT,0,8TH PASS,26,2245200,0
BIHAR,BANKA,PRAMOD SINGH WELDONE,IND,4,10TH PASS,50,31315852,81524
BIHAR,BANKA,PRAVIN KUMAR JHA,IND,0,12TH PASS,46,,
BIHAR,BANKA,PUTUL KUMARI,IND,3,POST GRADUATE,61,53801629,1700000
BIHAR,BANKA,RAJKISHOR PRASAD,JMM,2,12TH PASS,42,173443409,7359160
BIHAR,BANKA,SYED ALAMDAR HUSSAIN,IND,1,12TH PASS,43,3895000,0
BIHAR,BANKA,UMAKANT YADAV,IND,0,GRADUATE PROFESSIONAL,68,1076000,0
BIHAR,BEGUSARAI,GIRIRAJ SINGH,BJP,6,GRADUATE,66,83024577,12236000
BIHAR,BEGUSARAI,AMAR KUMAR,IND,1,LITERATE,31,4300000,0
BIHAR,BEGUSARAI,DHIRAJ NARAIN,IND,0,12TH PASS,78,130000,0
BIHAR,BEGUSARAI,GAURAV KUMAR,BHARTIYA LOKMAT RASHTRWADI PARTY,0,POST GRADUATE,29,,
BIHAR,BEGUSARAI,KANHAIYA KUMAR,CPI,5,DOCTORATE,32,557848,0
BIHAR,BEGUSARAI,MAKSUDAN PASWAN,BAHUJAN MUKTI PARTY,0,LITERATE,57,,
BIHAR,BEGUSARAI,MD. TANWEER HASSAN,RJD,1,DOCTORATE,59,15483136,1446000
BIHAR,BEGUSARAI,SAURABH,IND,0,12TH PASS,27,2017370,0
BIHAR,BEGUSARAI,UMESH PATEL,SHOSHIT SAMAJ DAL,0,10TH PASS,57,2753500,0
BIHAR,BHAGALPUR,AJAY KUMAR MANDAL,JD(U),0,8TH PASS,41,6801126,5364747
BIHAR,BHAGALPUR,ABHISHEK PRIYADARSHI,IND,0,12TH PASS,37,9709948,4070000
BIHAR,BHAGALPUR,DEEPAK KUMAR,SUCI(C),0,OTHERS,39,,
BIHAR,BHAGALPUR,MOHAMMAD ASHIQ IBRAHIMI,BSP,1,DOCTORATE,67,1772515,0
BIHAR,BHAGALPUR,NURULLAH,IND,0,GRADUATE,43,11289304,0
BIHAR,BHAGALPUR,SATYENDRA KUMAR,AAP,0,GRADUATE PROFESSIONAL,47,,
BIHAR,BHAGALPUR,SHAILESH KUMAR,RJD,0,12TH PASS,43,30364808,2180647
BIHAR,BHAGALPUR,SUNIL KUMAR,IND,0,GRADUATE PROFESSIONAL,53,12329000,2300000
BIHAR,BUXAR,ASHWINI KUMAR CHOUBEY,BJP,3,GRADUATE,66,40183612,1350667
BIHAR,BUXAR,ANIL KUMAR,JANTANTRIK VIKAS PARTY,22,GRADUATE,46,162240912,13103750
BIHAR,BUXAR,ANIL KUMAR RAI,RASHTRIYA DAL UNITED,3,POST GRADUATE,56,11457400,168000
BIHAR,BUXAR,ARVIND KUMAR PANDEY,IND,0,POST GRADUATE,33,,
BIHAR,BUXAR,BINOD KUMAR BIKRANT,PEOPLES PARTY OF INDIA (DEMOCRATIC),0,POST GRADUATE,43,465000,0
BIHAR,BUXAR,DHANJIT SINGH,VOTERS PARTY INTERNATIONAL,4,12TH PASS,43,,
BIHAR,BUXAR,JAGADANAND SINGH,RJD,1,GRADUATE PROFESSIONAL,75,35871242,530000
BIHAR,BUXAR,JAY PRAKASH RAM,IND,0,12TH PASS,26,478000,0
BIHAR,BUXAR,RANJIT SINGH,IND,2,12TH PASS,75,24344242,500000
BIHAR,BUXAR,RAVI RAJ,PRAGATISHIL SAMAJWADI PARTY (LOHIA),0,POST GRADUATE,40,6957512,2800000
BIHAR,BUXAR,SANTOSH KUMAR YADAV,BAHUJAN MUKTI PARTY,1,12TH PASS,46,,
BIHAR,BUXAR,SUSHIL KUMAR SINGH,BSP,1,GRADUATE PROFESSIONAL,50,9632514,265000
BIHAR,BUXAR,UDAY NARAYAN RAI,SUHELDEV BHARTIYA SAMAJ PARTY,0,GRADUATE,34,695070,0
BIHAR,DARBHANGA,GOPALJEE THAKUR,BJP,0,POST GRADUATE,49,,
BIHAR,DARBHANGA,ABDUL AJIJ,IND,2,8TH PASS,69,435000,0
BIHAR,DARBHANGA,ABDUL BARI SIDDIQUI,RJD,0,12TH PASS,67,21127716,911152
BIHAR,DARBHANGA,MD. MUKHTAR,BSP,1,LITERATE,54,7761074,120000
BIHAR,DARBHANGA,PANKAJ KUMAR SINGH,IND,0,10TH PASS,44,632125,0
BIHAR,DARBHANGA,SAGUNI RAY,IND,0,LITERATE,58,,
BIHAR,DARBHANGA,SANJAY PASWAN,IND,1,10TH PASS,45,464226,0
BIHAR,DARBHANGA,SAROJ KUMAR CHAUDHARY,MITHILANCHAL MUKTI MORCHA,3,10TH PASS,42,3452000,0
BIHAR,GAYA,VIJAY KUMAR,JD(U),3,12TH PASS,55,,
BIHAR,GAYA,DAYANAND RAJWANSHI,MOOLNIWASI SAMAJ PARTY,0,POST GRADUATE,27,414000,0
BIHAR,GAYA,DILIP KUMAR,BSP,0,GRADUATE,48,1822000,166454
BIHAR,GAYA,DIN DAYAL BHARTI,NCP,0,12TH PASS,47,,
BIHAR,GAYA,GIRIDHAR SAPERA,BHARATIYA RASHTRIYA MORCHA,0,12TH PASS,38,602000,0
BIHAR,GAYA,JITAN RAM MANJHI,HINDUSTANI AWAM MORCHA (SECULAR),3,GRADUATE,73,3594156,61622
BIHAR,GAYA,PRAKASH CHANDRA,PUBLIC MISSION PARTY,0,GRADUATE,53,,
BIHAR,GAYA,RAJESH KUMAR PASWAN,AAM JANTA PARTY RASHTRIYA,0,10TH PASS,38,986000,500000
BIHAR,GAYA,RAKESH CHAUDHARI,MOULIK ADHIKAR PARTY,0,12TH PASS,46,3534000,218000
BIHAR,GAYA,SUNIL PASWAN,BHARAT BHRASHTACHAR MITAO PARTY,0,10TH PASS,52,1694622,0
BIHAR,GAYA,UMESH RAJAK,PEOPLES PARTY OF INDIA (DEMOCRATIC),0,GRADUATE PROFESSIONAL,49,135315,0
BIHAR,GAYA,VIJAY KUMAR CHAUDHARI,JANTA DAL RASHTRAVADI,0,POST GRADUATE,49,4545813,559100
BIHAR,GOPALGANJ,DR. ALOK KUMAR SUMAN,JD(U),0,POST GRADUATE,61,32739903,3576376
BIHAR,GOPALGANJ,AJAY PASWAN,SHS,2,GRADUATE,46,9352000,0
BIHAR,GOPALGANJ,DILIP KUMAR MANJHI,IND,0,GRADUATE,44,11019000,0
BIHAR,GOPALGANJ,DINANATH MANJHI,IND,0,GRADUATE,40,,
BIHAR,GOPALGANJ,GAYA RAM,IND,0,POST GRADUATE,66,7302000,0
BIHAR,GOPALGANJ,KUNAL KISHORE VIVEK,BSP,0,POST GRADUATE,29,,
BIHAR,GOPALGANJ,OM PRAKASH MANJHI,JAI PRAKASH JANATA DAL,1,LITERATE,37,2634834,0
BIHAR,GOPALGANJ,RAM KUMAR MANJHI,IND,0,GRADUATE,39,2860000,0
BIHAR,GOPALGANJ,SURENDRA RAM S/O GANESH RAM,RJD,1,GRADUATE,41,8195606,21600
BIHAR,GOPALGANJ,SURENDRA RAM S/O LATE CHANDRADEV RAM,IND,3,LITERATE,46,4069000,50000
BIHAR,GOPALGANJ,UMA SHANKAR KHARWAR,IND,0,GRADUATE PROFESSIONAL,64,,
BIHAR,HAJIPUR,PASHUPATI KUMAR PARAS,LJP,1,GRADUATE PROFESSIONAL,66,,
BIHAR,HAJIPUR,ARVIND PASWAN,IND,0,12TH PASS,33,1205263,47000
BIHAR,HAJIPUR,BALENDRA DAS,JAI PRAKASH JANATA DAL,2,POST GRADUATE,47,1291243,120000
BIHAR,HAJIPUR,DASAI CHAUDHARY,NCP,0,GRADUATE,67,,
BIHAR,HAJIPUR,JIBAS PASWAN,SUCI(C),1,10TH PASS,45,543600,50000
BIHAR,HAJIPUR,KUMARI AASHIKI,SATHI AUR AAPKA FAISALA PARTY,0,GRADUATE PROFESSIONAL,30,3142887,0
BIHAR,HAJIPUR,RAJ KUMAR PASWAN,IND,0,12TH PASS,32,27000,0
BIHAR,HAJIPUR,RAJGIR PASWAN,BAJJIKANCHAL VIKAS PARTY,0,LITERATE,41,1082600,0
BIHAR,HAJIPUR,SHIWANI KANT,IND,0,GRADUATE,32,4532567,1556750
BIHAR,HAJIPUR,UMESH DAS,BSP,0,10TH PASS,47,11021433,1500000
BIHAR,JAHANABAD,CHANDESHWAR PRASAD,JD(U),3,10TH PASS,68,139271693,0
BIHAR,JAHANABAD,ARBIND KUMAR,RAJNAITIK VIKALP PARTY,1,DOCTORATE,68,912002858,1292562
BIHAR,JAHANABAD,ARUN KUMAR,RASHTRIYA SAMTA PARTY (SECULAR),3,DOCTORATE,60,69473960,1115692
BIHAR,JAHANABAD,AVINASH KUMAR,BHARATIYA BAHUJAN CONGRESS,0,GRADUATE,27,,
BIHAR,JAHANABAD,CHANDRA PRAKASH,IND,0,POST GRADUATE,37,12502946,8500000
BIHAR,JAHANABAD,KUNTI DEVI,CPI(ML)(L),5,LITERATE,54,,
BIHAR,JAHANABAD,MIRA KUMARI YADAV,SHOSHIT SAMAJ DAL,0,GRADUATE,41,61482,0
BIHAR,JAHANABAD,NITYANAND SINGH,BSP,3,12TH PASS,38,36929975,698096
BIHAR,JAHANABAD,RAMJEE KEWAT,RASHTRIYA MAHAN GANTANTRA PARTY,0,12TH PASS,56,5432000,0
BIHAR,JAHANABAD,SUNIL KUMAR,PEOPLES PARTY OF INDIA (DEMOCRATIC),0,GRADUATE,38,2553613,0
BIHAR,JAHANABAD,SURENDRA PRASAD YADAV,RJD,8,POST GRADUATE,60,,
BIHAR,JAHANABAD,UMA SHANKAR VERMA,SUCI(C),0,GRADUATE,40,4056240,0
BIHAR,JAMUI,CHIRAG KUMAR PASWAN,LJP,1,GRADUATE PROFESSIONAL,37,18466066,0
BIHAR,JAMUI,AJAY KUMAR,BHARTIYA DALIT PARTY,1,POST GRADUATE,31,64000,0
BIHAR,JAMUI,BALMIKI PASWAN,HINDUSTHAN NIRMAN DAL,0,GRADUATE,60,12704335,1600
BIHAR,JAMUI,BHUDEO CHOUDHARY,RASHTRIYA LOK SAMTA PARTY,3,GRADUATE,56,,
BIHAR,JAMUI,PANKAJ KUMAR DAS,SUCI(C),0,12TH PASS,35,824836,0
BIHAR,JAMUI,SUBHASH PASWAN,IND,0,GRADUATE,51,,
BIHAR,JAMUI,VIRENDRA KUMAR,IND,0,GRADUATE,60,21537694,555000
BIHAR,JAMUI,VISHNU PRIYA,BAHUJAN MUKTI PARTY,0,GRADUATE,32,8810000,0
BIHAR,JHANJHARPUR,RAMPRIT MANDAL,JD(U),1,10TH PASS,63,88119686,1000000
BIHAR,JHANJHARPUR,BABLU GUPTA,IND,1,10TH PASS,26,2053000,0
BIHAR,JHANJHARPUR,BIPIN KUMAR SINGHWAIT,IND,0,GRADUATE PROFESSIONAL,29,5582385,940000
BIHAR,JHANJHARPUR,CHHEDI RAM,BHARTIYA MITRA PARTY,0,LITERATE,40,,
BIHAR,JHANJHARPUR,DEVENDRA PRASAD YADAV,SAMAJWADI JANATA DAL DEMOCRATIC,0,GRADUATE,65,11423806,0
BIHAR,JHANJHARPUR,GANGA PRASAD YADAV,PEOPLES PARTY OF INDIA (DEMOCRATIC),1,8TH PASS,36,2062000,0
BIHAR,JHANJHARPUR,GANPATI JHA,IND,2,10TH PASS,53,,
BIHAR,JHANJHARPUR,GULAB YADAV,RJD,2,LITERATE,51,96821512,16777175
BIHAR,JHANJHARPUR,LAKSHMAN PRASAD YADAV,RPI(A),0,12TH PASS,34,4082100,0
BIHAR,JHANJHARPUR,PRABHAT PRASAD,SUHELDEV BHARTIYA SAMAJ PARTY,0,12TH PASS,65,3154218,0
BIHAR,JHANJHARPUR,RAJ KUMAR SINGH,BSP,0,GRADUATE PROFESSIONAL,63,79900219,100000
BIHAR,JHANJHARPUR,RAMANAND THAKUR,SHS,1,POST GRADUATE,48,,
BIHAR,JHANJHARPUR,RAMESH KAMAT,AAM ADHIKAR MORCHA,0,POST GRADUATE,32,1656261,1411261
BIHAR,JHANJHARPUR,RATNESHWAR JHA,AADARSH MITHILA PARTY,0,12TH PASS,55,,
BIHAR,JHANJHARPUR,SANJAY BHARTIA,IND,0,POST GRADUATE,31,1165326,0
BIHAR,JHANJHARPUR,SURENDRA PRASAD SUMAN,AIFB,0,GRADUATE,51,10855000,0
BIHAR,KARAKAT,MAHABALI SINGH,JD(U),3,8TH PASS,64,43442051,3000000
BIHAR,KARAKAT,ABHIRAM PRIYADARSHI,IND,0,10TH PASS,30,535000,0
BIHAR,KARAKAT,ARIF ISAIN HUSAIN,JANTA DAL RASHTRAVADI,0,GRADUATE,38,240000,0
BIHAR,KARAKAT,BASUDEO HAZARIKA,IND,0,8TH PASS,54,,
BIHAR,KARAKAT,DHARMENDRA SINGH,IND,0,GRADUATE,48,31715000,500000
BIHAR,KARAKAT,GHANSHYAM TIWARI,SP,0,POST GRADUATE,39,6792703,4580000
BIHAR,KARAKAT,GORAKH RAM,VOTERS PARTY INTERNATIONAL,3,POST GRADUATE,48,,
BIHAR,KARAKAT,JYOTI RASHMI,RASHTRA SEWA DAL,4,12TH PASS,35,18026562,1180000
BIHAR,KARAKAT,KAMLESH RAM (PRASAD),SUHELDEV BHARTIYA SAMAJ PARTY,0,8TH PASS,42,411000,0
BIHAR,KARAKAT,MAMTA PANDEY,RASHTRIYA SAMTA PARTY (SECULAR),0,12TH PASS,43,3945000,50000
BIHAR,KARAKAT,MANOJ SINGH KUSHVAHA,JAI PRAKASH JANATA DAL,3,GRADUATE PROFESSIONAL,45,,
BIHAR,KARAKAT,MOHAMMAD ATAHAR HUSSAIN,AMBEDKAR NATIONAL CONGRESS,0,POST GRADUATE,48,621955,299896
BIHAR,KARAKAT,NAND KISHOR YADAV,SWARAJ PARTY (LOKTANTRIK),0,GRADUATE,50,20000000,0
BIHAR,KARAKAT,NEELAM KUMARI,IND,1,GRADUATE PROFESSIONAL,53,,
BIHAR,KARAKAT,PRADEEP CHOUHAN,BIHAR LOK NIRMAN DAL,1,12TH PASS,42,14524704,700000
BIHAR,KARAKAT,PRAKASH CHANDRA GOYAL,PEOPLES PARTY OF INDIA (DEMOCRATIC),0,DOCTORATE,36,1020973,0
BIHAR,KARAKAT,PUNAM DEVI,IND,0,GRADUATE,39,17112000,900000
BIHAR,KARAKAT,RAJ NARAYAN TIWARI,BSP,0,12TH PASS,45,7420911,70000
BIHAR,KARAKAT,RAJA RAM SINGH,CPI(ML)(L),3,GRADUATE,63,,
BIHAR,KARAKAT,RAM AYODHYA SINGH,IND,0,10TH PASS,47,25286369,0
BIHAR,KARAKAT,RAMESHWAR SINGH,IND,0,GRADUATE,65,9755000,299
BIHAR,KARAKAT,RAMJI SINGH KANTA,AKHIL HIND FORWARD BLOC (KRANTIKARI),0,10TH PASS,62,,
BIHAR,KARAKAT,SHASHIKANT SINGH,BHARATIYA MOMIN FRONT,0,12TH PASS,41,7054000,600000
BIHAR,KARAKAT,UPENDRA KUSHWAHA,RASHTRIYA LOK SAMTA PARTY,5,POST GRADUATE,56,31034113,1358960
BIHAR,KATIHAR,DULAL CHANDRA GOSWAMI,JD(U),1,GRADUATE,51,,
BIHAR,KATIHAR,ABDUR RAHMAN,PEOPLES PARTY OF INDIA (DEMOCRATIC),0,12TH PASS,56,276540,40000
BIHAR,KATIHAR,BASUKINATH SAH,BHARATIYA BAHUJAN CONGRESS,0,5TH PASS,30,4000,0
BIHAR,KATIHAR,GANGA KEBAT,RASHTRIYA JANSAMBHAVNA PARTY,0,10TH PASS,49,288000,0
BIHAR,KATIHAR,MARANG HANSDA,BAHUJAN MUKTI PARTY,0,OTHERS,39,180000,0
BIHAR,KATIHAR,MUHAMMAD SHAKUR,NCP,0,GRADUATE,76,,
BIHAR,KATIHAR,SAMIR KUMAR JHA,IND,0,12TH PASS,41,25106000,5783943
BIHAR,KATIHAR,SHAH TARIQ ANWAR,INC,1,GRADUATE,68,119291973,582950
BIHAR,KHAGARIA,CHOUDHARY MAHBUB ALI KAISAR,LJP,1,GRADUATE,52,109788313,0
BIHAR,KHAGARIA,BANDAN KUMAR SINGH,IND,0,10TH PASS,27,603000,0
BIHAR,KHAGARIA,DHIRENDRA CHOUDHARY,AAM ADHIKAR MORCHA,0,8TH PASS,38,,
BIHAR,KHAGARIA,KUNDAN KUMAR,IND,0,GRADUATE,27,405500,0
BIHAR,KHAGARIA,MADHUVALA DEVI,AAM JANTA PARTY RASHTRIYA,0,12TH PASS,51,7783673,3300000
BIHAR,KHAGARIA,MONI KUMAR,BAHUJAN MUKTI PARTY,0,12TH PASS,35,,
BIHAR,KHAGARIA,MUKESH SAHANI,VIKASSHEEL INSAAN PARTY,4,8TH PASS,40,119699803,16547563
BIHAR,KHAGARIA,NAGENDRA SINGH TYAGI,IND,4,GRADUATE,44,7051000,0
BIHAR,KHAGARIA,PRIYADARSHI DINKAR,IND,0,GRADUATE,31,321000,0
BIHAR,KHAGARIA,RAMAKANT CHOUDHARI,BSP,0,LITERATE,44,6945000,16000
BIHAR,KHAGARIA,SANDIP KUMAR SAKET,SHS,0,GRADUATE,37,,
BIHAR,KHAGARIA,SANGRAM KUMAR SADA,IND,0,GRADUATE,37,367500,0
BIHAR,KHAGARIA,SHIV NARAYAN SINGH,IND,0,12TH PASS,47,4575000,25000
BIHAR,KHAGARIA,SOBHA DEVI,IND,0,LITERATE,32,,
BIHAR,KHAGARIA,SUNIL YADAV,GARIB JANSHAKTI PARTY,0,8TH PASS,33,4959800,0
BIHAR,KHAGARIA,TEJ BAHADUR SINGH,PROUTIST SARVA SAMAJ,0,GRADUATE,76,6730000,0
BIHAR,KHAGARIA,UPENDRA SAHANI,RASHTRIYA JANSAMBHAVNA PARTY,0,GRADUATE,46,30575125,0
BIHAR,KHAGARIA,VINAY KUMAR VARUN,JANHIT KISAN PARTY,0,GRADUATE,48,10497000,450000
BIHAR,KISHANGANJ,DR. MOHAMMAD JAWED,INC,1,GRADUATE PROFESSIONAL,54,,
BIHAR,KISHANGANJ,AKHTARUL IMAN,ALL INDIA MAJLIS-E-ITTEHADUL MUSLIMEEN,4,POST GRADUATE,55,7262890,1908918
BIHAR,KISHANGANJ,ALIMUDDIN ANSARI,AAP,0,10TH PASS,64,3677032,105000
BIHAR,KISHANGANJ,ASAD ALAM,IND,0,LITERATE,38,,
BIHAR,KISHANGANJ,AZIMUDDIN,IND,0,12TH PASS,75,383500,0
BIHAR,KISHANGANJ,CHHOTE LAL MAHTO,IND,0,LITERATE,42,765000,0
BIHAR,KISHANGANJ,HASERUL,IND,0,5TH PASS,43,1175000,0
BIHAR,KISHANGANJ,INDRA DEO PASWAN,BSP,0,GRADUATE PROFESSIONAL,46,6819206,570000
BIHAR,KISHANGANJ,PRADEEP KUMAR SINGH,SHS,0,10TH PASS,36,174500,0
BIHAR,KISHANGANJ,RAJENDRA PASWAN,BAHUJAN MUKTI PARTY,1,8TH PASS,59,2016118,559195
BIHAR,KISHANGANJ,RAJESH KUMAR DUBEY,IND,0,GRADUATE,42,,
BIHAR,KISHANGANJ,SHUKAL MURMU,JMM,0,NOT GIVEN,50,,0
BIHAR,KISHANGANJ,SYED MAHMOOD ASHRAF,JD(U),4,12TH PASS,54,19854930,3598799
BIHAR,MADHEPURA,DINESH CHANDRA YADAV,JD(U),1,GRADUATE PROFESSIONAL,67,37420953,700000
BIHAR,MADHEPURA,ANIL BHARTI,RASHTRAVADI JANATA PARTY,0,POST GRADUATE,49,13777000,0
BIHAR,MADHEPURA,JAYKANT YADAV,IND,0,POST GRADUATE,44,,
BIHAR,MADHEPURA,MANOJ KUMAR MANDA,AAM ADHIKAR MORCHA,0,10TH PASS,45,11776448,50000
BIHAR,MADHEPURA,MOHAMMAD ARSHAD HUSSAIN,IND,0,POST GRADUATE,43,11950000,0
BIHAR,MADHEPURA,RAJESH RANJAN,JAN ADHIKAR PARTY (LOKTANTRIK),31,GRADUATE,51,,
BIHAR,MADHEPURA,RAJIV KUMAR YADAV,BALIRAJA PARTY,0,GRADUATE,30,550000,0
BIHAR,MADHEPURA,RAJO SAH,IND,0,LITERATE,39,4135000,565000
BIHAR,MADHEPURA,SUMAN KUMAR JHA,IND,0,POST GRADUATE,57,11276322,0
BIHAR,MADHEPURA,SURESH KUMAR BHARTI,ASLI DESHI PARTY,0,GRADUATE,37,39307685,420000
BIHAR,MADHEPURA,UMASHANKAR,BAHUJAN MUKTI PARTY,0,12TH PASS,34,,
BIHAR,MADHEPURA,VINAY KUMAR MISHRA,IND,0,GRADUATE,39,14888104,0
BIHAR,MADHUBANI,ASHOK KUMAR YADAV,BJP,1,DOCTORATE,49,46699125,7892847
BIHAR,MADHUBANI,ABHIJIT KUMAR SINGH,IND,1,12TH PASS,58,30046633,900000
BIHAR,MADHUBANI,ABUBAKAR RAHMANI,IND,0,POST GRADUATE,30,757606,0
BIHAR,MADHUBANI,ANAND KUMAR JHA,AKHIL BHARTIYA MITHILA PARTY,0,POST GRADUATE,39,,
BIHAR,MADHUBANI,ANIL KUMAR SAH,IND,3,LITERATE,35,543000,60000
BIHAR,MADHUBANI,DHANESHWAR MAHTO,BHARTIYA MITRA PARTY,1,LITERATE,43,,
BIHAR,MADHUBANI,DR. SHAKEEL AHMAD,INC,1,GRADUATE PROFESSIONAL,63,26802196,0
BIHAR,MADHUBANI,HEMA JHA,IND,0,10TH PASS,57,10874083,0
BIHAR,MADHUBANI,RAJU KUMAR RAJ,IND,0,5TH PASS,54,2356028,0
BIHAR,MADHUBANI,RAM SWARUP BHARTI,VOTERS PARTY INTERNATIONAL,0,12TH PASS,63,1169783,0
BIHAR,MADHUBANI,RANJIT KUMAR,BAHUJAN MUKTI PARTY,0,GRADUATE PROFESSIONAL,29,,
BIHAR,MADHUBANI,REKHA RANJAN YADAV,RPI(A),0,10TH PASS,30,4171200,0
BIHAR,MADHUBANI,SATISH CHANDRA JHA,PURVANCHAL JANTA PARTY (SECULAR),1,POST GRADUATE,51,14252124,1327234
BIHAR,MADHUBANI,SUBHASH CHANDRA JHA,RASHTRIYA JANSAMBHAVNA PARTY,2,10TH PASS,50,,
BIHAR,MADHUBANI,VIDYA SAGAR MANDAL,JAGO HINDUSTAN PARTY,1,GRADUATE,36,3125000,0
BIHAR,MAHARAJGANJ,JANARDAN SINGH SIGRIWAL,BJP,5,GRADUATE,55,10451986,376000
BIHAR,MAHARAJGANJ,ALI AZHAR ANSARI,MAANAVVAADI JANTA PARTY,0,10TH PASS,60,3035000,15000
BIHAR,MAHARAJGANJ,ANIRUDH PRASAD,BSP,5,GRADUATE,54,79825395,22404267
BIHAR,MAHARAJGANJ,ARAVIND KUMAR SHARMA,BHARATIYA JAN KRANTI DAL (DEMOCRATIC),0,10TH PASS,55,,
BIHAR,MAHARAJGANJ,DR. GOPAL PRASAD,BHARTIYA NEW SANSKAR KRANTIKARI PARTY,2,GRADUATE,68,7625000,0
BIHAR,MAHARAJGANJ,M.K.SINGH RATHOUR,IND,0,GRADUATE PROFESSIONAL,47,,
BIHAR,MAHARAJGANJ,MENAKA RAMAN,IND,0,GRADUATE,38,7814034,1678000
BIHAR,MAHARAJGANJ,RAJENDRA KUMAR,IND,0,GRADUATE,46,1853206,0
BIHAR,MAHARAJGANJ,SHREE BHAGWAN SINGH,IND,1,GRADUATE PROFESSIONAL,67,13459000,950000
BIHAR,MAHARAJGANJ,SUBHASH SINGH,JAGO HINDUSTAN PARTY,0,8TH PASS,45,37125000,0
BIHAR,MUNGER,RAJIV RANJAN SINGH,JD(U),1,GRADUATE,65,,
BIHAR,MUNGER,AJIT KUMAR,JMM,0,10TH PASS,36,2191000,600000
BIHAR,MUNGER,AMARJIT PATEL,IND,0,GRADUATE,38,12545972,634728
BIHAR,MUNGER,ARBIND KUMAR SHARMA,RASHTRIYA HIND SENA,0,POST GRADUATE,53,,
BIHAR,MUNGER,DINA SAW,IND,0,8TH PASS,50,1152595,0
BIHAR,MUNGER,KRISHNA MURARI KUMAR,JAN ADHIKAR PARTY,0,GRADUATE,31,4435000,0
BIHAR,MUNGER,KUMAR NAVNEET HIMANSHU,BSP,3,12TH PASS,34,,
BIHAR,MUNGER,MAHESH RAM,IND,0,12TH PASS,33,55000,0
BIHAR,MUNGER,NILAM DEVI,INC,2,LITERATE,48,621659689,214610632
BIHAR,MUNGER,PRANAY KUMAR,IND,0,GRADUATE,35,6955253,0
BIHAR,MUNGER,RAJESH KUMAR RATNAKAR,IND,0,GRADUATE PROFESSIONAL,42,1595000,0
BIHAR,MUNGER,RAUSHAN KUMAR,PRAGATISHIL SAMAJWADI PARTY (LOHIA),0,12TH PASS,31,30000,0
BIHAR,MUNGER,SANJAY KESARI,SHS,3,GRADUATE,44,913169,28000
BIHAR,MUNGER,SANTOSH KUMAR,BAHUJAN MUKTI PARTY,0,12TH PASS,32,,
BIHAR,MUNGER,SONELAL KORA,BHARATIYA BAHUJAN CONGRESS,0,5TH PASS,41,25000,0
BIHAR,MUNGER,SURYODAY PASWAN,SANKHYANUPATI BHAGIDARI PARTY,1,GRADUATE,45,1450000,0
BIHAR,MUNGER,VIKASH KUMAR ARYA,SUCI(C),1,12TH PASS,41,732214,0
BIHAR,MUZAFFARPUR,AJAY NISHAD,BJP,1,GRADUATE,50,298867486,15714320
BIHAR,MUZAFFARPUR,AJITANSH GAUR,IND,0,POST GRADUATE,30,95536,0
BIHAR,MUZAFFARPUR,ANIRUDH SINGH,AIFB,0,GRADUATE,62,,
BIHAR,MUZAFFARPUR,DEVENDRA RAKESH,BAJJIKANCHAL VIKAS PARTY,0,POST GRADUATE,69,96715000,290000
BIHAR,MUZAFFARPUR,DHARMENDRA PASWAN,BHARATIYA MOMIN FRONT,0,LITERATE,26,106866,0
BIHAR,MUZAFFARPUR,JAUHAR AZAD,BAHUJAN MUKTI PARTY,0,12TH PASS,39,,
BIHAR,MUZAFFARPUR,MOHAMAD IDRIS,SUCI(C),0,12TH PASS,64,8162850,0
BIHAR,MUZAFFARPUR,MUKESH KUMAR,IND,0,GRADUATE,34,102438,0
BIHAR,MUZAFFARPUR,NANDAN KUMAR,JANATA PARTY,0,POST GRADUATE,27,5809,0
BIHAR,MUZAFFARPUR,PANKAJ KUMAR,AAP AUR HUM PARTY,0,12TH PASS,41,3405000,2450000
BIHAR,MUZAFFARPUR,PRADEEP KUMAR SINGH,SHS,0,GRADUATE PROFESSIONAL,43,,
BIHAR,MUZAFFARPUR,RAJ BHUSHAN CHAUDHRY,VIKASSHEEL INSAAN PARTY,0,POST GRADUATE,41,71600000,14100000
BIHAR,MUZAFFARPUR,RENU KHARI,JAN ADHIKAR PARTY,0,POST GRADUATE,57,6270738,0
BIHAR,MUZAFFARPUR,RITESH PRASAD,IND,0,12TH PASS,45,,
BIHAR,MUZAFFARPUR,SHIV SHAKTI MONU,BIHAR LOK NIRMAN DAL,0,10TH PASS,34,1173000,0
BIHAR,MUZAFFARPUR,SHIVA BIHARI SINGHANIA,BHARAT NIRMAN PARTY,0,12TH PASS,49,8886364,0
BIHAR,MUZAFFARPUR,SUKHDEO PRASAD,VOTERS PARTY INTERNATIONAL,0,12TH PASS,70,2025238,300000
BIHAR,MUZAFFARPUR,SURENDRA RAY,RASHTRIYA HIND SENA,0,8TH PASS,58,16193100,40000
BIHAR,MUZAFFARPUR,SURESH KUMAR,IND,0,GRADUATE,49,,
BIHAR,MUZAFFARPUR,SWARNLATA DEVI,BSP,0,12TH PASS,47,33350332,4737454
BIHAR,NALANDA,KAUSHLENDRA KUMAR,JD(U),0,12TH PASS,60,29251651,2712389
BIHAR,NALANDA,ANIL KUMAR,BHARATIYA JAN KRANTI DAL (DEMOCRATIC),0,GRADUATE,58,287302,0
BIHAR,NALANDA,ASHOK KUMAR,IND,1,GRADUATE,42,2952708,100000
BIHAR,NALANDA,ASHOK KUMAR AZAD,HINDUSTANI AWAM MORCHA (SECULAR),0,12TH PASS,46,,
BIHAR,NALANDA,BRAHAMDEV PRASAD,SHOSHIT SAMAJ DAL,0,POST GRADUATE,60,3273000,0
BIHAR,NALANDA,CHIRANJIB KUMAR,SHS,0,12TH PASS,39,27647098,7600000
BIHAR,NALANDA,DILIP RAWAT,MAANAVVAADI JANTA PARTY,0,10TH PASS,38,,
BIHAR,NALANDA,DINANATH PANDEY,IND,0,ILLITERATE,72,400000,0
BIHAR,NALANDA,MINTU KUMAR,IND,0,10TH PASS,31,1510000,0
BIHAR,NALANDA,MOHAMMAD SURKHAB ALAM,IND,0,10TH PASS,37,7820000,0
BIHAR,NALANDA,MOHAN BIND,IND,3,5TH PASS,41,,
BIHAR,NALANDA,NITA DEVI,IND,0,12TH PASS,36,76454511,488000
BIHAR,NALANDA,PAWAN KUMAR PANDEY,BHARTIYA LOKMAT RASHTRWADI PARTY,0,12TH PASS,35,3040470,90000
BIHAR,NALANDA,PUNIT KUMAR,IND,2,12TH PASS,30,,
BIHAR,NALANDA,PURUSHOTAM SHARMA,NATIONAL JAGARAN PARTY,0,10TH PASS,47,21248052,0
BIHAR,NALANDA,RAJEEV RANJAN KUMAR,JAN ADHIKAR PARTY,0,GRADUATE,25,8117833,0
BIHAR,NALANDA,RAKESH PASWAN,IND,0,GRADUATE,33,592000,0
BIHAR,NALANDA,RAM CHARITRA PRASAD SINGH,HINDUSTHAN NIRMAN DAL,1,12TH PASS,72,8975000,1984000
BIHAR,NALANDA,RAMCHANDRA PRASAD,SAMAGRA UTTHAN PARTY,6,GRADUATE,76,,
BIHAR,NALANDA,RAMCHANDRA SINGH,IND,0,GRADUATE PROFESSIONAL,45,8870231,133463
BIHAR,NALANDA,RAMVILAF PASWAN,RASHTRIYA HIND SENA,0,5TH PASS,61,4514580,1925
BIHAR,NALANDA,REKHA KUMARI,PURVANCHAL MAHAPANCHAYAT,0,12TH PASS,34,,
BIHAR,NALANDA,SAMPATI KUMAR,SUHELDEV BHARTIYA SAMAJ PARTY,0,12TH PASS,36,21750000,1000000
BIHAR,NALANDA,SANJEET KUMAR,JANTANTRIK VIKAS PARTY,0,POST GRADUATE,38,22030093,788813
BIHAR,NALANDA,SHANKAR PANDEY,BAHUJAN NYAY DAL,0,10TH PASS,37,2985000,0
BIHAR,NALANDA,SHASHI KUMAR,NCP,1,POST GRADUATE,50,3615616,160000
BIHAR,NALANDA,SHASHI KUMAR,BSP,0,10TH PASS,33,,
BIHAR,NALANDA,SOHAVAN PASWAN,PUBLIC MISSION PARTY,0,10TH PASS,43,1776043,100000
BIHAR,NALANDA,SUDHIR KUMAR,IND,0,10TH PASS,37,21000,0
BIHAR,NALANDA,SUNIL RAVIDAS,RPI,0,GRADUATE,30,,
BIHAR,NALANDA,SURENDRA SINGH,BHARAT PRABHAT PARTY,0,10TH PASS,62,450000,0
BIHAR,NALANDA,USHA DEVI,IND,0,10TH PASS,63,875000,0
BIHAR,NAWADA,CHANDAN SINGH,LJP,2,GRADUATE,36,176720167,4722200
BIHAR,NAWADA,ADITYA PRADHAN,PEOPLES PARTY OF INDIA (DEMOCRATIC),0,POST GRADUATE,40,3406595,163050
BIHAR,NAWADA,MOKIM UDDIN,RASHTRIYA ULAMA COUNCIL,0,GRADUATE,49,,
BIHAR,NAWADA,NARESH PRASAD,IND,1,LITERATE,46,140000,0
BIHAR,NAWADA,NIVEDITA SINGH,IND,1,GRADUATE,44,71410600,0
BIHAR,NAWADA,PROF. K.B. PRASAD,IND,0,POST GRADUATE,69,,
BIHAR,NAWADA,RAJESH KUMAR,IND,0,GRADUATE,33,6288351,600000
BIHAR,NAWADA,RAKESH RAUSHAN,IND,1,12TH PASS,45,1591000,0
BIHAR,NAWADA,TULSI DAYAL,IND,0,GRADUATE PROFESSIONAL,56,11022795,4298451
BIHAR,NAWADA,VIBHA DEVI,RJD,0,LITERATE,53,118431743,4849749
BIHAR,NAWADA,VIJAY RAM,MOOLNIWASI SAMAJ PARTY,0,10TH PASS,52,,
BIHAR,NAWADA,VISHNU DEV YADAV,BSP,0,GRADUATE,67,43439000,0
BIHAR,PASCHIM CHAMPARAN,DR. SANJAY JAISWAL,BJP,5,POST GRADUATE,54,199404885,67370030
BIHAR,PASCHIM CHAMPARAN,AJAY KUMAR SINHA,IND,0,GRADUATE,57,3859000,160000
BIHAR,PASCHIM CHAMPARAN,BIPIN NATH TIWARI,LOKTANTRIK JAN SWARAJ PARTY,0,GRADUATE,45,3657000,20000
BIHAR,PASCHIM CHAMPARAN,BRIJESH KUMAR KUSHWAHA,RASHTRIYA LOK SAMTA PARTY,5,12TH PASS,41,,
BIHAR,PASCHIM CHAMPARAN,NAFISH AHMAD,IND,0,10TH PASS,47,2156868,0
BIHAR,PASCHIM CHAMPARAN,RAKESH KUMAR,BSP,2,10TH PASS,39,,
BIHAR,PASCHIM CHAMPARAN,RATAN KUMAR SARKAR,IND,0,10TH PASS,66,3470000,0
BIHAR,PASCHIM CHAMPARAN,SANJAY KUMAR PATEL,IND,1,10TH PASS,39,948960,71325
BIHAR,PATALIPUTRA,RAM KRIPAL YADAV,BJP,0,GRADUATE,58,,
BIHAR,PATALIPUTRA,BINDU DEVI,RASHTRIYA JANSAMBHAVNA PARTY,0,LITERATE,48,30529762,0
BIHAR,PATALIPUTRA,BRAJESHWAR PRASAD SINGH,IND,0,GRADUATE,55,24130030,300000
BIHAR,PATALIPUTRA,DURGESH NANDAN SINGH ALIAS DURGESH YADAV,RASHTRIYA JANVIKAS PARTY (DEMOCRATIC),0,POST GRADUATE,42,,
BIHAR,PATALIPUTRA,INDU DEVI MISHRA,BHARATIYA JAN KRANTI DAL (DEMOCRATIC),0,GRADUATE,53,15820000,0
BIHAR,PATALIPUTRA,JITENDRA BIND,IND,0,8TH PASS,46,585000,0
BIHAR,PATALIPUTRA,LALITA RAY,BAHUJAN NYAY DAL,0,12TH PASS,35,,
BIHAR,PATALIPUTRA,MANTU KUMAR,IND,0,LITERATE,37,194000,0
BIHAR,PATALIPUTRA,MD. KALIMULLAH,BSP,0,GRADUATE,46,4803883,863000
BIHAR,PATALIPUTRA,MISHA BHARTI,RJD,4,GRADUATE PROFESSIONAL,42,75613265,985079
BIHAR,PATALIPUTRA,PUPUL KUMAR SHARMA,IND,0,8TH PASS,29,14415000,68000
BIHAR,PATALIPUTRA,RAM NARAYAN MANJHI,SANKHYANUPATI BHAGIDARI PARTY,0,LITERATE,56,112500,0
BIHAR,PATALIPUTRA,RAM NIRANJAN ROY,RASHTRAWADI CHETNA PARTY,0,POST GRADUATE,60,3586212,0
BIHAR,PATALIPUTRA,RAM PRAVESH RAJAK,PEOPLES PARTY OF INDIA (DEMOCRATIC),0,GRADUATE,66,,
BIHAR,PATALIPUTRA,RAMESH KUMAR SHARMA,IND,0,POST GRADUATE,63,11075833190,0
BIHAR,PATALIPUTRA,SATISH KUMAR,BHARATIYA MOMIN FRONT,0,GRADUATE,51,51500,0
BIHAR,PATALIPUTRA,SHIV KUMAR SINGH,APNA KISAN PARTY,2,12TH PASS,43,45000,0
BIHAR,PATALIPUTRA,SOHAN RAY,YUVA KRANTIKARI PARTY,0,ILLITERATE,69,17209000,0
BIHAR,PATALIPUTRA,SURESH PASWAN,IND,0,10TH PASS,38,,
BIHAR,PATALIPUTRA,VINOD DAS,BHARATIYA BAHUJAN CONGRESS,0,5TH PASS,60,81114,0
BIHAR,PATALIPUTRA,WAKIL AHMAD,JANATA PARTY,0,GRADUATE,46,6520000,0
BIHAR,PATNA SAHIB,RAVI SHANKAR PRASAD,BJP,0,POST GRADUATE,64,235275591,0
BIHAR,PATNA SAHIB,AKHILESH KUMAR,ASLI DESHI PARTY,0,12TH PASS,44,18233000,0
BIHAR,PATNA SAHIB,AMIT KUMAR GUPTA,IND,0,12TH PASS,30,100000,0
BIHAR,PATNA SAHIB,ANAMIKA KUMARI,SUCI(C),0,POST GRADUATE,39,,
BIHAR,PATNA SAHIB,ARVIND KUMAR,IND,0,POST GRADUATE,39,41043115,12207247
BIHAR,PATNA SAHIB,ASHOK KUMAR GUPTA,IND,0,POST GRADUATE,67,147248402,300000
BIHAR,PATNA SAHIB,BASANT SINGH,BHARATIYA JAN KRANTI DAL (DEMOCRATIC),0,10TH PASS,28,,
BIHAR,PATNA SAHIB,JAVED,IND,0,5TH PASS,46,54714,0
BIHAR,PATNA SAHIB,KUMAR RAUNAK,IND,0,GRADUATE PROFESSIONAL,37,7686000,200000
BIHAR,PATNA SAHIB,NIMESH SHUKLA,IND,0,POST GRADUATE,41,1485500,432437
BIHAR,PATNA SAHIB,PRABHASH CHANDRA SHARMA,VANCHIT SAMAJ PARTY,0,GRADUATE,42,493348961,0
BIHAR,PATNA SAHIB,RAJESH KUMAR,JANATA PARTY,0,GRADUATE PROFESSIONAL,38,,
BIHAR,PATNA SAHIB,RANI DEVI,IND,0,5TH PASS,35,50859,0
BIHAR,PATNA SAHIB,RITA DEVI,VIKASSHEEL INSAAN PARTY,0,LITERATE,39,,
BIHAR,PATNA SAHIB,SHATRUGHAN SINHA,INC,2,GRADUATE,73,1935459756,284863762
BIHAR,PATNA SAHIB,SUMIT RANJAN SINHA,SHS,0,POST GRADUATE,31,86000,0
BIHAR,PURNIA,SANTOSH KUMAR,JD(U),1,12TH PASS,42,41036294,2500000
BIHAR,PURNIA,ANIRUDH MEHTA,IND,0,10TH PASS,54,12617500,0
BIHAR,PURNIA,ARJUN SINGH,IND,1,GRADUATE PROFESSIONAL,46,1728768,140000
BIHAR,PURNIA,ASHOK KUMAR SAH,IND,2,10TH PASS,64,,
BIHAR,PURNIA,ASHOK KUMAR SINGH,IND,0,8TH PASS,45,5636784,0
BIHAR,PURNIA,DR. MRITUNJAY KUMAR JHA,IND,0,GRADUATE PROFESSIONAL,41,1422104,360710
BIHAR,PURNIA,JITENDRA URAB,BSP,1,GRADUATE,49,,
BIHAR,PURNIA,MANJU MURMU,JMM,0,5TH PASS,46,32710000,0
BIHAR,PURNIA,MD AKHTAR ALI,IND,0,LITERATE,37,20524,0
BIHAR,PURNIA,RAJIV KUMAR SINGH,IND,0,8TH PASS,30,9625000,0
BIHAR,PURNIA,SAGEER AHMAD,IND,0,OTHERS,29,458449,0
BIHAR,PURNIA,SANOJ KUMAR CHAUHAN,BIHAR LOK NIRMAN DAL,0,GRADUATE PROFESSIONAL,40,,
BIHAR,PURNIA,SHOBHA SOREN,IND,0,LITERATE,28,589000,400000
BIHAR,PURNIA,SHUBHASH KUMAR THAKUR,IND,0,12TH PASS,32,,
BIHAR,PURNIA,UDAY SINGH,INC,2,12TH PASS,66,3418643970,715792024
BIHAR,PURVI CHAMPARAN,RADHA MOHAN SINGH,BJP,1,GRADUATE,69,,
BIHAR,PURVI CHAMPARAN,AAKASH KUMAR,RASHTRIYA LOK SAMTA PARTY,0,12TH PASS,27,25867226,0
BIHAR,PURVI CHAMPARAN,ANIKET RANJAN,IND,6,GRADUATE,28,3768500,100000
BIHAR,PURVI CHAMPARAN,DEVENDRA SINGH,RASHTRIYA SARVJAN VIKAS PARTY,1,12TH PASS,35,,
BIHAR,PURVI CHAMPARAN,DINESH SAHANI,RASHTRIYA MAHAN GANTANTRA PARTY,0,LITERATE,34,2230000,0
BIHAR,PURVI CHAMPARAN,MANOJ TIWARI,IND,0,10TH PASS,39,1514000,50000
BIHAR,PURVI CHAMPARAN,MOHAMMAD AJMER ALAM,IND,0,POST GRADUATE,35,,
BIHAR,PURVI CHAMPARAN,MUNESHWAR TIWARY,IND,0,10TH PASS,50,11122472,0
BIHAR,PURVI CHAMPARAN,PARASNATH PANDEY,JANVADI PARTY(SOCIALIST),1,GRADUATE,59,2300000,0
BIHAR,PURVI CHAMPARAN,PRABHAKAR JAYASWAL,CPI,1,12TH PASS,55,290251911,367711
BIHAR,PURVI CHAMPARAN,PRADIP SINGH,IND,2,LITERATE,39,11069100,650000
BIHAR,PURVI CHAMPARAN,RAJIV RANJAN,JANTA DAL RASHTRAVADI,0,POST GRADUATE,44,46495000,11900000
BIHAR,PURVI CHAMPARAN,RAMCHANDRA SAH,RASHTRIYA JANSAMBHAVNA PARTY,0,10TH PASS,69,1334000,0
BIHAR,PURVI CHAMPARAN,RANDHIR KUMAR TIWARI,ASLI DESHI PARTY,0,10TH PASS,31,,
BIHAR,PURVI CHAMPARAN,SACHIN PASWAN,RASHTRIYA HIND SENA,1,8TH PASS,34,2597200,0
BIHAR,PURVI CHAMPARAN,SATYAM YADAV,BAHUJAN NYAY DAL,1,8TH PASS,30,2595500,77904
BIHAR,PURVI CHAMPARAN,SHATRUGHNA TIWARY,BAJJIKANCHAL VIKAS PARTY,1,8TH PASS,59,87880034,330000
BIHAR,PURVI CHAMPARAN,SHEKH SERAJ,AKHIL BHARTIYA APNA DAL,1,10TH PASS,25,115500,0
BIHAR,PURVI CHAMPARAN,SHOBHA DEVI,SHOSHIT SAMAJ DAL,0,LITERATE,42,,
BIHAR,PURVI CHAMPARAN,VINAY KUMAR SRIVASTAVA,RASHTRIYA SAMTA PARTY (SECULAR),0,12TH PASS,38,14835935,0
BIHAR,SAMASTIPUR,RAMCHANDRA PASWAN,LJP,5,10TH PASS,58,17375975,999057
BIHAR,SAMASTIPUR,ASHA DEVI,AAM ADHIKAR MORCHA,1,LITERATE,25,1628121,51000
BIHAR,SAMASTIPUR,DR. ASHOK KUMAR,INC,0,GRADUATE PROFESSIONAL,64,20396690,0
BIHAR,SAMASTIPUR,LALO PASWAN,VOTERS PARTY INTERNATIONAL,0,LITERATE,51,,
BIHAR,SAMASTIPUR,MANTESH KUMAR,BSP,0,GRADUATE,40,2540500,20000
BIHAR,SAMASTIPUR,PINKU PASWAN,YUVA KRANTIKARI PARTY,0,GRADUATE,30,207667,0
BIHAR,SAMASTIPUR,RAJ KUMAR RAM,BHARATIYA MOMIN FRONT,1,10TH PASS,51,,
BIHAR,SAMASTIPUR,RATAN BIHARI,JAN ADHIKAR PARTY,0,GRADUATE,26,756000,0
BIHAR,SAMASTIPUR,VIDYA NAND RAM,WAZIB ADHIKAR PARTY,0,POST GRADUATE,46,593059,0
BIHAR,SAMASTIPUR,VIJAY KUMAR RAM,VANCHIT SAMAJ PARTY,0,12TH PASS,32,33000,50000
BYE ELECTION ON 21-10-2019 : BIHAR,SAMASTIPUR (SC),PRINCE RAJ,LJP,0,POST GRADUATE,30,,
BYE ELECTION ON 21-10-2019 : BIHAR,SAMASTIPUR (SC),DR. ASHOK KUMAR,INC,0,GRADUATE PROFESSIONAL,64,20640380,0
BYE ELECTION ON 21-10-2019 : BIHAR,SAMASTIPUR (SC),NIRDOSH KUMAR,JAN ADHIKAR PARTY,0,GRADUATE,34,4162789,0
BYE ELECTION ON 21-10-2019 : BIHAR,SAMASTIPUR (SC),RANJU DEVI,YUVA KRANTIKARI PARTY,0,LITERATE,38,59961,0
BYE ELECTION ON 21-10-2019 : BIHAR,SAMASTIPUR (SC),SHASHI BHUSHAN DAS,IND,0,10TH PASS,37,4090000,174000
BYE ELECTION ON 21-10-2019 : BIHAR,SAMASTIPUR (SC),SURAJ KUMAR DAS,IND,0,POST GRADUATE,37,,
BYE ELECTION ON 21-10-2019 : BIHAR,SAMASTIPUR (SC),VIDYA NAND RAM,WAZIB ADHIKAR PARTY,0,POST GRADUATE,46,625500,0
BIHAR,SARAN,RAJIV PRATAP RUDY,BJP,0,POST GRADUATE,58,80740349,0
BIHAR,SARAN,BHISHAM KUMAR RAY,PURVANCHAL MAHAPANCHAYAT,0,GRADUATE,39,3345700,600000
BIHAR,SARAN,CHANDRIKA ROY,RJD,3,DOCTORATE,61,96944980,1901831
BIHAR,SARAN,DHARAMVEER KUMAR,BIHAR LOK NIRMAN DAL,0,12TH PASS,32,,
BIHAR,SARAN,ISHTEYAQUE AHMAD,YUVA KRANTIKARI PARTY,0,12TH PASS,41,1285000,0
BIHAR,SARAN,JUNED KHAN,BHARTIYA INSAN PARTY,0,8TH PASS,31,6336,0
BIHAR,SARAN,LALU PRASAD YADAV,IND,0,12TH PASS,39,,
BIHAR,SARAN,PRABHAT KUMAR,IND,0,POST GRADUATE,49,2067500,0
BIHAR,SARAN,RAJ KISHOR PRASAD,VANCHIT SAMAJ PARTY,0,12TH PASS,58,70000,0
BIHAR,SARAN,SHEOJEE RAM,BSP,1,GRADUATE,44,11000,0
BIHAR,SARAN,SHIV BRAT SINGH,IND,0,DOCTORATE,53,,
BIHAR,SASARAM,CHHEDI PASWAN,BJP,4,POST GRADUATE,63,,
BIHAR,SASARAM,ASHOK BAITHA,IND,10,10TH PASS,48,816680,0
BIHAR,SASARAM,ASHOK KUMAR PASWAN,IND,0,12TH PASS,27,407950,0
BIHAR,SASARAM,DHARMRAJ PASWAN,LOK JAN VIKAS MORCHA,0,10TH PASS,29,210000,0
BIHAR,SASARAM,MANOJ KUMAR,BSP,0,GRADUATE,35,8864060,0
BIHAR,SASARAM,MEIRA KUMAR,INC,0,POST GRADUATE,74,,
BIHAR,SASARAM,NIRMALA DEVI,PRAGATISHIL SAMAJWADI PARTY (LOHIA),0,LITERATE,36,172000,0
BIHAR,SASARAM,RAGHUNI RAM SHASTRI,IND,0,GRADUATE,70,349588,0
BIHAR,SASARAM,RAMEKBAL RAM,IND,0,10TH PASS,55,10607000,0
BIHAR,SASARAM,SATYA NARAYAN PASWAN,IND,0,10TH PASS,64,1603300,0
BIHAR,SASARAM,SATYA NARAYAN RAM,AMBEDKARITE PARTY OF INDIA,0,12TH PASS,65,,
BIHAR,SASARAM,VIDYA JYOTI,BAHUJAN MUKTI PARTY,0,12TH PASS,47,13022788,1683054
BIHAR,SHEOHAR,RAMA DEVI,BJP,1,GRADUATE PROFESSIONAL,69,328364940,0
BIHAR,SHEOHAR,ABUL KALAM KHAN,IND,0,8TH PASS,44,6533000,1078000
BIHAR,SHEOHAR,ANAND KUMAR MAURYA,BAHUJAN AZAD PARTY,0,POST GRADUATE,36,20548227,743000
BIHAR,SHEOHAR,ANIL KUMAR,JAN ADHIKAR PARTY,0,GRADUATE,47,,
BIHAR,SHEOHAR,ANIL KUMAR TIWARI,IND,0,12TH PASS,51,2302500,0
BIHAR,SHEOHAR,DEVENDRA PRASAD SINGH,AIFB,0,GRADUATE,50,30585141,0
BIHAR,SHEOHAR,JAGDISH PRASAD,BAJJIKANCHAL VIKAS PARTY,0,12TH PASS,41,,
BIHAR,SHEOHAR,KEDAR NATH PRASAD,IND,3,12TH PASS,73,17741102,0
BIHAR,SHEOHAR,MUKESH KUMAR JHA,BSP,1,12TH PASS,31,22447516,9700000
BIHAR,SHEOHAR,PRABHU NARAYAN,SHS,4,12TH PASS,47,55746000,400000
BIHAR,SHEOHAR,RAJ KUMAR PRASAD,IND,0,12TH PASS,44,4069008,0
BIHAR,SHEOHAR,RAM DAYAL PRASAD,IND,0,GRADUATE,67,,
BIHAR,SHEOHAR,SHAMIM ALAM,NCP,0,12TH PASS,51,6324527,150000
BIHAR,SHEOHAR,SHYAM KUMAR,RASHTRIYA HIND SENA,2,GRADUATE,38,,
BIHAR,SHEOHAR,SYED FAISAL ALI,RJD,1,POST GRADUATE,52,25526590,8814643
BIHAR,SHEOHAR,UPENDRA SAHANI,RASHTRIYA JANSAMBHAVNA PARTY,0,GRADUATE,46,30529762,0
BIHAR,SITAMARHI,SUNIL KUMAR,JD(U),6,GRADUATE,58,60717031,10277790
BIHAR,SITAMARHI,AMIT CHAUDHARY,IND,9,10TH PASS,42,31837493,0
BIHAR,SITAMARHI,ARJUN RAY,RJD,2,DOCTORATE,47,18988281,1511335
BIHAR,SITAMARHI,BRAJ KISHOR JHA,AIFB,0,GRADUATE,58,,
BIHAR,SITAMARHI,CHANDRIKA PRASAD,IND,0,GRADUATE,44,738000,40804
BIHAR,SITAMARHI,DHARMENDRA KUMAR,IND,0,8TH PASS,33,8045411,0
BIHAR,SITAMARHI,JASEM AHAMAD,BSP,0,LITERATE,41,,
BIHAR,SITAMARHI,JUNAID KHAN,IND,0,GRADUATE PROFESSIONAL,31,12551400,0
BIHAR,SITAMARHI,LALBABU PASWAN,IND,0,LITERATE,55,172000,0
BIHAR,SITAMARHI,MOHAN SAH,KISAN PARTY OF INDIA,1,POST GRADUATE,61,4203500,0
BIHAR,SITAMARHI,NAND KISHORE GUPTA,IND,0,GRADUATE,47,704000,102000
BIHAR,SITAMARHI,RAGHUNATH KUMAR,AAP,1,GRADUATE PROFESSIONAL,47,,
BIHAR,SITAMARHI,RAJ KISHORE PRASAD,"PROUTIST BLOC, INDIA",0,GRADUATE,52,2244813,235000
BIHAR,SITAMARHI,RAMESH KUMAR MISHRA,IND,0,8TH PASS,48,5833784,122000
BIHAR,SITAMARHI,RAVINDRA KUMAR CHANDRA URF DR. RAJA BABU,BHARTIYA MITRA PARTY,0,GRADUATE PROFESSIONAL,35,,
BIHAR,SITAMARHI,SHASHI KUMAR SINGH,IND,0,10TH PASS,70,3500586,125000
BIHAR,SITAMARHI,THAKUR CHANDAN KUMAR SINGH,IND,4,GRADUATE PROFESSIONAL,35,1078194,100000
BIHAR,SITAMARHI,VINOD SAH,IND,0,LITERATE,48,539731,0
BIHAR,SIWAN,KAVITA SINGH,JD(U),4,POST GRADUATE,33,,
BIHAR,SIWAN,ABHISHEK KUMAR,IND,0,POST GRADUATE,41,5082500,0
BIHAR,SIWAN,AMARJIT PRASAD,IND,0,10TH PASS,41,1066095,0
BIHAR,SIWAN,AMARNATH YADAV,CPI(ML)(L),12,LITERATE,54,,
BIHAR,SIWAN,ANIL KUMAR VERMA,IND,0,OTHERS,55,5094000,0
BIHAR,SIWAN,BALMIKI PRASAD,BSP,2,8TH PASS,41,1360000,230000
BIHAR,SIWAN,DEVA KANT MISHRA ALIAS MUNNA BHAIYA,IND,0,GRADUATE,44,,
BIHAR,SIWAN,HENA SHAHAB,RJD,2,GRADUATE,46,139078374,1000000
BIHAR,SIWAN,JAI PRAKASH PRASAD,IND,0,12TH PASS,38,4894500,800000
BIHAR,SIWAN,MADHURI PANDEY,IND,0,OTHERS,47,5146000,0
BIHAR,SIWAN,NARAD PANDIT,BHARATIYA SAMTA SAMAJ PARTY,0,LITERATE,46,1025000,2000
BIHAR,SIWAN,PARMANAND GOND,SWATANTRA SAMAJ PARTY,0,12TH PASS,49,,
BIHAR,SIWAN,ROHIT KUMAR YADAV,SANYUKT VIKAS PARTY,0,8TH PASS,26,1370000,0
BIHAR,SIWAN,SANJAY PRAJAPATI,IND,1,OTHERS,33,6822000,0
BIHAR,SIWAN,SATYENDRA KUSHWAHA,IND,0,GRADUATE,33,,
BIHAR,SIWAN,SHABANA,JAI PRAKASH JANATA DAL,0,GRADUATE,31,14891000,1501500
BIHAR,SIWAN,SUDHIR KUMAR SINGH,SHS,0,GRADUATE,61,19204952,1000000
BIHAR,SIWAN,VIJAY BAHADUR SINGH,RASHTRIYA SAHYOG PARTY,0,GRADUATE PROFESSIONAL,58,5651000,0
BIHAR,SUPAUL,DILESHWAR KAMAIT,JD(U),2,GRADUATE,73,23441606,0
BIHAR,SUPAUL,ANAND PATHAK,HIND SAMRAJYA PARTY,1,GRADUATE,32,6850000,0
BIHAR,SUPAUL,BHIM KUMAR GUPTA,JAMMU & KASHMIR NATIONAL PANTHERS PARTY,0,12TH PASS,41,52000,0
BIHAR,SUPAUL,BINOD KUMAR SAHU,IND,0,GRADUATE,50,,
BIHAR,SUPAUL,DEEP NARAYAN MANDAL,SHS,0,GRADUATE,61,6064918,0
BIHAR,SUPAUL,DINESH PRASAD YADAV,IND,3,GRADUATE PROFESSIONAL,52,,
BIHAR,SUPAUL,KIRAN DEVI,BSP,0,10TH PASS,32,834000,0
BIHAR,SUPAUL,KRISHANDEV MANDAL,RASHTRAVADI JANATA PARTY,1,5TH PASS,50,9917500,0
BIHAR,SUPAUL,MOHAMMAD ABUL KALAM AZAD,JAI HIND PARTY,0,12TH PASS,27,2066100,0
BIHAR,SUPAUL,NAVEEN KUMAR SINGH,BIHAR LOK NIRMAN DAL,0,LITERATE,39,4941000,0
BIHAR,SUPAUL,PRAMOD KUMAR NIRALA,VANCHIT SAMAJ PARTY,3,GRADUATE,48,,
BIHAR,SUPAUL,RAJESH KUMAR S/O JAWAHAR LAL DAS,IND,0,GRADUATE,28,473206,0
BIHAR,SUPAUL,RAJESH KUMAR S/O YUGESHWAR SAH,IND,0,GRADUATE PROFESSIONAL,26,680000,0
BIHAR,SUPAUL,RANJEET RANJAN,INC,5,12TH PASS,46,,
BIHAR,SUPAUL,SANDEEP KUMAR SINGH,IND,0,GRADUATE,41,60808000,0
BIHAR,SUPAUL,SANJAY SARDAR,LOK SEWA DAL,0,LITERATE,40,8715000,650000
BIHAR,SUPAUL,SATYA NARAYAN MEHTA,JAN ADHIKAR PARTY,1,OTHERS,59,3442357,0
BIHAR,SUPAUL,SUDHAKAR JHA,IND,0,GRADUATE,50,10191402,0
BIHAR,UJIARPUR,NITYANAND RAI,BJP,3,GRADUATE,53,187007570,357561
BIHAR,UJIARPUR,A M IZHARUL HAQUE,SATHI AUR AAPKA FAISALA PARTY,0,POST GRADUATE,43,854501,0
BIHAR,UJIARPUR,AJAY KUMAR,CPI(M),3,POST GRADUATE,49,9481398,50000
BIHAR,UJIARPUR,ALLAMAA SHIBLEE NOMANI HALAMI,IND,0,10TH PASS,51,,
BIHAR,UJIARPUR,AMRENDRA KUMAR YADAV,PRAGATISHIL SAMAJWADI PARTY (LOHIA),1,POST GRADUATE,46,3256028,0
BIHAR,UJIARPUR,DR AJAY SINGH ALMUST,RASHTRIYA SAMTA PARTY (SECULAR),0,DOCTORATE,64,4315459,1127000
BIHAR,UJIARPUR,JAY NARAYAN SAH,BAJJIKANCHAL VIKAS PARTY,0,POST GRADUATE,64,,
BIHAR,UJIARPUR,KUMAR GAURAV,JAI PRAKASH JANATA DAL,0,POST GRADUATE,45,80550000,1000000
BIHAR,UJIARPUR,LALAN KUMAR ROY,BALIRAJA PARTY,0,8TH PASS,25,2609880,20800
BIHAR,UJIARPUR,MANOJ KUMAR,JANTA RAJ VIKAS PARTY,0,DOCTORATE,37,3325000,1400000
BIHAR,UJIARPUR,MD. ANWAR,IND,1,10TH PASS,42,2938263,513600
BIHAR,UJIARPUR,NAVIN KUMAR,BSP,0,POST GRADUATE,41,,
BIHAR,UJIARPUR,PRANAV KUMAR,IND,0,12TH PASS,42,8665713,0
BIHAR,UJIARPUR,RAJ KUMAR CHAUHAN,BIHAR LOK NIRMAN DAL,0,10TH PASS,57,,
BIHAR,UJIARPUR,RAMASHRAY THAKUR,IND,0,LITERATE,63,6404094,0
BIHAR,UJIARPUR,SUDHIR KUMAR RAY,IND,0,GRADUATE PROFESSIONAL,27,6876444,1356760
BIHAR,VAISHALI,VEENA DEVI,LJP,2,10TH PASS,48,337284632,112089220
BIHAR,VAISHALI,ABHA RAI,IND,0,8TH PASS,26,5396670,680000
BIHAR,VAISHALI,ABHAY KUMAR SHARMA,IND,0,DOCTORATE,45,10245902,0
BIHAR,VAISHALI,AMIT VIKRAM,JANTANTRIK VIKAS PARTY,0,10TH PASS,39,,
BIHAR,VAISHALI,ARVIND KUMAR SINGH,IND,0,DOCTORATE,55,8950750,0
BIHAR,VAISHALI,BALAK NATH SAHNI,RASHTRIYA MAHAN GANTANTRA PARTY,0,GRADUATE,49,612000,0
BIHAR,VAISHALI,BEENA DEVI W/O AJIT KUMAR RAY,IND,0,8TH PASS,34,,
BIHAR,VAISHALI,DHANVANTI DEVI,LOK CHETNA DAL,0,LITERATE,32,7656000,0
BIHAR,VAISHALI,ISMOHAMAD ALIAS MD. MUNNA,IND,0,GRADUATE,36,1595000,0
BIHAR,VAISHALI,NARESH RAM,SUCI(C),0,12TH PASS,43,28300,0
BIHAR,VAISHALI,PANKAJ KUMAR,IND,1,GRADUATE PROFESSIONAL,46,25076000,200000
BIHAR,VAISHALI,RAGHUVANSH PRASAD SINGH,RJD,2,DOCTORATE,72,,
BIHAR,VAISHALI,RAMESHWAR SAH,RASHTRIYA PRAGATI PARTY,0,POST GRADUATE,38,315376,0
BIHAR,VAISHALI,RESHAMI DEVI,BAJJIKANCHAL VIKAS PARTY,0,LITERATE,46,463500,0
BIHAR,VAISHALI,RINKU DEVI1,IND,0,8TH PASS,37,,
BIHAR,VAISHALI,SATISH KUMAR MISHRA,RASHTRIYA JANSAMBHAVNA PARTY,0,12TH PASS,37,5570000,0
BIHAR,VAISHALI,SHANKAR MAHTO,BSP,4,12TH PASS,46,7073515,104766
BIHAR,VAISHALI,SURESH KUMAR GUPTA,IND,0,12TH PASS,30,2160000,0
BIHAR,VAISHALI,VIDYA BHUSHAN,SAPAKS PARTY,0,10TH PASS,49,,
BIHAR,VALMIKI NAGAR,BAIDYANATH PRASAD MAHTO,JD(U),4,10TH PASS,62,17934888,2915945
BIHAR,VALMIKI NAGAR,BHOLA RAY,SUHELDEV BHARTIYA SAMAJ PARTY,0,LITERATE,57,194000,0
BIHAR,VALMIKI NAGAR,DEEPAK YADAV,BSP,1,GRADUATE PROFESSIONAL,42,,
BIHAR,VALMIKI NAGAR,DURGESH SINGH CHAUHAN,BIHAR LOK NIRMAN DAL,0,12TH PASS,40,2777000,158000
BIHAR,VALMIKI NAGAR,MANOJ KUMAR,JANHIT KISAN PARTY,0,12TH PASS,28,4109638,2200000
BIHAR,VALMIKI NAGAR,MUNNA SINGH,IND,0,POST GRADUATE,46,,
BIHAR,VALMIKI NAGAR,RAJESH KUSHWAHA,RASHTRIYA SARVJAN VIKAS PARTY,0,5TH PASS,27,2389500,90000
BIHAR,VALMIKI NAGAR,RAKESH KEWAT,RASHTRIYA HIND SENA,0,8TH PASS,35,15516300,765000
BIHAR,VALMIKI NAGAR,SHASHWAT KEDAR,INC,0,GRADUATE,32,21370000,1728000
BIHAR,VALMIKI NAGAR,SHIV KUMAR CHAUDHARY,BHARATIYA BAHUJAN CONGRESS,0,8TH PASS,55,40000,0
BIHAR,VALMIKI NAGAR,SURESH SAH,IND,0,OTHERS,54,,
BIHAR,VALMIKI NAGAR,SUSHMA DEVI,SHS,2,POST GRADUATE,38,41780000,100000
BYE ELECTION ON 07-11-2020 : BIHAR,VALMIKI NAGAR,SUNIL KUMAR,JD(U),0,GRADUATE,35,5261775,200623
BYE ELECTION ON 07-11-2020 : BIHAR,VALMIKI NAGAR,ANKUR SHARMA,IND,0,POST GRADUATE,35,25979055,0
BYE ELECTION ON 07-11-2020 : BIHAR,VALMIKI NAGAR,DHIRAJ KUMAR,JANATA CONGRESS,0,12TH PASS,35,5722390,0
BYE ELECTION ON 07-11-2020 : BIHAR,VALMIKI NAGAR,LOKESH PATEL,IND,0,GRADUATE PROFESSIONAL,27,,
BYE ELECTION ON 07-11-2020 : BIHAR,VALMIKI NAGAR,PRAVESH KUMAR MISHRA,INC,0,GRADUATE,44,56456831,3012217
BYE ELECTION ON 07-11-2020 : BIHAR,VALMIKI NAGAR,PREM KUMAR CHOWDHARY,RASHTRIYA LOK SAMTA PARTY,0,GRADUATE PROFESSIONAL,38,101468726,9298567
BYE ELECTION ON 07-11-2020 : BIHAR,VALMIKI NAGAR,SHAILENDRA KUMAR,BHARTIYA PANCHYAT PARTY,6,GRADUATE,45,,
CHANDIGARH,CHANDIGARH,KIRRON KHER,BJP,0,POST GRADUATE,66,474983574,6279188
CHANDIGARH,CHANDIGARH,AKHLESH KUMAR,IND,0,12TH PASS,30,142670,0
CHANDIGARH,CHANDIGARH,AVINASH SINGH SHARMA,CHANDIGARH KI AAWAZ PARTY,1,10TH PASS,48,20233248,2929285
CHANDIGARH,CHANDIGARH,BHUPINDER KAUR,SARVJAN SEWA PARTY,0,8TH PASS,55,,
CHANDIGARH,CHANDIGARH,BOOTA SINGH,IND,0,POST GRADUATE,68,27394328,1000000
CHANDIGARH,CHANDIGARH,DEVI SIROHI,IND,0,DOCTORATE,66,61661454,68610
CHANDIGARH,CHANDIGARH,GURMAIL SINGH,AIFB,1,10TH PASS,41,,
CHANDIGARH,CHANDIGARH,HARMOHAN DHAWAN,AAP,0,POST GRADUATE,78,243011000,0
CHANDIGARH,CHANDIGARH,JAGDISH KUMAR NIDAN,HINDUSTAN SHAKTI SENA,0,10TH PASS,61,2656000,2200000
CHANDIGARH,CHANDIGARH,KARAN VASUDEVA,IND,0,GRADUATE,34,12366296,0
CHANDIGARH,CHANDIGARH,LASHKAR SINGH,CPI(ML) RED STAR,1,GRADUATE,78,,
CHANDIGARH,CHANDIGARH,MANJEET SINGH BOHAT,IND,0,POST GRADUATE,38,5856000,1800000
CHANDIGARH,CHANDIGARH,MUKESH PACHARA,AMBEDKAR NATIONAL CONGRESS,0,12TH PASS,58,779372,174000
CHANDIGARH,CHANDIGARH,NAWAB ALI,RASHTRIYA LOKSWARAJ PARTY,0,8TH PASS,44,,
CHANDIGARH,CHANDIGARH,NIDHI KANSAL,IND,0,POST GRADUATE,38,9117000,0
CHANDIGARH,CHANDIGARH,PARVEEN KUMAR,BSP,0,OTHERS,44,686891,0
CHANDIGARH,CHANDIGARH,PREM LATA,IND,0,5TH PASS,75,136885178,0
CHANDIGARH,CHANDIGARH,RAJ KAMAL SINGH,IND,0,8TH PASS,32,233100,0
CHANDIGARH,CHANDIGARH,RAM KUMAR,IND,0,8TH PASS,38,,
CHANDIGARH,CHANDIGARH,RAMNEET,BHARTIYA KISAN PARTY,0,POST GRADUATE,41,2550000,0
CHANDIGARH,CHANDIGARH,SANDEEP BIDLA,BAHUJAN MUKTI PARTY,0,10TH PASS,32,351900,5253
CHANDIGARH,CHANDIGARH,SANJAY BALAAN,BHARTIYA JAN SAMMAN PARTY,0,ILLITERATE,38,,
CHANDIGARH,CHANDIGARH,SARABJEET SINGH SOHAL,BHARTIYA RASHTRAWADI PARTY,0,GRADUATE PROFESSIONAL,67,194404172,1000000
CHANDIGARH,CHANDIGARH,SATISH KUMAR,JANRAL SAMAJ PARTY,0,GRADUATE PROFESSIONAL,60,54633716,600910
CHANDIGARH,CHANDIGARH,SHAMBHU,SAMAJ ADHIKAR KALYAN PARTY,0,5TH PASS,41,5412500,100000
CHANDIGARH,CHANDIGARH,SHARMILA JOHARI,BHARAT PRABHAT PARTY,0,GRADUATE,38,12340126,2064433
CHANDIGARH,CHANDIGARH,SUBHASH CHANDER GOYAL,RPI(A),0,OTHERS,56,,
CHANDIGARH,CHANDIGARH,SUBHASH TAMOLI,BAHUJAN SAMAJ PARTY (AMBEDKAR),0,5TH PASS,54,253049,0
CHANDIGARH,CHANDIGARH,SUNITA,IND,0,12TH PASS,25,186717,60000
CHANDIGARH,CHANDIGARH,TEJINDER SINGH WALIA,IND,0,10TH PASS,77,,
CHANDIGARH,CHANDIGARH,UDAY RAJ,IND,0,10TH PASS,36,673325,230000
CHANDIGARH,CHANDIGARH,YOGESH DHINGRA,IND,0,POST GRADUATE,30,268777,0
CHHATTISGARH,BASTAR,DEEPAK KUMAR BAIJ,INC,1,POST GRADUATE,38,,
CHHATTISGARH,BASTAR,AAYTU RAM MANDAVI,BSP,0,8TH PASS,55,547094,0
CHHATTISGARH,BASTAR,BAIDU RAM KASHYAP,BJP,2,10TH PASS,46,16073844,141005
CHHATTISGARH,BASTAR,MANGALARAM KARMA,AKHIL BHARAT SAMAGRA KRANTI PARTY,0,12TH PASS,40,1726000,0
CHHATTISGARH,BASTAR,PANEESH PRASAD NAG,AMBEDKARITE PARTY OF INDIA,0,POST GRADUATE,29,3444229,600000
CHHATTISGARH,BASTAR,RAMU RAM MOURYA,CPI,0,POST GRADUATE,42,,
CHHATTISGARH,BASTAR,SURESH KAWASI,SHS,0,5TH PASS,38,13538941,0
CHHATTISGARH,BILASPUR,ARUN SAO,BJP,0,GRADUATE PROFESSIONAL,51,13544588,50000
CHHATTISGARH,BILASPUR,ARUN KUMAR SAHU,IND,0,8TH PASS,42,61250,0
CHHATTISGARH,BILASPUR,ATAL SHRIVASTAV,INC,4,GRADUATE PROFESSIONAL,51,,
CHHATTISGARH,BILASPUR,AVISHEK EKKA,IND,0,POST GRADUATE,31,490000,0
CHHATTISGARH,BILASPUR,BALDAU PRASAD SAHU,IND,0,GRADUATE,46,1197650,0
CHHATTISGARH,BILASPUR,DUJRAM SAHU,IND,0,LITERATE,47,,
CHHATTISGARH,BILASPUR,HAIRSCHANDRA TELI (SAHU),IND,0,10TH PASS,50,250000,0
CHHATTISGARH,BILASPUR,HARISH KUMAR MANDWA,IND,0,GRADUATE PROFESSIONAL,38,244000,0
CHHATTISGARH,BILASPUR,INDRASEN MOGRE,IND,0,GRADUATE PROFESSIONAL,53,149000,0
CHHATTISGARH,BILASPUR,NAND KISHORE RAJ,GONDVANA GANTANTRA PARTY,0,POST GRADUATE,46,3842000,0
CHHATTISGARH,BILASPUR,POORAN LAL CHHABARIYA,SWABHIMAN PARTY,1,10TH PASS,56,,
CHHATTISGARH,BILASPUR,RAJU KHATIK,IND,0,10TH PASS,50,6090000,0
CHHATTISGARH,BILASPUR,RAMFAL MANDREY,AMBEDKARITE PARTY OF INDIA,0,POST GRADUATE,40,2397221,1025508
CHHATTISGARH,BILASPUR,RAMKUMAR GHATLAHARE,BHARTIYA LOKMAT RASHTRWADI PARTY,0,8TH PASS,46,,
CHHATTISGARH,BILASPUR,SALIK RAM JOGIVANSH,IND,0,POST GRADUATE,52,1087000,100000
CHHATTISGARH,BILASPUR,SANDEEP SINGH PORTE,ADHIKAR VIKAS PARTY,0,GRADUATE PROFESSIONAL,28,2722000,0
CHHATTISGARH,BILASPUR,SANTOSH KUMAR KAUSHAL,SHS,0,12TH PASS,47,3279613,726958
CHHATTISGARH,BILASPUR,SHAMBHU SHARMA,BHARAT BHOOMI PARTY,0,GRADUATE PROFESSIONAL,74,2970212,0
CHHATTISGARH,BILASPUR,SIDDHRAM LAHARE,RASHTRIYA JANSABHA PARTY,0,POST GRADUATE,44,,
CHHATTISGARH,BILASPUR,URMILA TIWARI,IND,0,POST GRADUATE,60,220000,0
CHHATTISGARH,BILASPUR,UTTAM DAS GURUGOSAI,BSP,0,12TH PASS,47,9874225,0
CHHATTISGARH,BILASPUR,VIDYA SAHU,IND,0,LITERATE,49,,
CHHATTISGARH,BILASPUR,YAMAN BANJARE,BHARTIYA KISAN PARTY,0,GRADUATE,26,23948167,0
CHHATTISGARH,DURG,VIJAY BAGHEL,BJP,0,GRADUATE,59,,
CHHATTISGARH,DURG,AATMA RAM SAHU,SUCI(C),0,POST GRADUATE,37,48000,0
CHHATTISGARH,DURG,ANOOP KUMAR PANDEY,IND,0,8TH PASS,30,525000,0
CHHATTISGARH,DURG,ANURAG SINGH,BHARTIYA KISAN PARTY,0,OTHERS,25,,
CHHATTISGARH,DURG,ARUN KUMAR JOSHI,IND,0,OTHERS,49,113812,0
CHHATTISGARH,DURG,FARID MOHAMMAD QURAISHI,GONDVANA GANTANTRA PARTY,0,GRADUATE PROFESSIONAL,37,232561,0
CHHATTISGARH,DURG,GEETANJALI SINGH,BSP,0,POST GRADUATE,25,,
CHHATTISGARH,DURG,GURU DADA LOKESH,IND,0,POST GRADUATE,65,6005000,0
CHHATTISGARH,DURG,HIDAR BHATI,SARVADHARAM PARTY,0,5TH PASS,52,1667000,0
CHHATTISGARH,DURG,MALIK RAM THAKUR,AMBEDKARITE PARTY OF INDIA,0,10TH PASS,57,8114967,350000
CHHATTISGARH,DURG,MANOJ GAYKWAD CHHATTISGARHIYA,IND,0,12TH PASS,29,2500,0
CHHATTISGARH,DURG,PITAMBAR LAL NISHAD,BHARAT PRABHAT PARTY,0,12TH PASS,30,,
CHHATTISGARH,DURG,POKHRAJ MESHRAM,BHARATIYA PRAJATANTRIK SHUDH GANDHIWADI KRISH,0,12TH PASS,47,122923,0
CHHATTISGARH,DURG,PRATIMA CHANDRAKAR,INC,0,12TH PASS,61,54656426,878370
CHHATTISGARH,DURG,PRAVEEN TIWARI,IND,0,GRADUATE,40,,
CHHATTISGARH,DURG,RAJ KUMAR GUPTA,CHHATTISGARH SWABHIMAN MANCH,0,POST GRADUATE,66,96788732,148000
CHHATTISGARH,DURG,RAJESH KUMAR DUBEY,BHARTIYA SHAKTI CHETNA PARTY,0,GRADUATE,49,9325683,2900000
CHHATTISGARH,DURG,SUNIL KUMAR MARKANDEY,IND,0,POST GRADUATE,35,392100,69000
CHHATTISGARH,DURG,TRESSA DAVID,INDIA PRAJA BANDHU PARTY,0,GRADUATE,53,430000,0
CHHATTISGARH,JANJGIR CHAMPA,GUHARAM AJGALLE,BJP,0,GRADUATE PROFESSIONAL,52,18400837,0
CHHATTISGARH,JANJGIR CHAMPA,AASHISH RATRE,PEOPLES PARTY OF INDIA (DEMOCRATIC),0,POST GRADUATE,52,7280000,0
CHHATTISGARH,JANJGIR CHAMPA,ASHARAM RATNAKAR,IND,0,GRADUATE,38,1024000,50000
CHHATTISGARH,JANJGIR CHAMPA,BHOJRAM BANJARE,RASHTRIYA JANSABHA PARTY,1,10TH PASS,60,,
CHHATTISGARH,JANJGIR CHAMPA,DAURAM SATNAMI,BSP,0,POST GRADUATE,60,18596521,1970757
CHHATTISGARH,JANJGIR CHAMPA,LAKHAN RAM CHOUHAN,BAHUJAN MUKTI PARTY,0,10TH PASS,67,,
CHHATTISGARH,JANJGIR CHAMPA,NARESH BAI JANGDE,SHS,0,12TH PASS,30,18000,0
CHHATTISGARH,JANJGIR CHAMPA,NARESH KUMAR DAHRIYA,RASHTRIYA GONDVANA PARTY,0,POST GRADUATE,41,681713,0
CHHATTISGARH,JANJGIR CHAMPA,RAVINDRA SHEKHAR BHARADWAJ,INC,0,GRADUATE,42,15316449,744582
CHHATTISGARH,JANJGIR CHAMPA,SEEMA AJAY,AMBEDKARITE PARTY OF INDIA,0,POST GRADUATE,25,999354,0
CHHATTISGARH,JANJGIR CHAMPA,SHANTI KUMAR RATRE,GONDVANA GANTANTRA PARTY,0,GRADUATE PROFESSIONAL,39,,
CHHATTISGARH,JANJGIR CHAMPA,SITABAI CHOUHAN,BHARTIYA SHAKTI CHETNA PARTY,0,NOT GIVEN,30,66000,0
CHHATTISGARH,JANJGIR CHAMPA,UDAY DAS RATRE,IND,0,12TH PASS,52,16300000,5200000
CHHATTISGARH,JANJGIR CHAMPA,VRANDA CHOUHAN,CHHATTISGARH VIKAS GANGA RASHTRIYA PARTY,0,ILLITERATE,40,,
CHHATTISGARH,KANKER,MOHAN MANDAVI,BJP,0,POST GRADUATE,61,,
CHHATTISGARH,KANKER,BIRESH THAKUR,INC,0,POST GRADUATE,52,6666614,0
CHHATTISGARH,KANKER,DURGAPRASAD THAKUR,AMBEDKARITE PARTY OF INDIA,0,POST GRADUATE,43,2137880,500000
CHHATTISGARH,KANKER,GHANSHYAM JURRI,GONDVANA GANTANTRA PARTY,0,12TH PASS,44,,
CHHATTISGARH,KANKER,HARISINGH SIDAR,IND,0,10TH PASS,73,1080000,100000
CHHATTISGARH,KANKER,MATHAN SINGH MARKAM,BHARTIYA SHAKTI CHETNA PARTY,0,POST GRADUATE,40,985000,0
CHHATTISGARH,KANKER,NAREND NAG,IND,0,12TH PASS,37,1012600,2375000
CHHATTISGARH,KANKER,SUBE SINGH DHURVA,BSP,0,10TH PASS,47,896500,0
CHHATTISGARH,KORBA,JYOTSNA MAHANT,INC,0,POST GRADUATE,65,150639697,0
CHHATTISGARH,KORBA,CHANDRA BHUSHAN KANWAR,AMBEDKARITE PARTY OF INDIA,0,POST GRADUATE,41,35600,0
CHHATTISGARH,KORBA,DEEPAK KUMAR SAHU,IND,0,POST GRADUATE,33,15668237,0
CHHATTISGARH,KORBA,JYOTI NAND DUBEY,BJP,0,10TH PASS,52,,
CHHATTISGARH,KORBA,LAKHAN LAL DEWANGAN,IND,0,10TH PASS,44,1874834,0
CHHATTISGARH,KORBA,LILAMBAR SINGH,BHARTIYA TRIBAL PARTY,0,POST GRADUATE,58,,
CHHATTISGARH,KORBA,PARMIT SINGH,BSP,1,12TH PASS,45,6504950,840000
CHHATTISGARH,KORBA,PRAMOD KUMAR SHARMA,IND,0,12TH PASS,60,12197539,5600000
CHHATTISGARH,KORBA,RAJESH PANDEY,BHARAT BHOOMI PARTY,1,8TH PASS,43,1858000,439000
CHHATTISGARH,KORBA,RAMDAYAL URAON,IND,0,10TH PASS,58,5000,0
CHHATTISGARH,KORBA,SUMAN LAL KHANDE,RASHTRIYA JANSABHA PARTY,0,5TH PASS,42,,
CHHATTISGARH,KORBA,TULESHWAR MARKAM,GONDVANA GANTANTRA PARTY,0,GRADUATE PROFESSIONAL,45,2713663,0
CHHATTISGARH,MAHASAMUND,CHUNNI LAL SAHU,BJP,0,GRADUATE,51,17591683,1383014
CHHATTISGARH,MAHASAMUND,ASHOK SONI,AMBEDKARITE PARTY OF INDIA,0,8TH PASS,40,100000,0
CHHATTISGARH,MAHASAMUND,BHOJLAL NETAM,CPI(ML) RED STAR,0,5TH PASS,69,726000,0
CHHATTISGARH,MAHASAMUND,CHAMPALAL PATEL,IND,0,GRADUATE,57,,
CHHATTISGARH,MAHASAMUND,DEVENDAR SINGH THAKUR (RAJPUT),IND,1,12TH PASS,33,3775400,0
CHHATTISGARH,MAHASAMUND,DHANENDRA SAHU,INC,0,12TH PASS,66,,
CHHATTISGARH,MAHASAMUND,DHANSING KOSARIYA,BSP,2,12TH PASS,48,676500,160000
CHHATTISGARH,MAHASAMUND,DR. VIRENDRA CHOUDHARY,BHARTIYA SHAKTI CHETNA PARTY,0,OTHERS,52,18920000,3400000
CHHATTISGARH,MAHASAMUND,KHILAWAN SINGH DHRUW,IND,0,12TH PASS,45,4405000,155000
CHHATTISGARH,MAHASAMUND,ROHIT KUMAR KOSRE,RASHTRIYA JANSABHA PARTY,0,5TH PASS,38,158000,100000
CHHATTISGARH,MAHASAMUND,SANTOSH BANJARE,IND,0,12TH PASS,40,,
CHHATTISGARH,MAHASAMUND,TARUN KUMAR DADSENA,IND,2,GRADUATE,48,3025013,972167
CHHATTISGARH,RAIGARH,GOMATI,BJP,0,12TH PASS,43,7043539,0
CHHATTISGARH,RAIGARH,AMRIT TIRKEY,PRAGATISHIL SAMAJWADI PARTY (LOHIA),0,10TH PASS,42,600000,0
CHHATTISGARH,RAIGARH,INNOCENT KUJUR,BSP,0,GRADUATE,58,,
CHHATTISGARH,RAIGARH,JAI SINGH SIDAR,GONDVANA GANTANTRA PARTY,0,8TH PASS,42,1655057,0
CHHATTISGARH,RAIGARH,JYOTI BHAGAT,KISAN MAZDOOR SANGHARSH PARTY,0,12TH PASS,37,250000,0
CHHATTISGARH,RAIGARH,KRIPASHANKAR BHAGAT,BHARTIYA TRIBAL PARTY,0,POST GRADUATE,44,,
CHHATTISGARH,RAIGARH,LALJEET SINGH RATHIYA,INC,1,POST GRADUATE,42,7254977,2080854
CHHATTISGARH,RAIGARH,NAVAL KISHOR RATHIYA,IND,0,GRADUATE PROFESSIONAL,29,174000,0
CHHATTISGARH,RAIGARH,RAVISHANKAR SIDAR,AMBEDKARITE PARTY OF INDIA,0,10TH PASS,29,4000,0
CHHATTISGARH,RAIGARH,TARIKA TARANGINI URAON,IND,1,12TH PASS,39,300401663,0
CHHATTISGARH,RAIGARH,TEJRAM SIDAR,IND,0,10TH PASS,50,,
CHHATTISGARH,RAIGARH,VIJAY LAKARA,SHS,0,10TH PASS,39,338025,3000
CHHATTISGARH,RAIGARH,VIR KUMAR TIGGA,BAHUJAN MUKTI PARTY,0,12TH PASS,41,532300,0
CHHATTISGARH,RAIPUR,SUNIL KUMAR SONI,BJP,0,GRADUATE,57,46068126,2482214
CHHATTISGARH,RAIPUR,AJAY CHAKOLE,GONDVANA GANTANTRA PARTY,0,GRADUATE,50,35914112,0
CHHATTISGARH,RAIPUR,BANMALI CHHURA,BHARATIYA BAHUJAN PARTY,0,12TH PASS,36,228300,55500
CHHATTISGARH,RAIPUR,CHHABI LAL KANWAR,BHARTIYA SHAKTI CHETNA PARTY,0,12TH PASS,40,,
CHHATTISGARH,RAIPUR,DEVENDRA KUMAR PATIL,SUCI(C),0,GRADUATE,37,24000,0
CHHATTISGARH,RAIPUR,DEVKI DUBEY,RPI(A),0,10TH PASS,51,3450000,1000000
CHHATTISGARH,RAIPUR,DR. YOGITA BAJPAI,SARVODAYA BHARAT PARTY,0,DOCTORATE,49,,
CHHATTISGARH,RAIPUR,IKRAM SAIFI,AMBEDKARITE PARTY OF INDIA,0,LITERATE,52,60000000,7000000
CHHATTISGARH,RAIPUR,KHILESH KUMAR SAHU,BSP,0,12TH PASS,29,5485100,1746536
CHHATTISGARH,RAIPUR,NAVIN GUPTA,IND,0,10TH PASS,47,71374199,20658188
CHHATTISGARH,RAIPUR,PRAMOD DUBEY,INC,0,POST GRADUATE,53,64682454,7605574
CHHATTISGARH,RAIPUR,PRAVIN JAIN,IND,0,10TH PASS,54,,
CHHATTISGARH,RAIPUR,PRITESH PANDEY,IND,0,POST GRADUATE,25,383800,0
CHHATTISGARH,RAIPUR,RAMDYAL DAHARIYA,IND,0,8TH PASS,60,2069118,0
CHHATTISGARH,RAIPUR,RAMKRISHNA VERMA,IND,0,8TH PASS,60,,
CHHATTISGARH,RAIPUR,RUPESH SAHU,IND,0,10TH PASS,38,202000,0
CHHATTISGARH,RAIPUR,SANJU KUMAR YADAV,IND,0,10TH PASS,35,22131,0
CHHATTISGARH,RAIPUR,SANTOSH SAHU,IND,0,GRADUATE,29,1026580,1045000
CHHATTISGARH,RAIPUR,SHAILENDRA KUMAR BANJARE,SHAKTI SENA (BHARAT DESH),0,POST GRADUATE,42,609836000,4675000
CHHATTISGARH,RAIPUR,SHANKAR LAL VARDANI,IND,0,ILLITERATE,54,,
CHHATTISGARH,RAIPUR,TAMESHWAR SAHU,BHARTIYA KISAN PARTY,0,5TH PASS,28,3469500,90000
CHHATTISGARH,RAIPUR,TARJAN JANGDE,IND,0,12TH PASS,48,,
CHHATTISGARH,RAIPUR,VIJAY KUMAR KURRE,RASHTRIYA JANSABHA PARTY,0,12TH PASS,36,518400,160000
CHHATTISGARH,RAJNANDGAON,SANTOSH PANDEY,BJP,0,GRADUATE PROFESSIONAL,51,,
CHHATTISGARH,RAJNANDGAON,AJAY PALI,SHS,0,5TH PASS,40,502403,880
CHHATTISGARH,RAJNANDGAON,BAIDYA SHEKHU RAM VERMA,AMBEDKARITE PARTY OF INDIA,0,POST GRADUATE,52,6480674,820000
CHHATTISGARH,RAJNANDGAON,BHOLA RAM SAHU,INC,0,8TH PASS,60,,
CHHATTISGARH,RAJNANDGAON,DR. GOJUPAL,RPI(A),1,GRADUATE,53,2350000,0
CHHATTISGARH,RAJNANDGAON,KAMINI SAHU,IND,0,12TH PASS,34,52000,0
CHHATTISGARH,RAJNANDGAON,KRANTI GUPTA,IND,0,10TH PASS,46,,
CHHATTISGARH,RAJNANDGAON,MAHENDRA KUMAR SAHU,FORWARD DEMOCRATIC LABOUR PARTY,0,GRADUATE PROFESSIONAL,35,1749490,681000
CHHATTISGARH,RAJNANDGAON,PRATIMA SANTOSH WASHNIK,REPUBLICAN PAKSHA (KHORIPA),0,10TH PASS,38,6000,0
CHHATTISGARH,RAJNANDGAON,RAVITA LAKRA (DHRUV),BSP,0,POST GRADUATE,45,3892830,23000
CHHATTISGARH,RAJNANDGAON,SACHCHIDANAND KAUSHIK,IND,0,12TH PASS,33,514600,290000
CHHATTISGARH,RAJNANDGAON,SUDESH TIKAM,IND,3,10TH PASS,52,2915682,252190
CHHATTISGARH,RAJNANDGAON,VISHWANATH SINGH PORTE,GONDVANA GANTANTRA PARTY,0,12TH PASS,49,5420000,0
CHHATTISGARH,SURGUJA,RENUKA SINGH SARUTA,BJP,0,12TH PASS,55,27682493,3251275
CHHATTISGARH,SURGUJA,ASHA DEVI POYA,GONDVANA GANTANTRA PARTY,0,GRADUATE PROFESSIONAL,44,2768500,1000000
CHHATTISGARH,SURGUJA,CHANDRADEEP SINGH KORCHO,RASHTRIYA JANSABHA PARTY,0,GRADUATE,26,120000,0
CHHATTISGARH,SURGUJA,GUMAN SINGH POYA,AMBEDKARITE PARTY OF INDIA,0,12TH PASS,34,,
CHHATTISGARH,SURGUJA,KHEL SAI SINGH,INC,0,POST GRADUATE,72,76086898,7070521
CHHATTISGARH,SURGUJA,MAYA PRAJAPATI,BSP,0,POST GRADUATE,40,7849844,0
CHHATTISGARH,SURGUJA,MOHAN SINGH TEKAM,SHS,0,8TH PASS,41,,
CHHATTISGARH,SURGUJA,PALSAY URANV,IND,0,8TH PASS,38,1620000,0
CHHATTISGARH,SURGUJA,PAWAN KUMAR NAG,BAHUJAN MUKTI PARTY,0,GRADUATE,39,80000,0
DADRA & NAGAR HAVELI,DADRA AND NAGAR HAVELI,DELKAR MOHANBHAI SANJIBHAI,IND,0,GRADUATE,56,,
DADRA & NAGAR HAVELI,DADRA AND NAGAR HAVELI,BHIKHLABHAI VANSABHAI KHULAT,BHARTIYA TRIBAL PARTY,1,10TH PASS,51,,0
DADRA & NAGAR HAVELI,DADRA AND NAGAR HAVELI,DAYAT MANOJ RANCHOD,IND,0,12TH PASS,31,168959,84060
DADRA & NAGAR HAVELI,DADRA AND NAGAR HAVELI,DONGARKAR ISHWARBHAI GOPJIBHAI,BSP,0,LITERATE,34,84000,0
DADRA & NAGAR HAVELI,DADRA AND NAGAR HAVELI,HALPATI RAJESHBHAI BHANABHAI,NAVSARJAN BHARAT PARTY,0,12TH PASS,35,,0
DADRA & NAGAR HAVELI,DADRA AND NAGAR HAVELI,JANATHIYA PRAVINBHAI LADAKBHAI,BAHUJAN MUKTI PARTY,0,12TH PASS,31,,
DADRA & NAGAR HAVELI,DADRA AND NAGAR HAVELI,KURADA DEEPAKBHAI,IND,0,GRADUATE,33,20095,0
DADRA & NAGAR HAVELI,DADRA AND NAGAR HAVELI,PATEL ANKITA AMRUTBHAI,SHS,0,GRADUATE PROFESSIONAL,35,46486347,12206998
DADRA & NAGAR HAVELI,DADRA AND NAGAR HAVELI,PATEL NATUBHAI GOMANBHAI,BJP,6,5TH PASS,46,496942663,215617501
DADRA & NAGAR HAVELI,DADRA AND NAGAR HAVELI,TOKIYA PRABHUBHAI,INC,1,12TH PASS,40,5430633,0
BYE ELECTION ON 30-10-2021 : DADRA & NAGAR HAVELI,DADRA AND NAGAR HAVELI,DELKAR KALABEN MOHANBHAI,SHS,0,GRADUATE,50,707774495,22768079
BYE ELECTION ON 30-10-2021 : DADRA & NAGAR HAVELI,DADRA AND NAGAR HAVELI,DHODI MAHESHBHAI BALUBHAI,INC,0,GRADUATE,49,1564347,2028036
BYE ELECTION ON 30-10-2021 : DADRA & NAGAR HAVELI,DADRA AND NAGAR HAVELI,GANESH BHUJADA,BHARTIYA TRIBAL PARTY,0,5TH PASS,37,,
BYE ELECTION ON 30-10-2021 : DADRA & NAGAR HAVELI,DADRA AND NAGAR HAVELI,GAVIT MAHESHBHAI,BJP,0,GRADUATE,44,8558400,1611515
DAMAN & DIU,DAMAN AND DIU,PATEL LALUBHAI BABUBHAI,BJP,0,8TH PASS,63,213993750,9969514
DAMAN & DIU,DAMAN AND DIU,KETAN DAHYABHAI PATEL,INC,5,OTHERS,44,173232473,43113473
DAMAN & DIU,DAMAN AND DIU,PATEL UMESHBHAI BABUBHAI,IND,8,GRADUATE,42,,
DAMAN & DIU,DAMAN AND DIU,SAKIL LATIF KHAN,BSP,0,5TH PASS,32,330000,0
GOA,NORTH GOA,SHRIPAD YESSO NAIK,BJP,0,GRADUATE,66,,
GOA,NORTH GOA,AISHWARYA ARJUN SALGAONKAR,IND,2,10TH PASS,40,234069,0
GOA,NORTH GOA,AMIT ATMARAM KORGAONKAR,REPUBLICAN PARTY OF INDIA (KAMBLE),0,GRADUATE,40,363895,105000
GOA,NORTH GOA,BHAGAWANT SADANAND KAMAT,IND,0,GRADUATE PROFESSIONAL,57,,
GOA,NORTH GOA,DATTATRAYA VITTAL PADGAONKAR,AAP,0,GRADUATE,59,19819040,0
GOA,NORTH GOA,GIRISH RAYA CHODANKAR,INC,0,POST GRADUATE,52,14393879,1758927
GOA,SOUTH GOA,COSME FRANCISCO CAITANO SARDINHA,INC,0,GRADUATE PROFESSIONAL,73,79402232,0
GOA,SOUTH GOA,ADV NARENDRA SAWAIKAR,BJP,0,GRADUATE PROFESSIONAL,52,14526550,0
GOA,SOUTH GOA,DR. KALIDAS PRAKASH VAINGANKAR,IND,0,GRADUATE PROFESSIONAL,39,,
GOA,SOUTH GOA,ELVIS GOMES,AAP,1,GRADUATE PROFESSIONAL,56,9676888,0
GOA,SOUTH GOA,MAYUR KHANCONKAR,IND,0,GRADUATE,28,1240000,0
GOA,SOUTH GOA,RAKHI AMIT NAIK,SHS,1,GRADUATE,34,,
GUJARAT,AHMEDABAD EAST,PATEL HASMUKHBHAI SOMABHAI,BJP,0,OTHERS,58,,
GUJARAT,AHMEDABAD EAST,ATULBHAI NANUBHAI KATHIRIYA,IND,0,GRADUATE,34,2895740,33199
GUJARAT,AHMEDABAD EAST,BHARVAD SAILESHKUMAR KALIDAS,IND,2,8TH PASS,42,3590000,1800000
GUJARAT,AHMEDABAD EAST,BHATT SUNILKUMAR NARENDRABHAI,RIGHT TO RECALL PARTY,0,POST GRADUATE,38,,
GUJARAT,AHMEDABAD EAST,CHAUHAN KIRITBHAI,IND,0,10TH PASS,45,2850000,0
GUJARAT,AHMEDABAD EAST,CHAUHAN NARENDRA SINH MAKHATUL SINH,YUVA JAN JAGRITI PARTY,0,GRADUATE,51,5310700,16071
GUJARAT,AHMEDABAD EAST,DEVDA DASHARATH MISARILAL,IND,1,5TH PASS,55,,
GUJARAT,AHMEDABAD EAST,DR. HITESHKUMAR MAHENDRABHAI,NIRBHAY BHARTEEY PARTY,0,GRADUATE PROFESSIONAL,38,5466908,2133343
GUJARAT,AHMEDABAD EAST,GEETABEN PATEL,INC,6,10TH PASS,39,40375418,3121888
GUJARAT,AHMEDABAD EAST,KADRI MOHAMMAD SABIR,AMBEDKAR NATIONAL CONGRESS,0,5TH PASS,33,50000,0
GUJARAT,AHMEDABAD EAST,MAHESH PRABHUDAS AHUJA,IND,1,OTHERS,57,11137240,1528108
GUJARAT,AHMEDABAD EAST,MANOJ PREMCHAND GUPTA,SARVODAYA BHARAT PARTY,0,8TH PASS,35,,
GUJARAT,AHMEDABAD EAST,MINAXIBEN RAKESHKUMAR SOLANKI,IND,0,GRADUATE,32,6963794,0
GUJARAT,AHMEDABAD EAST,MISHRA ARJUN RAMSHANKAR,JAN SANGHARSH VIRAT PARTY,0,OTHERS,27,95166,161113
GUJARAT,AHMEDABAD EAST,MISHRA RAJKUMAR MALEKCHAND,IND,0,12TH PASS,36,,
GUJARAT,AHMEDABAD EAST,MUNDRA ANILKUMAR,LOK GATHBANDHAN PARTY,0,GRADUATE PROFESSIONAL,40,1839497,324958
GUJARAT,AHMEDABAD EAST,PARESHKUMAR NANUBHAI MULANI,IND,0,DOCTORATE,47,2100000,0
GUJARAT,AHMEDABAD EAST,RAJESH MAURYA,PRAJATANTRA AADHAR PARTY,0,10TH PASS,44,17796,0
GUJARAT,AHMEDABAD EAST,SAMIRBHAI RAJESHBHAI UPADHYAY,MANVADHIKAR NATIONAL PARTY,0,8TH PASS,37,95000,0
GUJARAT,AHMEDABAD EAST,SHARMA BRIJESHKUMAR UJAGARLAL,IND,0,GRADUATE,38,,
GUJARAT,AHMEDABAD EAST,SHEKH SALMABANU MOHAMAD SALIM,IND,0,8TH PASS,33,140000,0
GUJARAT,AHMEDABAD EAST,THAKUR JITENDRASINH SURENDRASINH,LOKTANTRIK RASHRTAVADI PARTY,0,12TH PASS,33,1198040,49305
GUJARAT,AHMEDABAD EAST,VAGHELA GANESHBHAI NARSINHBHAI,BSP,0,12TH PASS,59,,
GUJARAT,AHMEDABAD EAST,VEKARIYA RUSHI BHARATBHAI (PATEL),HINDUSTHAN NIRMAN DAL,0,12TH PASS,25,10055717,757236
GUJARAT,AHMEDABAD EAST,VIRAT PRADIP SHAH,JAN SATYA PATH PARTY,0,12TH PASS,45,14301000,798000
GUJARAT,AHMEDABAD WEST,DR. SOLANKI KIRITBHAI,BJP,0,POST GRADUATE,69,89474039,0
GUJARAT,AHMEDABAD WEST,BHITORA BHAVESH CHIMANBHAI,IND,0,12TH PASS,34,66000,21000
GUJARAT,AHMEDABAD WEST,CHAUHAN HARISHBHAI JETHABHAI,RASHTRIYA POWER PARTY,0,GRADUATE PROFESSIONAL,40,3293451,0
GUJARAT,AHMEDABAD WEST,DIPIKA JITENDRAKUMAR SUTARIA,MANVADHIKAR NATIONAL PARTY,0,12TH PASS,49,,
GUJARAT,AHMEDABAD WEST,HARSHADKUMAR LAXMANBHAI SOLANKI,RIGHT TO RECALL PARTY,0,10TH PASS,28,149586,0
GUJARAT,AHMEDABAD WEST,JADAV ULPESH JYANTILAL,PEOPLES PARTY OF INDIA (DEMOCRATIC),0,POST GRADUATE,37,,
GUJARAT,AHMEDABAD WEST,MAHEDIA MAHENDRABHAI PARSOTTAMDAS,IND,1,GRADUATE,62,14182000,400000
GUJARAT,AHMEDABAD WEST,MALHOTRA PANKAJKUMAR DAYABHAI (DOCTOR SAHEB),IND,0,GRADUATE PROFESSIONAL,45,4000,0
GUJARAT,AHMEDABAD WEST,SOLANKI CHIRAGBHAI SOMABHAI,JAN SATYA PATH PARTY,0,GRADUATE PROFESSIONAL,59,447440,0
GUJARAT,AHMEDABAD WEST,TRIBHOVANDAS KARSANDAS VAGHELA,BSP,0,8TH PASS,66,5354000,0
GUJARAT,AHMEDABAD WEST,VAGHELA ASHWINBHAI AMRUTBHAI,BHARTIYA TRIBAL PARTY,0,8TH PASS,37,,
GUJARAT,AHMEDABAD WEST,VEDUBHAI SIRASAT KAUTIKBHAI,AMBEDKARITE PARTY OF INDIA,0,8TH PASS,47,3300,0
GUJARAT,AMRELI,KACHHADIYA NARANBHAI BHIKHABHAI,BJP,0,12TH PASS,64,35900763,828961
GUJARAT,AMRELI,BAGDA HIMMATBHAI DANJIBHAI,IND,2,GRADUATE PROFESSIONAL,50,9701209,0
GUJARAT,AMRELI,CHAUHAN DAYABHAI BHAGVANBHAI,IND,0,LITERATE,54,1100000,130000
GUJARAT,AMRELI,CHAUHAN RAVJIBHAI MULABHAI,BSP,0,LITERATE,47,,
GUJARAT,AMRELI,DAYALA SUBHASHBHAI PARBATBHAI,IND,0,8TH PASS,42,540971,0
GUJARAT,AMRELI,DHAPA DHARAMSHIBHAI RAMJIBHAI,VYAVASTHA PARIVARTAN PARTY,2,10TH PASS,45,3060000,177000
GUJARAT,AMRELI,GOSAI RASIKPRAGAT SAMJUPRAGAT,IND,0,8TH PASS,45,,
GUJARAT,AMRELI,JERAMBHAI RAGHAVBHAI PARMAR,IND,2,5TH PASS,57,346000,0
GUJARAT,AMRELI,PARESH DHANANI,INC,0,GRADUATE,42,14342991,0
GUJARAT,AMRELI,SUKHDIYA NATHABHAI,IND,1,5TH PASS,44,8854262,210444
GUJARAT,AMRELI,VALODARA VRAJLAL JIVABHAI,IND,0,LITERATE,77,,
GUJARAT,ANAND,MITESHBHAI PATEL,BJP,2,OTHERS,54,77043053,7810840
GUJARAT,ANAND,BHARATBHAI CHHOTABHAI SOLANKI,IND,0,12TH PASS,38,351827,215000
GUJARAT,ANAND,BHARATBHAI MADHAVSINH SOLANKI,INC,0,GRADUATE PROFESSIONAL,65,54490955,1934855
GUJARAT,ANAND,BHATT ASHISHKUMAR MANOJKUMAR,AKHIL BHARATIYA JAN SANGH,0,12TH PASS,42,,
GUJARAT,ANAND,BHATT SUNILKUMAR NARENDRABHAI,RIGHT TO RECALL PARTY,0,POST GRADUATE,38,2505720,0
GUJARAT,ANAND,CHAVDA KAUSHIKKUMAR,IND,0,POST GRADUATE,45,11646000,100000
GUJARAT,ANAND,HITENDRASINH PARMAR,IND,0,8TH PASS,63,,
GUJARAT,ANAND,KEYUR PRAVINBHAI PATEL,IND,0,12TH PASS,39,2204103,272010
GUJARAT,ANAND,VANKAR RAMESHBHAI VALJIBHAI,BSP,0,12TH PASS,45,25000,0
GUJARAT,BANASKANTHA,PARBATBHAI PATEL,BJP,0,GRADUATE PROFESSIONAL,70,41819177,4500000
GUJARAT,BANASKANTHA,CHARMTA BHARATKUMAR KHEMABHAI,IND,1,POST GRADUATE,36,763763,70000
GUJARAT,BANASKANTHA,DESAI ISHVARBHAI,IND,0,LITERATE,58,1253500,600000
GUJARAT,BANASKANTHA,DR. CHANDRABEN,IND,1,DOCTORATE,56,,
GUJARAT,BANASKANTHA,JAGDISHJI PARTHIJI DHARANI,IND,0,12TH PASS,46,653714,105400
GUJARAT,BANASKANTHA,MADHU NIRUPABEN,IND,0,GRADUATE,40,351400,0
GUJARAT,BANASKANTHA,PADHIYAR BHARATKUMAR ISHVARLAL,IND,0,5TH PASS,42,,
GUJARAT,BANASKANTHA,PARMAR CHHAGANCHANDRARAJ DHANABHAI,IND,0,10TH PASS,52,4520750,0
GUJARAT,BANASKANTHA,PARTHIBHAI GALBABHAI BHATOL,INC,1,10TH PASS,75,40404078,2164385
GUJARAT,BANASKANTHA,PUROHIT SHYAMABEN NARANBHAI,IND,0,GRADUATE,33,2578000,2306381
GUJARAT,BANASKANTHA,TEJABHAI NETHIBHAI RABARI,BSP,1,LITERATE,49,,
GUJARAT,BANASKANTHA,THAKOR MELAJI MADARSINH,GARVI GUJARAT PARTY,0,8TH PASS,32,282029,0
GUJARAT,BANASKANTHA,THAKOR SWARUPJI SARDARJI,IND,0,8TH PASS,37,1705000,0
GUJARAT,BARDOLI,PARBHUBHAI NAGARBHAI VASAVA,BJP,0,OTHERS,49,28350217,3676869
GUJARAT,BARDOLI,ARVINDBHAI BHANABHAI RATHOD,IND,0,5TH PASS,49,157500,0
GUJARAT,BARDOLI,CHAUDHARI TUSHARBHAI AMARSINHBHAI,INC,0,GRADUATE PROFESSIONAL,53,69345867,0
GUJARAT,BARDOLI,DINESHBHAI GULABBHAI CHAUDHARI,BSP,0,POST GRADUATE,43,,
GUJARAT,BARDOLI,GAMIT KAUSHIKBHAI VIRENDRABHAI,SARDAR VALLABHBHAI PATEL PARTY,0,8TH PASS,43,290000,62300
GUJARAT,BARDOLI,GAMIT MOHANBHAI BABUBHAI,BAHUJAN REPUBLICAN SOCIALIST PARTY,0,GRADUATE PROFESSIONAL,74,2382000,0
GUJARAT,BARDOLI,GAMIT SURESHBHAI BABUBHAI,SVATANTRA BHARAT SATYAGRAH PARTY,0,10TH PASS,53,,
GUJARAT,BARDOLI,PRAGNESHBHAI RATILAL CHAUDHARI,IND,0,GRADUATE,41,5420035,2050000
GUJARAT,BARDOLI,UMEDBHAI BHIMSINGBHAI GAMIT,IND,0,8TH PASS,30,300000,0
GUJARAT,BARDOLI,VASAVA FATESINGBHAI VAHRIYABHAI,IND,0,8TH PASS,43,747750,0
GUJARAT,BARDOLI,VASAVA UTTAMBHAI SOMABHAI,BHARTIYA TRIBAL PARTY,1,12TH PASS,46,,
GUJARAT,BHARUCH,MANSUKHBHAI VASAVA,BJP,0,POST GRADUATE,61,,
GUJARAT,BHARUCH,CHHOTUBHAI VASAVA,BHARTIYA TRIBAL PARTY,6,10TH PASS,73,20146320,4595420
GUJARAT,BHARUCH,JITENDRA PARMAR,IND,0,GRADUATE PROFESSIONAL,56,21024000,0
GUJARAT,BHARUCH,MUKHTIYAR SHAIKH,IND,0,8TH PASS,57,54474,0
GUJARAT,BHARUCH,PARMAR ASHOKCHANDRA,IND,0,10TH PASS,58,36219720,0
GUJARAT,BHARUCH,PATEL IMRAN,IND,0,8TH PASS,37,,
GUJARAT,BHARUCH,PATHAN SALIMKHAN,SANYUKT VIKAS PARTY,0,8TH PASS,33,3187427,34000
GUJARAT,BHARUCH,RAFIKBHAI SAPA,IND,1,5TH PASS,51,160000,0
GUJARAT,BHARUCH,SABBIRBHAI PATEL,APNA DESH PARTY,0,5TH PASS,64,240000,0
GUJARAT,BHARUCH,SHERKHAN PATHAN,INC,3,12TH PASS,37,3343699,0
GUJARAT,BHARUCH,SINDHA KIRITSINH,IND,0,5TH PASS,40,,
GUJARAT,BHARUCH,SUKHDEV VASAVA,BAHUJAN MUKTI PARTY,0,8TH PASS,37,136000,0
GUJARAT,BHARUCH,VASAVA NAVINBHAI,IND,0,10TH PASS,56,876000,178000
GUJARAT,BHARUCH,VASAVA RAJESHBHAI,BSP,0,8TH PASS,34,,
GUJARAT,BHARUCH,VASHI NARENDRASINH,YUVA JAN JAGRITI PARTY,0,OTHERS,47,4130000,0
GUJARAT,BHARUCH,VIKRAMSINH GOHIL,IND,0,12TH PASS,37,4636000,0
GUJARAT,BHAVNAGAR,DR.BHARATIBEN DHIRUBHAI SHIYAL,BJP,0,GRADUATE PROFESSIONAL,55,17753161,3689036
GUJARAT,BHAVNAGAR,CHAMPABEN ZAVERBHAI CHAUHAN,IND,0,POST GRADUATE,59,3771365,0
GUJARAT,BHAVNAGAR,CHAUHAN AJAYKUMAR RAMRATANSINH,IND,2,12TH PASS,42,3646057,0
GUJARAT,BHAVNAGAR,DHAPA DHARAMSHIBHAI RAMJIBHAI,VYAVASTHA PARIVARTAN PARTY,2,10TH PASS,45,,
GUJARAT,BHAVNAGAR,HARESHBHAI BABUBHAI VEGAD,IND,2,LITERATE,35,7415000,3700000
GUJARAT,BHAVNAGAR,MANHARBHAI NAGJIBHAI PATEL,INC,0,10TH PASS,50,,
GUJARAT,BHAVNAGAR,SITAPARA SAGARBHAI BHURABHAI,IND,0,LITERATE,41,705104,0
GUJARAT,BHAVNAGAR,SONDARVA BHARATBHAI KANJIBHAI,SARDAR VALLABHBHAI PATEL PARTY,0,8TH PASS,40,1750000,150000
GUJARAT,BHAVNAGAR,ZALA RAMDEVSINH BHARATSINH,JAN SANGHARSH VIRAT PARTY,0,12TH PASS,32,2220000,0
GUJARAT,CHHOTA UDAIPUR,RATHVA GITABEN VAJESINGBHAI,BJP,0,12TH PASS,47,8634660,0
GUJARAT,CHHOTA UDAIPUR,PRAVINBHAI DHURSINGBHAI RATHAVA,IND,0,OTHERS,33,50000,0
GUJARAT,CHHOTA UDAIPUR,RATHAVA FURKANBHAI BALJIBHAI,BSP,0,LITERATE,48,880000,500000
GUJARAT,CHHOTA UDAIPUR,RATHAVA RANJITSINH MOHANSINH,INC,0,GRADUATE,53,,
GUJARAT,CHHOTA UDAIPUR,RATHVA BHAVSINGBHAI NAMARSINGBHAI,IND,1,5TH PASS,40,300000,0
GUJARAT,CHHOTA UDAIPUR,RATHVA MAGANBHAI CHATHIYABHAI,IND,0,OTHERS,62,,
GUJARAT,CHHOTA UDAIPUR,UMESH JANGUBHAI RATHAWA,IND,0,POST GRADUATE,38,126000,0
GUJARAT,CHHOTA UDAIPUR,VASAVA RAJESH SOMABHAI,BHARTIYA TRIBAL PARTY,0,POST GRADUATE,36,1064080,0
GUJARAT,DAHOD,JASVANTSINH SUMANBHAI BHABHOR,BJP,0,GRADUATE PROFESSIONAL,52,27070480,0
GUJARAT,DAHOD,BHABHOR DHULABHAI DITABHAI,BSP,0,10TH PASS,64,71845,0
GUJARAT,DAHOD,DAMOR MANABHAI BHAVSING,IND,0,OTHERS,45,675000,150000
GUJARAT,DAHOD,DEVADHA SAMSUBHAI KHATARABHAI,IND,0,GRADUATE PROFESSIONAL,51,,
GUJARAT,DAHOD,JAGDISHBHAI MANILAL MEDA,BHARATIYA NATIONAL JANTA DAL,0,8TH PASS,39,50000,0
GUJARAT,DAHOD,KALARA RAMSINGBHAI NANJIBHAI,HINDUSTHAN NIRMAN DAL,0,12TH PASS,47,,
GUJARAT,DAHOD,KATARA BABUBHAI KHIMABHAI,INC,1,GRADUATE,58,48020539,2490502
GUJARAT,GANDHINAGAR,AMIT SHAH,BJP,4,12TH PASS,54,403275307,4769587
GUJARAT,GANDHINAGAR,CHANDRAPAL HASMUKH BAVJIBHAI,PEOPLES PARTY OF INDIA (DEMOCRATIC),0,12TH PASS,54,4994296,270000
GUJARAT,GANDHINAGAR,CHAVDA CHATURSINH JAVANJI,INC,0,GRADUATE PROFESSIONAL,61,,
GUJARAT,GANDHINAGAR,JAYENDRA KARSHANBHAI RATHOD,BSP,0,POST GRADUATE,35,805781,0
GUJARAT,GANDHINAGAR,KHODABHAI LALAJIBHAI DESAI,IND,2,5TH PASS,51,188690310,0
GUJARAT,GANDHINAGAR,MAHENDRABHAI SOMABHAI PATNI,IND,0,8TH PASS,32,,
GUJARAT,GANDHINAGAR,MAKWANA ANILKUMAR SOMABHAI,IND,0,5TH PASS,52,1273032,0
GUJARAT,GANDHINAGAR,MAKWANA PRAKASHBHAI BAHECHARJI,GARVI GUJARAT PARTY,2,8TH PASS,26,740473,0
GUJARAT,GANDHINAGAR,NARENDRABHAI REVASHANKER TRIVEDI,JAN SATYA PATH PARTY,0,GRADUATE,65,113446,0
GUJARAT,GANDHINAGAR,PATEL AMARISH JASVANTLAL,HINDUSTHAN NIRMAN DAL,0,GRADUATE PROFESSIONAL,65,66264748,640916
GUJARAT,GANDHINAGAR,PATHAN FIROZKHAN,IND,0,10TH PASS,45,,
GUJARAT,GANDHINAGAR,RAHUL CHIMANBHAI MEHTA,RIGHT TO RECALL PARTY,0,POST GRADUATE,50,54819000,0
GUJARAT,GANDHINAGAR,RATHOD BHOGILAL JENABHAI,BAHUJAN MUKTI PARTY,0,GRADUATE PROFESSIONAL,47,650000,0
GUJARAT,GANDHINAGAR,RATHOD VALJIBHAI BECHARBHAI,IND,3,LITERATE,44,,
GUJARAT,GANDHINAGAR,SHEKH SHAHINBANU MOLANA MUSTAK,IND,0,5TH PASS,35,753000,32000
GUJARAT,GANDHINAGAR,VORA ALIMAHMAD RAJABHAI,IND,0,ILLITERATE,67,1970884,32000
GUJARAT,JAMNAGAR,POONAMBEN HEMATBHAI MAADAM,BJP,0,GRADUATE,44,427331034,98632194
GUJARAT,JAMNAGAR,AAMIN MAMADBHAI SAFIYA,IND,0,8TH PASS,30,46100,0
GUJARAT,JAMNAGAR,ALIMAMAD PALANI,IND,0,5TH PASS,38,180000,38000
GUJARAT,JAMNAGAR,AMANDBHAI,IND,0,LITERATE,69,,
GUJARAT,JAMNAGAR,BATHVAR NANJI AMARSHI,IND,0,LITERATE,56,310000,0
GUJARAT,JAMNAGAR,BAXI MRUDUL ASHWINKUMAR,IND,0,POST GRADUATE,30,118500,0
GUJARAT,JAMNAGAR,BHANDERI AMARSHIBHAI CHHAGANBHAI,IND,0,8TH PASS,47,,
GUJARAT,JAMNAGAR,BHARAT RAMJIBHAI DAGARA,IND,0,8TH PASS,33,120400,0
GUJARAT,JAMNAGAR,BHARKHANI KARABHAI JIVABHAI,IND,0,ILLITERATE,50,91000,0
GUJARAT,JAMNAGAR,CHAVADA ASHOK,IND,0,8TH PASS,34,71000,0
GUJARAT,JAMNAGAR,CHAVADA SHAMJIBHAI,IND,0,8TH PASS,43,1666000,0
GUJARAT,JAMNAGAR,DALVADI NAKUM RASIK LALJI,IND,0,10TH PASS,30,,
GUJARAT,JAMNAGAR,DONGA JAYANTILAL ARJANBHAI,IND,0,10TH PASS,53,12516500,1700000
GUJARAT,JAMNAGAR,JADEJA BHAVNABA,IND,0,12TH PASS,32,2941000,909062
GUJARAT,JAMNAGAR,JAHID AAVAD JAMI,IND,0,GRADUATE,47,,
GUJARAT,JAMNAGAR,KACHCHHI DAUDBHAI NATHABHAI,IND,0,5TH PASS,54,239000,0
GUJARAT,JAMNAGAR,KANDORIYA MULUBHAI RANMALBHAI,INC,1,GRADUATE,61,290828040,43838249
GUJARAT,JAMNAGAR,NAKUM NARMADABEN KHODALAL,IND,0,5TH PASS,60,787108,89883
GUJARAT,JAMNAGAR,POPATPUTRA RAFIK ABUBAKAR,IND,0,8TH PASS,58,,
GUJARAT,JAMNAGAR,RABARI KARSHANBHAI JESHABHAI,IND,0,10TH PASS,47,1928903,1419300
GUJARAT,JAMNAGAR,SAHDEVSINH CHUDASAMA,IND,1,GRADUATE,44,6700100,1165000
GUJARAT,JAMNAGAR,SAMA YUSUF,IND,1,8TH PASS,52,,
GUJARAT,JAMNAGAR,SAPARIYA VIJAYKUMAR MANSUKHBHAI,IND,0,8TH PASS,38,2968835,0
GUJARAT,JAMNAGAR,SUMBHANIA AAMIN,IND,0,ILLITERATE,37,65000,0
GUJARAT,JAMNAGAR,VALLABHBHAI CHANABHAI SOJITRA,IND,0,12TH PASS,59,1077500,0
GUJARAT,JUNAGADH,CHUDASAMA RAJESHBHAI NARANBHAI,BJP,1,12TH PASS,36,10866041,1481768
GUJARAT,JUNAGADH,BHUT ASHOKBHAI BHIMJIBHAI,RASHTRIYA SAMAJWADI PARTY (SECULAR),0,8TH PASS,66,7882314,1361151
GUJARAT,JUNAGADH,DEVEN GOVINDBHAI VANVI,BSP,0,12TH PASS,48,,
GUJARAT,JUNAGADH,DHARMENDRA VAJUBHAI MAKWANA,IND,0,POST GRADUATE,34,295000,0
GUJARAT,JUNAGADH,HARESH MANUBHAI SARDHARA,IND,0,GRADUATE,38,769762,0
GUJARAT,JUNAGADH,KARIA DHIRENBHAI AMRUTLAL,IND,28,10TH PASS,37,,
GUJARAT,JUNAGADH,PANCHABHAI BHAYABHAI DAMANIYA,IND,0,5TH PASS,36,870364,0
GUJARAT,JUNAGADH,PRADIPBHAI MAVJIBHAI TANK,IND,0,10TH PASS,44,6767500,835000
GUJARAT,JUNAGADH,VALA JAYPALSINH HAJABHAI,IND,0,GRADUATE,28,299787,148824
GUJARAT,JUNAGADH,VANSH PUNJABHAI BHIMABHAI,INC,0,GRADUATE,55,24571504,2788342
GUJARAT,JUNAGADH,ZALA MUKESHBHAI BHARMALBHAI,IND,1,10TH PASS,36,,
GUJARAT,KACHCHH,CHAVDA VINOD LAKHAMSHI,BJP,0,POST GRADUATE,40,,
GUJARAT,KACHCHH,BABULAL AMARSHI VAGHELA,IND,0,ILLITERATE,55,30000,0
GUJARAT,KACHCHH,CHAVDA PRAVINBHAI CHANABHAI,HINDUSTHAN NIRMAN DAL,0,10TH PASS,50,1420000,750547
GUJARAT,KACHCHH,DHIRUBHAI BABULAL SHRIMALI,NEW ALL INDIA CONGRESS PARTY,0,10TH PASS,50,37500,0
GUJARAT,KACHCHH,LAKHUBHAI VAGHELA,BSP,0,5TH PASS,51,825650,0
GUJARAT,KACHCHH,MAHESHWARI DEVJIBHAI VACHHIYABHAI,BAHUJAN MUKTI PARTY,1,GRADUATE PROFESSIONAL,43,,
GUJARAT,KACHCHH,MARU MANISHA BHARAT,IND,0,5TH PASS,37,327000,0
GUJARAT,KACHCHH,MEGHVAL BHIMJIBHAI BHIKHABHAI,IND,0,10TH PASS,34,756102,393950
GUJARAT,KACHCHH,SONDARVA BALUBEN MAHESHBHAI,RASHTRIYA POWER PARTY,0,8TH PASS,47,831660,0
GUJARAT,KHEDA,CHAUHAN DEVUSINH,BJP,0,OTHERS,54,,
GUJARAT,KHEDA,BHAILALBHAI PANDAV,BSP,0,10TH PASS,36,650000,0
GUJARAT,KHEDA,BIMALBHAI SHAH,INC,0,GRADUATE,58,86398716,25512343
GUJARAT,KHEDA,CHAUHAN PARSOTTAMBHAI,YUVA JAN JAGRITI PARTY,0,10TH PASS,62,9100000,65000
GUJARAT,KHEDA,PATEL KAMLESHKUMAR,HINDUSTHAN NIRMAN DAL,0,12TH PASS,54,1549413,0
GUJARAT,KHEDA,PATHAN AAYASHABANU,AMBEDKAR NATIONAL CONGRESS,0,5TH PASS,48,,
GUJARAT,KHEDA,PATHAN IMTIYAZKHAN,APNA DESH PARTY,0,8TH PASS,42,25000,0
GUJARAT,MAHESANA,SHARDABEN ANILBHAI PATEL,BJP,0,12TH PASS,71,,
GUJARAT,MAHESANA,A. J. PATEL,INC,0,GRADUATE PROFESSIONAL,73,698773712,96220673
GUJARAT,MAHESANA,BAROT KULDIPKUMAR BHARATKUMAR,YUVA JAN JAGRITI PARTY,0,GRADUATE,30,1465000,850000
GUJARAT,MAHESANA,CHAUDHARI SENDHABHAI ABHERAJBHAI,BAHUJAN MUKTI PARTY,0,POST GRADUATE,44,,
GUJARAT,MAHESANA,CHAUHAN PRAHLADBHAI,BSP,0,12TH PASS,65,2498260,0
GUJARAT,MAHESANA,PATEL AMBALAL TALASHIBHAI,IND,0,GRADUATE PROFESSIONAL,71,6500500,71000
GUJARAT,MAHESANA,PATEL ANITABEN RAMABHAI,IND,0,8TH PASS,33,,
GUJARAT,MAHESANA,PRAJAPATI KANUBHAI AMATHARAM,BHARATIYA RASHTRAVADI PAKSHA,0,5TH PASS,52,8230642,0
GUJARAT,MAHESANA,RATHOD GULABSINH DURSINH,IND,0,10TH PASS,28,4347000,145000
GUJARAT,MAHESANA,THAKOR BIPINKUMAR SHANKARJI,IND,0,12TH PASS,32,129615,0
GUJARAT,MAHESANA,THAKOR JAYANTIJI CHUNTHAJI,IND,0,12TH PASS,36,7503000,0
GUJARAT,MAHESANA,THAKOR MAYURKUMAR RUPSANGJI,IND,0,12TH PASS,28,,
GUJARAT,NAVSARI,PATIL CHANDRAKANT,BJP,1,10TH PASS,64,,
GUJARAT,NAVSARI,AMRUTHAM NARSAIYA,PYRAMID PARTY OF INDIA,0,10TH PASS,58,8374000,170000
GUJARAT,NAVSARI,ANISHBHAI GAFFARBHAI BHIMANI,IND,0,10TH PASS,62,150000,0
GUJARAT,NAVSARI,CHANDANSINH,IND,0,8TH PASS,33,,
GUJARAT,NAVSARI,CHAUHAN NILESHKUMAR KHUSHALBHAI,IND,1,GRADUATE PROFESSIONAL,43,2105497,92320
GUJARAT,NAVSARI,GOVINDBHAI LAXMANBHAI RATHOD,IND,0,5TH PASS,62,1765000,230000
GUJARAT,NAVSARI,HIRAMANIBEN,RASHTRIYA SAMAJ PAKSHA,0,8TH PASS,32,,
GUJARAT,NAVSARI,JAIN RAJENDRAKUMAR ANILKUMAR,IND,0,POST GRADUATE,32,534450,0
GUJARAT,NAVSARI,JAWADKHAN SUJATKHAN PATHAN,YUVA SARKAR,0,8TH PASS,35,725000,0
GUJARAT,NAVSARI,KHAN HEENABEGAM,IND,0,GRADUATE,38,5190000,0
GUJARAT,NAVSARI,MISHRA JITENDRABHAI PREMNATH,SANYUKT VIKAS PARTY,0,GRADUATE,49,1118952,0
GUJARAT,NAVSARI,PASVAN VIRENDRA,BHARATIYA BAHUJAN CONGRESS,0,10TH PASS,49,,
GUJARAT,NAVSARI,PATEL DHARMESHBHAI,INC,0,12TH PASS,47,31846750,1659481
GUJARAT,NAVSARI,PATEL NAVINKUMAR,IND,0,GRADUATE PROFESSIONAL,47,745000,0
GUJARAT,NAVSARI,PRAKASH AMARNATH SHUKLA,BHARTIYA SHAKTI CHETNA PARTY,0,12TH PASS,48,1411694,650000
GUJARAT,NAVSARI,RAMJAN BHILUBHAI MANSURI,IND,0,10TH PASS,52,250000,0
GUJARAT,NAVSARI,SAIYAD MEHMUD AHMAD,IND,0,10TH PASS,61,258400,0
GUJARAT,NAVSARI,SHAIKH JAVEED AHEMAD,IND,1,ILLITERATE,35,250000,0
GUJARAT,NAVSARI,SHAIKH SAEED INAYAT,IND,0,10TH PASS,25,,
GUJARAT,NAVSARI,SHARMA RAJMAL MOHANLAL,SVATANTRA BHARAT SATYAGRAH PARTY,0,8TH PASS,37,389183,0
GUJARAT,NAVSARI,SHEKH HAMID RAMJAN,IND,1,LITERATE,57,75000,0
GUJARAT,NAVSARI,SINGH VINEETA,BSP,0,POST GRADUATE,38,,
GUJARAT,NAVSARI,SOHILKHAA HASHIMKHAA PATHAN,IND,0,5TH PASS,33,250000,0
GUJARAT,PANCHMAHAL,RATANSINH RATHOD,BJP,0,GRADUATE PROFESSIONAL,59,,
GUJARAT,PANCHMAHAL,LALABHAI GADHAVI,IND,2,12TH PASS,36,469000,0
GUJARAT,PANCHMAHAL,PATEL VIRENDRAKUMAR,NCP,4,GRADUATE PROFESSIONAL,31,1422050,0
GUJARAT,PANCHMAHAL,RATHOD VIJAYSINH,HINDUSTHAN NIRMAN DAL,0,GRADUATE,44,1811000,200000
GUJARAT,PANCHMAHAL,SHAIKH KALIM,BSP,0,12TH PASS,52,125000,0
GUJARAT,PANCHMAHAL,VECHATBHAI KHANT,INC,2,8TH PASS,68,,
GUJARAT,PATAN,DABHI BHARATSINHJI SHANKARJI,BJP,0,GRADUATE,64,47373221,5613860
GUJARAT,PATAN,ABDULKUDUS ABDULMAJID MOLAPIYA,IND,0,LITERATE,44,756000,0
GUJARAT,PATAN,BHORANIYA SOYABBHAI HASAMBHAI,IND,1,8TH PASS,52,2992000,0
GUJARAT,PATAN,CHAUDHARI KIRTIBHAI JESANGBHAI,NCP,0,POST GRADUATE,38,,
GUJARAT,PATAN,CHAUDHARI SHAILESHKUMAR KANJIBHAI,IND,0,12TH PASS,36,1960000,0
GUJARAT,PATAN,MAKWANA VAGHABHAI MAGANBHAI,IND,0,10TH PASS,47,,
GUJARAT,PATAN,PANDYA PRAVINKUMAR TULSIDAS,IND,0,10TH PASS,42,3940000,0
GUJARAT,PATAN,PARMAR SURAJKUMAR MAHENDRAKUMAR,BSP,0,GRADUATE,34,906000,0
GUJARAT,PATAN,RATHOD GOVINDBHAI BHIKHABHAI,IND,0,8TH PASS,35,190543,0
GUJARAT,PATAN,THAKOR JAGDISHBHAI,INC,0,10TH PASS,62,22136618,0
GUJARAT,PATAN,UMEDBHAI HARIBHAI NAI,IND,0,8TH PASS,48,,
GUJARAT,PORBANDAR,RAMESHBHAI DHADUK,BJP,0,10TH PASS,57,357564783,217944697
GUJARAT,PORBANDAR,AANTROLIYA KARABHAI,IND,0,8TH PASS,40,760000,1329600
GUJARAT,PORBANDAR,ALPESH VADOLIYA,IND,0,GRADUATE,33,75124,0
GUJARAT,PORBANDAR,BHANUBHAI ODEDRA,IND,0,GRADUATE PROFESSIONAL,49,,
GUJARAT,PORBANDAR,BHARGAV JOSHI,GUJARAT JANTA PANCHAYAT PARTY,0,8TH PASS,46,1298006,361000
GUJARAT,PORBANDAR,KADAVALA SAMATBHA,BSP,0,8TH PASS,44,300000,358662
GUJARAT,PORBANDAR,KIRTIKUMAR MARVANIYA,IND,0,12TH PASS,58,,
GUJARAT,PORBANDAR,LALIT VASOYA,INC,2,12TH PASS,57,23284746,509206
GUJARAT,PORBANDAR,RABARI DASABHAI KARABHAI,IND,1,8TH PASS,33,230000,0
GUJARAT,PORBANDAR,RANK JIGNESHBHAI,IND,0,8TH PASS,27,405000,0
GUJARAT,PORBANDAR,RATHOD DAYABHAI,IND,0,12TH PASS,54,,
GUJARAT,PORBANDAR,RESHMA PATEL,IND,0,12TH PASS,34,8765565,0
GUJARAT,PORBANDAR,RIYAZ SURIYA,IND,8,8TH PASS,37,410000,0
GUJARAT,PORBANDAR,SONDARVA ASHOK,IND,0,GRADUATE PROFESSIONAL,52,,
GUJARAT,PORBANDAR,UNADKAT PRAKASHBHA,IND,0,10TH PASS,57,2813520,950000
GUJARAT,PORBANDAR,VAKIL VINZUDA RANJITBHAI,BAHUJAN MAHA PARTY,0,GRADUATE PROFESSIONAL,60,1493117,0
GUJARAT,RAJKOT,KUNDARIA MOHANBHAI,BJP,0,8TH PASS,67,,
GUJARAT,RAJKOT,PARMAR VIJAY,BSP,4,12TH PASS,48,535000,0
GUJARAT,RAJKOT,AMARDAS DESANI,IND,1,POST GRADUATE,52,8154624,0
GUJARAT,RAJKOT,CHAUHAN MANOJBHAI,IND,0,12TH PASS,27,,
GUJARAT,RAJKOT,CHITRODA NATHALAL,IND,0,GRADUATE PROFESSIONAL,59,11053000,922957
GUJARAT,RAJKOT,DENGADA PRAVINBHAI,IND,9,ILLITERATE,57,1382000,0
GUJARAT,RAJKOT,J. B. CHAUHAN,IND,0,5TH PASS,40,,
GUJARAT,RAJKOT,JASPALSINH TOMAR,IND,0,OTHERS,34,3748000,0
GUJARAT,RAJKOT,KAGATHARA LALITBHAI,INC,2,GRADUATE,61,97582897,82106333
GUJARAT,RAJKOT,RAKESHBHAI,IND,0,10TH PASS,37,801500,0
GUJARAT,SABARKANTHA,RATHOD DIPSINH SHANKARSINH,BJP,0,8TH PASS,67,23997443,0
GUJARAT,SABARKANTHA,JADEJA INDRAVIJAYSINH,YUVA JAN JAGRITI PARTY,0,12TH PASS,35,1245000,0
GUJARAT,SABARKANTHA,KALABHAI BABABHAI PARMAR,IND,0,POST GRADUATE,49,555000,0
GUJARAT,SABARKANTHA,KHARADI DHARMENDRASINGH SAMSUBHAI,BHARTIYA TRIBAL PARTY,0,POST GRADUATE,34,,
GUJARAT,SABARKANTHA,LATA BABUBHAI NATHAJI,IND,0,12TH PASS,57,5425231,535554
GUJARAT,SABARKANTHA,LAXMISHANKAR MADHUSUDAN JOSHI,JAN SATYA PATH PARTY,0,10TH PASS,65,3450000,0
GUJARAT,SABARKANTHA,LUHAR HAFIZHUSEN,IND,0,8TH PASS,58,,
GUJARAT,SABARKANTHA,MAYURSINH VANRAJSINH ZALA,RASHTRA VIKAS ZUMBES PARTY,0,12TH PASS,27,674667,0
GUJARAT,SABARKANTHA,NARESHKUMAR RAMESHBHAI PATEL,BHARATIYA NATIONAL JANTA DAL,0,10TH PASS,29,612000,250000
GUJARAT,SABARKANTHA,PATEL KESHAVLAL GANGARAMBHAI,IND,0,10TH PASS,64,2432500,0
GUJARAT,SABARKANTHA,PATEL KIRITKUMAR BABARBHAI,IND,0,GRADUATE,41,4137000,330000
GUJARAT,SABARKANTHA,PATHAN AIYUBKHAN AJABAKHAN,IND,0,12TH PASS,54,,
GUJARAT,SABARKANTHA,RAVAL RAJUBHAI PUNJABHAI,IND,0,10TH PASS,38,590918,0
GUJARAT,SABARKANTHA,SANGHANI MUSTAKBHAI JAMALBHAI,IND,2,10TH PASS,52,,
GUJARAT,SABARKANTHA,SOLANKI MAGANBHAI LAKHABHAI,IND,1,8TH PASS,53,3280559,500000
GUJARAT,SABARKANTHA,THAKOR RAJENDRASINH,INC,0,GRADUATE,46,22687227,800000
GUJARAT,SABARKANTHA,VINODBHAI MESARIYA,BSP,0,GRADUATE,62,4420062,300000
GUJARAT,SABARKANTHA,ZALA DALPATSINH MOTISINH,IND,0,8TH PASS,55,1827000,0
GUJARAT,SURAT,JARDOSH DARSHNABEN VIKRAMBHAI,BJP,0,GRADUATE,58,23872876,0
GUJARAT,SURAT,ASHOK VALLABHBHAI PATE,INC,0,8TH PASS,45,19012482,3125964
GUJARAT,SURAT,BARAIYA RAMESHBHAI PARSOTTAMBHAI,IND,0,5TH PASS,55,15320000,0
GUJARAT,SURAT,DHAMELIYA PIYUSHKUMAR VALLABHABHAI,REAL DEMOCRACY PARTY,0,10TH PASS,39,,
GUJARAT,SURAT,DINESHBHAI CHATURBHAI JIKADARA,IND,0,10TH PASS,29,7579266,500000
GUJARAT,SURAT,DIPAKBHAI RAMNIKBHAI GANGANI,IND,0,12TH PASS,34,5933453,3870000
GUJARAT,SURAT,GAUTAMRAJ G. HINDUSTANI,YUVA SARKAR,0,10TH PASS,50,,
GUJARAT,SURAT,JOGIYA AMISHA VIKRAMBHAI,SANYUKT VIKAS PARTY,0,GRADUATE,29,168500,38277
GUJARAT,SURAT,RITA CAPTAIN,PYRAMID PARTY OF INDIA,0,GRADUATE,52,100000,0
GUJARAT,SURAT,SHENMARE VIJAYBHAI NAMDEO,CPI,0,GRADUATE PROFESSIONAL,64,9868237,0
GUJARAT,SURAT,SURWADE SANTOSH AVDHUT,IND,0,8TH PASS,36,,
GUJARAT,SURAT,TULASIBHAI LAXMANBHAI DAKHARA,IND,0,8TH PASS,52,18637833,5138000
GUJARAT,SURENDRANAGAR,MAHENDRABHAI MUNJPARA,BJP,0,POST GRADUATE,50,79084513,14822528
GUJARAT,SURENDRANAGAR,BHANJIBHAI SHEKHAVA,IND,0,8TH PASS,46,1670000,60000
GUJARAT,SURENDRANAGAR,BHATHANIYA FARIDBHAI AMIJIBHAI,IND,0,5TH PASS,32,575000,250000
GUJARAT,SURENDRANAGAR,BHAVANBHAI DEVJIBHAI VORA,IND,0,GRADUATE,50,,
GUJARAT,SURENDRANAGAR,BHUPATBHAI LALJIBHAI SOLANKI,IND,2,8TH PASS,36,2755000,0
GUJARAT,SURENDRANAGAR,DANIYA ANIRUDHBHAI GANDABHAI,IND,0,8TH PASS,54,1527000,0
GUJARAT,SURENDRANAGAR,DEKAVADIYA DARJIBHAI MAGANBHAI,HINDUSTHAN NIRMAN DAL,0,10TH PASS,58,,
GUJARAT,SURENDRANAGAR,DOST MER,IND,0,5TH PASS,36,135000,0
GUJARAT,SURENDRANAGAR,GOLTAR BHAGVANBHAI MAIYABHAI,IND,5,ILLITERATE,69,2778407,250000
GUJARAT,SURENDRANAGAR,JARGELA HASANBHAI ABDULBHAI,IND,0,10TH PASS,56,35000,0
GUJARAT,SURENDRANAGAR,KALUBHAI MALUBHAI VADALIYA,IND,0,8TH PASS,66,1526000,0
GUJARAT,SURENDRANAGAR,KARIMBHAI ADAMBHAI URFE BABABHAI,IND,0,LITERATE,65,,
GUJARAT,SURENDRANAGAR,KOLI PATEL LALJIBHAI CHATURBHAI,IND,1,LITERATE,63,45657414,0
GUJARAT,SURENDRANAGAR,KOLI RAMESHBHAI VIRSANGBHAI VAGHELA,IND,0,LITERATE,39,265000,0
GUJARAT,SURENDRANAGAR,KOLIPATEL SOMABHAI,INC,0,5TH PASS,79,,
GUJARAT,SURENDRANAGAR,MAKVANA KAMABHAI,IND,0,LITERATE,68,28000,70000
GUJARAT,SURENDRANAGAR,NARESH MAKWANA,IND,0,12TH PASS,39,377300,0
GUJARAT,SURENDRANAGAR,OGHADBHAI MER,IND,0,10TH PASS,45,2181000,130000
GUJARAT,SURENDRANAGAR,PARMAR GHOGHJIBHAI KANJIBHAI,NCP,0,LITERATE,64,,
GUJARAT,SURENDRANAGAR,PATEL BALDEVBHAI,IND,0,5TH PASS,68,1288000,250000
GUJARAT,SURENDRANAGAR,RATHOD ANANDBHAI PACHANBHAI,IND,0,GRADUATE,37,357269,0
GUJARAT,SURENDRANAGAR,RATHOD ASHOKBHAI VITHATHALBHAI,IND,0,8TH PASS,51,,
GUJARAT,SURENDRANAGAR,SALIMBHAI SHAHBUDINBHAI PATHAN,IND,0,8TH PASS,32,1725000,0
GUJARAT,SURENDRANAGAR,SAPRA VIPUL R.,IND,0,10TH PASS,36,173500,0
GUJARAT,SURENDRANAGAR,SOLANKI SHAILESHBHAI NAGARBHAI,BSP,0,GRADUATE PROFESSIONAL,35,4536170,1131656
GUJARAT,SURENDRANAGAR,THAKOR JAGUJI KUVARJI,VYAVASTHA PARIVARTAN PARTY,0,12TH PASS,40,2505000,0
GUJARAT,SURENDRANAGAR,VAGHELA DAHYABHAI KHENGARBHAI,IND,0,10TH PASS,62,,
GUJARAT,SURENDRANAGAR,VAGHELA PRAKASHBHAI BACHUBHAI,IND,0,LITERATE,42,55000,0
GUJARAT,VADODARA,RANJANBEN BHATT,BJP,0,12TH PASS,56,29426428,0
GUJARAT,VADODARA,DR. RAHUL VASUDEVBHAI VYAS,IND,0,POST GRADUATE,39,20924425,8389504
GUJARAT,VADODARA,GOHIL RINKU,YUVA JAN JAGRITI PARTY,0,12TH PASS,32,2899350,1400000
GUJARAT,VADODARA,JAT SUBHAS SINGH BRIJLAL,ALL INDIA HINDUSTAN CONGRESS PARTY,1,GRADUATE,36,,
GUJARAT,VADODARA,MOHSIMMIYA(SAIYAD MOHSIN BAPU),BAHUJAN MUKTI PARTY,0,8TH PASS,58,2136583,0
GUJARAT,VADODARA,NIMESH PATEL (KAMROL),IND,0,GRADUATE,33,2679190,3022000
GUJARAT,VADODARA,PRASHANT PATEL,INC,1,GRADUATE,44,,
GUJARAT,VADODARA,ROHIT MADHUSUDAN MOHANBHAI,BSP,0,GRADUATE,53,9024000,50000
GUJARAT,VADODARA,SHRI PATEL KALIDAS MOTIBHAI,IND,0,OTHERS,65,14994000,0
GUJARAT,VADODARA,SINDHI MAHEBUBKHAN YUSUFKHAN,IND,0,GRADUATE PROFESSIONAL,44,2651000,0
GUJARAT,VADODARA,TAPANBHAI DASGUPTA,SUCI(C),0,GRADUATE,54,,
GUJARAT,VADODARA,YASINALI POLRA,NEW ALL INDIA CONGRESS PARTY,0,12TH PASS,47,3363000,2014250
GUJARAT,VALSAD,DR.K.C.PATEL,BJP,0,GRADUATE PROFESSIONAL,69,,
GUJARAT,VALSAD,BABUBHAI TALAVIYA,BAHUJAN MUKTI PARTY,0,GRADUATE PROFESSIONAL,65,795782,0
GUJARAT,VALSAD,CHAUDHARI JITUBHAI HARJIBHAI,INC,1,8TH PASS,54,6611455,0
GUJARAT,VALSAD,GANVIT JAYENDRABHAI LAXMANBHAI,IND,0,GRADUATE,39,25000,0
GUJARAT,VALSAD,GAURANGBHAI RAMESHBHAI PATEL,IND,0,GRADUATE,35,700000,0
GUJARAT,VALSAD,KISHORBHAI RAMANBHAI PATEL,BSP,0,10TH PASS,54,,
GUJARAT,VALSAD,PATEL NARESHBHAI BABUBHAI,SARDAR VALLABHBHAI PATEL PARTY,0,10TH PASS,54,153000,0
GUJARAT,VALSAD,PATEL PANKAJBHAI LALLUBHAI,BHARTIYA TRIBAL PARTY,0,10TH PASS,36,855000,203280
HARYANA,AMBALA,RATTAN LAL KATARIA,BJP,0,POST GRADUATE,67,,
HARYANA,AMBALA,ANIL KUMAR,RPI(A),0,GRADUATE PROFESSIONAL,37,1659500,910740
HARYANA,AMBALA,ARUN KUMAR,CPI,0,GRADUATE PROFESSIONAL,46,1695000,0
HARYANA,AMBALA,BETA MAM CHAND RATTUWALA,IND,0,POST GRADUATE,35,,
HARYANA,AMBALA,JATINDER SINGH,IND,0,10TH PASS,36,332945,0
HARYANA,AMBALA,NARESH KUMAR,BSP,0,10TH PASS,55,38090737,73613
HARYANA,AMBALA,PRITHVI RAJ,AAP,0,GRADUATE PROFESSIONAL,61,,
HARYANA,AMBALA,PURAN CHAND,RASHTRIYA LOKSWARAJ PARTY,0,8TH PASS,61,5350000,0
HARYANA,AMBALA,RAJENDER KUMAR BHATLI,BHARTIYA SHAKTI CHETNA PARTY,0,10TH PASS,49,1849779,76500
HARYANA,AMBALA,RANJEET SINGH,IND,1,5TH PASS,38,770000,0
HARYANA,AMBALA,RATTAN LAL,IND,0,GRADUATE,69,2749348,412714
HARYANA,AMBALA,SANDEEP SINGH,AAPKI APNI PARTY (PEOPLES),0,8TH PASS,26,645000,0
HARYANA,AMBALA,SELJA,INC,0,POST GRADUATE,56,240508152,0
HARYANA,AMBALA,SURAJ BHAN,IND,0,POST GRADUATE,62,,
HARYANA,AMBALA,SURAJ BHAN NARWAL,PRAGATISHIL SAMAJWADI PARTY (LOHIA),0,GRADUATE,64,15744841,800000
HARYANA,AMBALA,SURAJ KUMAR,BAHUJAN MUKTI PARTY,0,12TH PASS,36,1360000,0
HARYANA,BHIWANI MAHENDRAGARH,DHARAMBIR SINGH,BJP,0,GRADUATE,64,,
HARYANA,BHIWANI MAHENDRAGARH,BALWAN SINGH,INLD,2,12TH PASS,37,4094534,1600000
HARYANA,BHIWANI MAHENDRAGARH,BHAI SURENDER DHANAK,BHARTIYA JANRAJ PARTY,0,10TH PASS,29,837000,710000
HARYANA,BHIWANI MAHENDRAGARH,DHARAMBIR SINGH S/0 FATEH SINGH,IND,0,POST GRADUATE,49,4640509,0
HARYANA,BHIWANI MAHENDRAGARH,HAPPY SINGH,IND,0,ILLITERATE,28,383000,0
HARYANA,BHIWANI MAHENDRAGARH,JAGAT SINGH,IND,0,10TH PASS,65,,
HARYANA,BHIWANI MAHENDRAGARH,KUNDAN KUMAR,RPI,0,10TH PASS,56,478612,400000
HARYANA,BHIWANI MAHENDRAGARH,LALIT,IND,0,GRADUATE PROFESSIONAL,36,2026000,0
HARYANA,BHIWANI MAHENDRAGARH,OM PARKASH,SUCI(C),0,GRADUATE PROFESSIONAL,54,431718,0
HARYANA,BHIWANI MAHENDRAGARH,RAJNISH KUMAR,IND,0,POST GRADUATE,37,7714944,215000
HARYANA,BHIWANI MAHENDRAGARH,RAM KISHAN,IND,0,10TH PASS,58,,
HARYANA,BHIWANI MAHENDRAGARH,RAMESH RAO PILOT,LOKTANTER SURAKSHA PARTY,0,GRADUATE PROFESSIONAL,46,91465000,14367975
HARYANA,BHIWANI MAHENDRAGARH,SALESH KUMAR,PRAGATISHIL SAMAJWADI PARTY (LOHIA),1,8TH PASS,45,1966255,0
HARYANA,BHIWANI MAHENDRAGARH,SATBIR,AAPKI APNI PARTY (PEOPLES),0,10TH PASS,44,,
HARYANA,BHIWANI MAHENDRAGARH,SATYA PAL,IND,0,GRADUATE PROFESSIONAL,0,24580075,107400
HARYANA,BHIWANI MAHENDRAGARH,SHRUTI CHOUDHRY,INC,0,GRADUATE PROFESSIONAL,43,1016118000,151084000
HARYANA,BHIWANI MAHENDRAGARH,SURESH CHAND,IND,0,5TH PASS,65,1219500,60000
HARYANA,BHIWANI MAHENDRAGARH,SWATI YADAV,JANNAYAK JANTA PARTY,0,POST GRADUATE,30,91521178,45967727
HARYANA,BHIWANI MAHENDRAGARH,VINOD KUMAR,IND,0,GRADUATE,40,,
HARYANA,FARIDABAD,KRISHAN PAL,BJP,0,GRADUATE PROFESSIONAL,62,369652786,105593242
HARYANA,FARIDABAD,AMIT SINGH PATEL,IND,0,GRADUATE,33,856564,0
HARYANA,FARIDABAD,AVTAR SINGH BHADANA,INC,1,8TH PASS,62,120803457,0
HARYANA,FARIDABAD,BALWANT KATARIA,IND,7,12TH PASS,34,,
HARYANA,FARIDABAD,BAUDHYCHARYA KHAJAN ISNGH GAUTAM,RPI,0,10TH PASS,46,392157,0
HARYANA,FARIDABAD,C A SHUKLA,IND,0,GRADUATE,57,1345000,0
HARYANA,FARIDABAD,DAYA CHAND,BHARTIYA SHAKTI CHETNA PARTY,0,12TH PASS,68,,
HARYANA,FARIDABAD,DEEPAK GAUR,AARAKSHAN VIRODHI PARTY,1,12TH PASS,40,14765000,850000
HARYANA,FARIDABAD,HARI CHAND,PEOPLES PARTY OF INDIA (DEMOCRATIC),0,GRADUATE,62,4579000,0
HARYANA,FARIDABAD,K P SINGH,IND,0,GRADUATE PROFESSIONAL,60,19195000,0
HARYANA,FARIDABAD,LEKHA RAM DABANG,BAHUJAN MUKTI PARTY,0,10TH PASS,50,,
HARYANA,FARIDABAD,MAHENDER SINGH CHAUHAN,INLD,0,10TH PASS,66,69662663,1551000
HARYANA,FARIDABAD,MAHESH PRATAP SHARMA,RASHTRIYA VIKAS PARTY,0,OTHERS,63,28986240,0
HARYANA,FARIDABAD,MANDHIR MAAN,BSP,0,10TH PASS,43,,
HARYANA,FARIDABAD,MANOJ,IND,0,POST GRADUATE,48,26536601,1447929
HARYANA,FARIDABAD,MUKESH KUMAR SINGH,LOKPRIYA SAMAJ PARTY,0,12TH PASS,43,2640084,0
HARYANA,FARIDABAD,PRADEEP KUMAR,TOLA PARTY,0,POST GRADUATE,28,7800000,5600000
HARYANA,FARIDABAD,RAKESH KUMAR,AAPKI APNI PARTY (PEOPLES),0,10TH PASS,36,164500,100000
HARYANA,FARIDABAD,RAM KISHAN GOLA,AIFB,0,OTHERS,44,,
HARYANA,FARIDABAD,RUBY,HIND CONGRESS PARTY,0,8TH PASS,36,250000,0
HARYANA,FARIDABAD,SAHIRAM RAWAT,VOTERS PARTY,1,8TH PASS,50,60124564,1808888
HARYANA,FARIDABAD,SANJAY MAURYA,IND,0,8TH PASS,45,,
HARYANA,FARIDABAD,SHYAMVIR,RASHTRIYA LOKSWARAJ PARTY,0,GRADUATE PROFESSIONAL,39,7352013,650000
HARYANA,FARIDABAD,TIKA RAM,IND,0,GRADUATE PROFESSIONAL,43,43916830,300000
HARYANA,GURGAON,RAO INDERJIT SINGH,BJP,0,GRADUATE PROFESSIONAL,69,420970754,31500000
HARYANA,GURGAON,ADVOCATE PARVEEN YADAV WAZIRABAD,AKHIL BHARATIYA JAN SANGH,0,GRADUATE PROFESSIONAL,40,14019800,0
HARYANA,GURGAON,AZAD SINGH NANGALIA,IND,0,10TH PASS,60,6959900,0
HARYANA,GURGAON,CAPT. AJAY SINGH,INC,0,GRADUATE PROFESSIONAL,60,,
HARYANA,GURGAON,CHOWKIDAR ANJAN DEVESHWAR,IND,0,12TH PASS,41,42128108,13659094
HARYANA,GURGAON,COL. DHARAM PAL SINGH RAGHAVA,RASHTRA NIRMAN PARTY,0,GRADUATE,61,20278916,2100000
HARYANA,GURGAON,DR. ABDUL LATIF (MIYA JI),VOTERS PARTY,0,ILLITERATE,63,,
HARYANA,GURGAON,DR. MEHMOOD KHAN,JANNAYAK JANTA PARTY,0,POST GRADUATE,63,241934912,23348207
HARYANA,GURGAON,FAUJI JAI KAWAR TYAGI DIXSHIT,DAKSHA PARTY,0,8TH PASS,64,64245906,0
HARYANA,GURGAON,JAWAHAR SINGH PAHAL,BHARTIYA SHAKTI CHETNA PARTY,0,GRADUATE,47,32326592,4133701
HARYANA,GURGAON,KUSHESHWAR BHAGAT,IND,0,8TH PASS,48,604000,0
HARYANA,GURGAON,MAHABIR MEHRA CHHILARKI,PEOPLES PARTY OF INDIA (DEMOCRATIC),0,10TH PASS,48,,
HARYANA,GURGAON,PAWAN KUMAR,SHS,0,12TH PASS,30,471314,0
HARYANA,GURGAON,PAWAN NEHRA,IND,0,GRADUATE,34,1147333,353892
HARYANA,GURGAON,RAIS AHMAD,BSP,0,GRADUATE,58,,
HARYANA,GURGAON,RAMESH CHAND,BAHUJAN MUKTI PARTY,0,10TH PASS,67,2253119,0
HARYANA,GURGAON,RAMESH KUMAR,RASHTRIYA SAHARA PARTY,0,GRADUATE,48,192200,0
HARYANA,GURGAON,SHARVAN KUMAR,SUCI(C),0,10TH PASS,51,20142297,1029600
HARYANA,GURGAON,SUDESH KUMAR,IND,0,12TH PASS,32,,
HARYANA,GURGAON,VINOD KUMAR,AAPKI APNI PARTY (PEOPLES),0,10TH PASS,40,61500,0
HARYANA,GURGAON,VIRENDER RANA,INLD,0,POST GRADUATE,46,1025863217,0
HARYANA,GURGAON,VIRENDER SINGH,IND,0,POST GRADUATE,58,,
HARYANA,HISAR,BRIJENDRA SINGH,BJP,0,POST GRADUATE,46,146408734,27225637
HARYANA,HISAR,BAJRANG VATS,IND,0,GRADUATE PROFESSIONAL,29,3189687,0
HARYANA,HISAR,BIJENDER,IND,0,5TH PASS,38,3116503,630000
HARYANA,HISAR,MANGE RAM VERMA,IND,0,12TH PASS,50,,
HARYANA,HISAR,PARDEEP KUMAR,IND,0,12TH PASS,32,1073052,684517
HARYANA,HISAR,SALEEM DIN,IND,0,OTHERS,26,112150,30100
HARYANA,HISAR,SHAMSHER SINGH,IND,0,ILLITERATE,54,,
HARYANA,HISAR,SUDHIR GODARA,IND,0,GRADUATE PROFESSIONAL,42,19301000,4043045
HARYANA,HISAR,ANOOP MEHTA,IND,0,8TH PASS,54,2650000,300000
HARYANA,HISAR,BHAVYA BISHNOI,INC,0,POST GRADUATE,26,37990209,17978516
HARYANA,HISAR,DARA SINGH,BHARTIYA JANRAJ PARTY,0,GRADUATE,27,,
HARYANA,HISAR,DEEPAK,IND,1,GRADUATE,28,70000,0
HARYANA,HISAR,DUSHYANT CHAUTALA,JANNAYAK JANTA PARTY,0,POST GRADUATE,31,769452859,68331773
HARYANA,HISAR,JAI BHAGWAN,BAHUJAN MUKTI PARTY,0,12TH PASS,48,,
HARYANA,HISAR,KAKA SAHIL THAKRAL,SAPAKS PARTY,0,OTHERS,25,71759,0
HARYANA,HISAR,KULDEEP BHUKKAL,IND,0,12TH PASS,26,247000,20000
HARYANA,HISAR,PYARELAL CHOHAN ADVOCATE,IND,0,GRADUATE PROFESSIONAL,71,14450000,0
HARYANA,HISAR,SANDEEP,BHARAT PRABHAT PARTY,0,GRADUATE PROFESSIONAL,30,2324498,2167671
HARYANA,HISAR,SHASHI BHARAT BHUSHAN,PRAGATISHIL SAMAJWADI PARTY (LOHIA),0,GRADUATE PROFESSIONAL,54,,
HARYANA,HISAR,SUKHBIR SINGH,CPI(M),0,POST GRADUATE,36,1434354,0
HARYANA,HISAR,SUMIT KUMAR,IND,0,OTHERS,26,135000,0
HARYANA,HISAR,SURESH KOTH,INLD,4,GRADUATE,50,,
HARYANA,HISAR,SURINDER SHARMA,BSP,0,10TH PASS,58,11653061,0
HARYANA,HISAR,VIKAS GODARA,RASHTRIYA LOKSWARAJ PARTY,0,GRADUATE,36,37955250,450000
HARYANA,KARNAL,SANJAY BHATIA,BJP,0,GRADUATE,51,2256739,500000
HARYANA,KARNAL,ANIL KUMAR,JAI JAWAN JAI KISAN PARTY,0,12TH PASS,45,374500,0
HARYANA,KARNAL,ANKUR,AAPKI APNI PARTY (PEOPLES),0,12TH PASS,29,1633000,0
HARYANA,KARNAL,DHARMVIR PADHA,INLD,0,12TH PASS,56,,
HARYANA,KARNAL,DINESH SHARMA,SHS,3,12TH PASS,28,609052,0
HARYANA,KARNAL,ISHWAR CHAND SALWAN,AADARSH JANATA SEWA PARTY,0,GRADUATE,69,15603325,28566
HARYANA,KARNAL,ISHWAR SINGH,RASHTRIYA LOKSWARAJ PARTY,0,ILLITERATE,58,,
HARYANA,KARNAL,JAGDISH,IND,0,ILLITERATE,66,4690000,0
HARYANA,KARNAL,KITAB SINGH,PEOPLES PARTY OF INDIA (DEMOCRATIC),0,5TH PASS,61,4268000,300000
HARYANA,KARNAL,KULDIP SHARMA,INC,0,GRADUATE PROFESSIONAL,62,113355363,1011148
HARYANA,KARNAL,NARESH KUMAR,PRAGATISHIL SAMAJWADI PARTY (LOHIA),0,GRADUATE PROFESSIONAL,39,200000,0
HARYANA,KARNAL,PANKAJ,BSP,0,10TH PASS,30,,
HARYANA,KARNAL,PARMOD KUMAR SHARMA,IND,0,GRADUATE PROFESSIONAL,54,9578661,1405603
HARYANA,KARNAL,TILAK RAJ,RASHTRIYA GARIB DAL,1,POST GRADUATE,60,,
HARYANA,KARNAL,VICKY CHINALYA,SAMAJIK NYAYA PARTY,0,OTHERS,27,35500,20000
HARYANA,KURUKSHETRA,NAYAB SINGH,BJP,0,GRADUATE PROFESSIONAL,49,,
HARYANA,KURUKSHETRA,ANIL,IND,0,8TH PASS,37,8138602,50000
HARYANA,KURUKSHETRA,ARJUN SINGH CHAUTALA,INLD,0,12TH PASS,26,63059996,1748226
HARYANA,KURUKSHETRA,ASHWINI SHARMA HRITTWAL,IND,0,DOCTORATE,55,,
HARYANA,KURUKSHETRA,BALVEER SINGH,IND,0,GRADUATE PROFESSIONAL,74,8736196,0
HARYANA,KURUKSHETRA,JAI BHAGWAN,JANNAYAK JANTA PARTY,0,GRADUATE,57,134293739,4373215
HARYANA,KURUKSHETRA,JAI PARKASH SHARMA,IND,0,10TH PASS,64,,
HARYANA,KURUKSHETRA,JYOTI,NAVNIRMAN PARTY,0,8TH PASS,0,2007635,230013
HARYANA,KURUKSHETRA,KANWALJIT SINGH,IND,0,GRADUATE,31,530100,0
HARYANA,KURUKSHETRA,NIRMAL SINGH,INC,1,GRADUATE,66,126385687,704496
HARYANA,KURUKSHETRA,NITIN,AAPKI APNI PARTY (PEOPLES),3,10TH PASS,0,322000,0
HARYANA,KURUKSHETRA,RAJ KUMARI,BHARAT PRABHAT PARTY,0,POST GRADUATE,35,,
HARYANA,KURUKSHETRA,RAM NARAYAN,BHARTIYA JAN SAMMAN PARTY,0,12TH PASS,29,202000,107000
HARYANA,KURUKSHETRA,RAMESH CHANDER KHATKAR,IND,1,GRADUATE PROFESSIONAL,38,36372,1663000
HARYANA,KURUKSHETRA,RAMESHWAR DASS,IND,0,10TH PASS,49,,
HARYANA,KURUKSHETRA,ROSHAN LAL MUWAL,IND,0,POST GRADUATE,60,19475113,0
HARYANA,KURUKSHETRA,SACHIN GABA,IND,0,GRADUATE,37,4180000,331225
HARYANA,KURUKSHETRA,SANDEEP SINGH,IND,8,POST GRADUATE,35,9941078,2218377
HARYANA,KURUKSHETRA,SATISH KUMAR SINGAL,IND,0,POST GRADUATE,59,10190000,0
HARYANA,KURUKSHETRA,SHASHI,BSP,0,GRADUATE PROFESSIONAL,59,,
HARYANA,KURUKSHETRA,SUBHASH,PRAGATISHIL SAMAJWADI PARTY (LOHIA),0,GRADUATE,47,971000,0
HARYANA,KURUKSHETRA,SUMER CHAND,PEOPLES PARTY OF INDIA (DEMOCRATIC),0,5TH PASS,63,3311000,0
HARYANA,KURUKSHETRA,VIKRAM SINGH,BHARTIYA SHAKTI CHETNA PARTY,0,GRADUATE,44,,
HARYANA,ROHTAK,ARVIND KUMAR SHARMA,BJP,0,POST GRADUATE,56,41079284,16778090
HARYANA,ROHTAK,ASHOK KUMAR,IND,0,12TH PASS,34,3887828,0
HARYANA,ROHTAK,DEEPENDER SINGH,INC,0,POST GRADUATE,41,,
HARYANA,ROHTAK,DHARAMVIR,INLD,0,10TH PASS,54,19240828,1500000
HARYANA,ROHTAK,IMRAN,BHARAT PRABHAT PARTY,0,12TH PASS,38,4370000,0
HARYANA,ROHTAK,INDERJEET,IND,2,POST GRADUATE,32,,
HARYANA,ROHTAK,JAI KARAN,SUCI(C),0,POST GRADUATE,73,16019515,0
HARYANA,ROHTAK,KISHAN LAL,BSP,0,5TH PASS,51,10638347,0
HARYANA,ROHTAK,MANJU DEVI,PRAGATISHIL SAMAJWADI PARTY (LOHIA),0,8TH PASS,34,1720000,49000
HARYANA,ROHTAK,PARVEEN KUMAR,IND,0,POST GRADUATE,35,885000,0
HARYANA,ROHTAK,PRADEEP KUMAR DESWAL,JANNAYAK JANTA PARTY,3,POST GRADUATE,32,,
HARYANA,ROHTAK,RAJBIR,AAPKI APNI PARTY (PEOPLES),0,GRADUATE,26,3785000,0
HARYANA,ROHTAK,RAM KISHAN SAIN,IND,0,10TH PASS,55,34430000,1050000
HARYANA,ROHTAK,RAMBIR,IND,0,12TH PASS,27,,
HARYANA,ROHTAK,SATYAVIR SINGH,IND,0,GRADUATE PROFESSIONAL,43,3674081,0
HARYANA,ROHTAK,SUKHBIR,DALIT SOSHIT PICHHARA VARG ADHIKAR DAL,0,8TH PASS,41,319887,90000
HARYANA,SIRSA,SUNITA DUGGAL,BJP,0,POST GRADUATE,51,42596349,2500000
HARYANA,SIRSA,ANGREJ SINGH ALAHI,RASHTRIYA LOKSWARAJ PARTY,0,5TH PASS,41,1460000,0
HARYANA,SIRSA,ANKUR GILL,SHS,0,10TH PASS,27,1190000,1000000
HARYANA,SIRSA,ASHOK TANWAR,INC,1,DOCTORATE,43,,
HARYANA,SIRSA,BRIJ PAL BALMIKI,BAHUJAN MUKTI PARTY,0,GRADUATE,47,5610000,0
HARYANA,SIRSA,CHARANJEET SINGH RORI,INLD,0,10TH PASS,49,10601527,4446477
HARYANA,SIRSA,DALIP LUNA,IND,0,POST GRADUATE,31,,
HARYANA,SIRSA,DEEPAK,IND,0,GRADUATE,28,438099,0
HARYANA,SIRSA,DR. RAJESH MEHANDIA,PEOPLES PARTY OF INDIA (DEMOCRATIC),0,DOCTORATE,44,3122910,36000
HARYANA,SIRSA,JANAK RAJ ATWAL,BSP,0,POST GRADUATE,50,18517000,1500000
HARYANA,SIRSA,JASWANT,BHARTIYA SHAKTI CHETNA PARTY,0,8TH PASS,41,1015000,50000
HARYANA,SIRSA,KASHMIR CHAND OAD,IND,0,12TH PASS,69,,
HARYANA,SIRSA,NIRMAL SINGH,JANNAYAK JANTA PARTY,0,12TH PASS,37,1805374,0
HARYANA,SIRSA,RAJENDER SIRSA,IND,0,12TH PASS,40,690377,0
HARYANA,SIRSA,RAJESH CHAUBARA,REVOLUTIONARY MARXIST PARTY OF INDIA,0,10TH PASS,39,,
HARYANA,SIRSA,SURAJMAL ATHWAL,IND,0,10TH PASS,61,11004576,394000
HARYANA,SIRSA,VINOD KUMAR SIRKIBAND (GIHARA),IND,0,LITERATE,42,1110000,0
HARYANA,SIRSA,VIRENDER SINGH,IND,0,12TH PASS,40,855330,0
HARYANA,SONIPAT,RAMESH CHANDER KAUSHIK,BJP,0,GRADUATE PROFESSIONAL,62,,
HARYANA,SONIPAT,ANIL KUMAR,IND,0,POST GRADUATE,40,55425964,5942352
HARYANA,SONIPAT,ASHWANI,IND,0,POST GRADUATE,35,1700,0
HARYANA,SONIPAT,BHUPINDER SINGH HOODA,INC,6,GRADUATE PROFESSIONAL,72,,
HARYANA,SONIPAT,BIJENDER,IND,0,POST GRADUATE,54,33752838,373590
HARYANA,SONIPAT,BIJENDER KUMAR,IND,0,10TH PASS,40,5446000,0
HARYANA,SONIPAT,COMRADE BALBEER SINGH,SUCI(C),0,10TH PASS,60,,
HARYANA,SONIPAT,DHARAMBIR,IND,0,12TH PASS,39,921000,0
HARYANA,SONIPAT,DIGVIJAY SINGH CHAUTALA,JANNAYAK JANTA PARTY,1,12TH PASS,28,531839302,113658582
HARYANA,SONIPAT,JAI PRAKASH,IND,0,8TH PASS,54,7455000,224773
HARYANA,SONIPAT,KARAN SINGH,IND,0,12TH PASS,39,756000,0
HARYANA,SONIPAT,KUSUM PARASHAR,MAHILA & YUVA SHAKTI PARTY,0,POST GRADUATE,41,,
HARYANA,SONIPAT,MAHAVIR,RASHTRIYA MAZDOOR EKTA PARTY,0,8TH PASS,56,332000,0
HARYANA,SONIPAT,MANISH,AAPKI APNI PARTY (PEOPLES),0,12TH PASS,29,88000,100000
HARYANA,SONIPAT,MASTER RAMESH KHATRI LAMBARDAR,IND,1,GRADUATE PROFESSIONAL,58,,
HARYANA,SONIPAT,MOHAN,AIFB,1,12TH PASS,51,8702000,0
HARYANA,SONIPAT,PARDEEP CHAHAL,IND,0,12TH PASS,32,5353000,0
HARYANA,SONIPAT,RAJESH SHARMA,PRAGATISHIL SAMAJWADI PARTY (LOHIA),0,GRADUATE,39,7005038,0
HARYANA,SONIPAT,RAMDIYA,SAMAJIK NYAYA PARTY,0,8TH PASS,76,1189642,0
HARYANA,SONIPAT,RAVINDER KUMAR,IND,0,GRADUATE,37,334313,80000
HARYANA,SONIPAT,SANT DHARAMVEER CHOTIWALA,BAHUJAN MAHA PARTY,0,GRADUATE PROFESSIONAL,47,40440000,150000
HARYANA,SONIPAT,SATINDER RATHI,IND,0,GRADUATE,52,,
HARYANA,SONIPAT,SATISH RAJ,IND,0,GRADUATE,50,51201747,131427
HARYANA,SONIPAT,SHIYANAND TYAGI,IND,0,GRADUATE PROFESSIONAL,55,83135000,650000
HARYANA,SONIPAT,SUKHMANDAR SINGH KHARB,RASHTRIYA JATIGAT AARAKSHAN VIRODHI PARTY,0,10TH PASS,31,3528000,0
HARYANA,SONIPAT,SURENDER KUMAR CHHIKARA,INLD,0,12TH PASS,49,406648321,164547432
HIMACHAL PRADESH,HAMIRPUR,ANURAG SINGH THAKUR,BJP,3,GRADUATE,45,56770463,1085145
HIMACHAL PRADESH,HAMIRPUR,ASHISH KUMAR,IND,0,POST GRADUATE,38,50000,0
HIMACHAL PRADESH,HAMIRPUR,ASHOK SHARMA,IND,0,10TH PASS,55,,
HIMACHAL PRADESH,HAMIRPUR,DESH RAJ,BSP,0,GRADUATE PROFESSIONAL,40,8958922,0
HIMACHAL PRADESH,HAMIRPUR,KRISHAN GOPAL,SATYA BAHUMAT PARTY,0,8TH PASS,28,25000,35000
HIMACHAL PRADESH,HAMIRPUR,PARVEEN THAKUR,IND,0,12TH PASS,52,,
HIMACHAL PRADESH,HAMIRPUR,RADHA KRISHAN,IND,0,GRADUATE,64,4915135,1120971
HIMACHAL PRADESH,HAMIRPUR,RAM LAL THAKUR,INC,0,GRADUATE PROFESSIONAL,68,34888616,0
HIMACHAL PRADESH,HAMIRPUR,TULSI RAM SHARMA,AIFB,0,12TH PASS,73,8357500,400000
HIMACHAL PRADESH,HAMIRPUR,VIKASH KUMAR,IND,0,POST GRADUATE,30,208000,140500
HIMACHAL PRADESH,KANGRA,KISHAN KAPOOR,BJP,2,12TH PASS,67,85841247,3605161
HIMACHAL PRADESH,KANGRA,BHACHAN SINGH RANA,IND,0,12TH PASS,52,58283642,11501000
HIMACHAL PRADESH,KANGRA,CHANDER BHAN,IND,0,10TH PASS,54,35000,50000
HIMACHAL PRADESH,KANGRA,COL. NARINDER SINGH PATHANIA,IND,0,GRADUATE PROFESSIONAL,67,,
HIMACHAL PRADESH,KANGRA,DR. SANJIV GULERIA,IND,0,GRADUATE PROFESSIONAL,59,6237054,0
HIMACHAL PRADESH,KANGRA,DR. SWAROOP SINGH RANA,SWABHIMAN PARTY,0,POST GRADUATE,58,39886000,0
HIMACHAL PRADESH,KANGRA,KEHAR SINGH,BSP,0,DOCTORATE,49,,
HIMACHAL PRADESH,KANGRA,NISHA KATOCH,IND,0,GRADUATE PROFESSIONAL,37,2633000,1800000
HIMACHAL PRADESH,KANGRA,PREM CHAND VISHVAKARMA,NAVBHARAT EKTA DAL,1,POST GRADUATE,67,55606573,5130000
HIMACHAL PRADESH,KANGRA,SUBHASH CHAND,HIMACHAL JAN KRANTI PARTY,0,10TH PASS,70,4729423,0
HIMACHAL PRADESH,MANDI,RAM SWAROOP SHARMA,BJP,0,10TH PASS,60,15724337,783963
HIMACHAL PRADESH,MANDI,AASHRAY SHARMA,INC,0,OTHERS,32,48523665,16286033
HIMACHAL PRADESH,MANDI,BRIJ GOPAL,IND,0,12TH PASS,59,6091905,1696565
HIMACHAL PRADESH,MANDI,CHANDERMANI,AIFB,0,GRADUATE,61,,
HIMACHAL PRADESH,MANDI,COL. THAKUR SINGH,IND,0,POST GRADUATE,66,54106562,0
HIMACHAL PRADESH,MANDI,DALEEP SINGH KAITH,CPI(M),1,POST GRADUATE,48,4303590,934823
HIMACHAL PRADESH,MANDI,DEV RAJ BHARDWAJ,IND,0,GRADUATE,66,,
HIMACHAL PRADESH,MANDI,DHARMENDER SINGH THAKUR,IND,0,DOCTORATE,49,284035000,3315000
HIMACHAL PRADESH,MANDI,GHANSHYAM CHAND THAKUR,IND,0,GRADUATE PROFESSIONAL,63,12175000,391421
HIMACHAL PRADESH,MANDI,KARTAR CHAND,SWABHIMAN PARTY,0,GRADUATE,44,3241600,40000
HIMACHAL PRADESH,MANDI,KHEM CHAND,PEOPLES PARTY OF INDIA (DEMOCRATIC),0,ILLITERATE,43,7030600,600000
HIMACHAL PRADESH,MANDI,MEHAR SINGH,RASHTRIYA AZAD MANCH,3,10TH PASS,53,,
HIMACHAL PRADESH,MANDI,RAJENDER SURYAVANSHI,AMBEDKARITE PARTY OF INDIA,1,12TH PASS,42,1673222,73222
HIMACHAL PRADESH,MANDI,SES RAM,BSP,0,12TH PASS,46,,
HIMACHAL PRADESH,MANDI,SHIV LAL THAKUR,BHARTIYA SHAKTI CHETNA PARTY,0,12TH PASS,64,5345000,2000000
HIMACHAL PRADESH,MANDI,SUBHASH MOHAN SNEHI,IND,0,DOCTORATE,47,21561080,0
BYE ELECTION ON 30-10-2021 : HIMACHAL PRADESH,MANDI,PRATIBHA SINGH,INC,2,GRADUATE,65,282503355,1029992
BYE ELECTION ON 30-10-2021 : HIMACHAL PRADESH,MANDI,AMBIKA SHYAM,RASHTRIYA LOKNEETI PARTY,0,GRADUATE PROFESSIONAL,44,7660216,0
BYE ELECTION ON 30-10-2021 : HIMACHAL PRADESH,MANDI,ANIL KUMAR,IND,0,12TH PASS,39,4041329,0
BYE ELECTION ON 30-10-2021 : HIMACHAL PRADESH,MANDI,BRIG KHUSHAL CHAND THAKUR,BJP,0,GRADUATE,67,,
BYE ELECTION ON 30-10-2021 : HIMACHAL PRADESH,MANDI,MUNSHI RAM THAKUR,HIMACHAL JAN KRANTI PARTY,0,GRADUATE PROFESSIONAL,62,5600000,0
BYE ELECTION ON 30-10-2021 : HIMACHAL PRADESH,MANDI,SUBHASH MOHAN SNEHI,IND,0,DOCTORATE,43,,
HIMACHAL PRADESH,SHIMLA,SURESH KUMAR KASHYAP,BJP,0,POST GRADUATE,48,15705738,7873806
HIMACHAL PRADESH,SHIMLA,DHANI RAM SHANDIL,INC,1,DOCTORATE,78,36782528,4111104
HIMACHAL PRADESH,SHIMLA,MANOJ KUMAR,AIFB,0,10TH PASS,27,184000,0
HIMACHAL PRADESH,SHIMLA,RAVI,IND,0,10TH PASS,39,,
HIMACHAL PRADESH,SHIMLA,SHAMSHER SINGH,RASHTRIYA AZAD MANCH,0,10TH PASS,37,351000,0
HIMACHAL PRADESH,SHIMLA,VIKRAM SINGH,BSP,0,GRADUATE,33,,
JAMMU & KASHMIR,ANANTNAG,HASNAIN MASOODI,JAMMU & KASHMIR NATIONAL CONFERENCE,0,POST GRADUATE,65,87620672,0
JAMMU & KASHMIR,ANANTNAG,ALI MOHAMMAD WANI,IND,0,GRADUATE,48,13100000,0
JAMMU & KASHMIR,ANANTNAG,CH. ZAFFAR ALI,JAMMU & KASHMIR PEOPLE CONFERENCE,0,8TH PASS,60,23265829,202000
JAMMU & KASHMIR,ANANTNAG,GH. MOHD. WANI,IND,0,12TH PASS,45,,
JAMMU & KASHMIR,ANANTNAG,GHULAM AHMAD MIR,INC,0,GRADUATE,60,140146018,0
JAMMU & KASHMIR,ANANTNAG,IMTIYAZ AHMAD RATHER,IND,0,POST GRADUATE,47,,
JAMMU & KASHMIR,ANANTNAG,KYASIR AHMAD SHEIKH,IND,2,GRADUATE,31,250000,200000
JAMMU & KASHMIR,ANANTNAG,MANZOOR AHMAD KHAN,IND,1,8TH PASS,47,40000,0
JAMMU & KASHMIR,ANANTNAG,MIRZA SAJAD HUSSAIN BEIGH,IND,0,GRADUATE,36,60000,0
JAMMU & KASHMIR,ANANTNAG,NISAR AHMAD WANI,JAMMU & KASHMIR NATIONAL PANTHERS PARTY,0,10TH PASS,36,30000,0
JAMMU & KASHMIR,ANANTNAG,RIDWANA SANAM,IND,0,GRADUATE PROFESSIONAL,39,,
JAMMU & KASHMIR,ANANTNAG,RIYAZ AHMAD BHAT,IND,0,10TH PASS,45,31000,0
JAMMU & KASHMIR,ANANTNAG,SANJAY KUMAR DHAR,MANVADHIKAR NATIONAL PARTY,0,12TH PASS,51,355000,0
JAMMU & KASHMIR,ANANTNAG,SHAMS KHWAJA,IND,0,POST GRADUATE,58,,
JAMMU & KASHMIR,ANANTNAG,SOFI YOUSUF,BJP,1,ILLITERATE,53,11710000,0
JAMMU & KASHMIR,ANANTNAG,SURINDER SINGH,PRAGATISHIL SAMAJWADI PARTY (LOHIA),0,GRADUATE,60,8090000,0
JAMMU & KASHMIR,BARAMULLA,MOHAMMAD AKBAR LONE,JAMMU & KASHMIR NATIONAL CONFERENCE,0,GRADUATE PROFESSIONAL,71,,
JAMMU & KASHMIR,BARAMULLA,ABDUL QAYOOM WANI,JAMMU & KASHMIR PEOPLES DEMOCRATIC PARTY,0,GRADUATE PROFESSIONAL,59,16556983,473600
JAMMU & KASHMIR,BARAMULLA,ENGINEER RASHID,IND,0,OTHERS,54,8000000,6000000
JAMMU & KASHMIR,BARAMULLA,HAJI FAROOQ AHMAD MIR,INC,0,8TH PASS,55,,
JAMMU & KASHMIR,BARAMULLA,JAHANGIR KHAN,JAMMU & KASHMIR NATIONAL PANTHERS PARTY,0,10TH PASS,46,215000,0
JAMMU & KASHMIR,BARAMULLA,JAVID AHMAD QURESHI,IND,0,8TH PASS,45,1170000,0
JAMMU & KASHMIR,BARAMULLA,MOHD MAQBOOL WAR,BJP,0,GRADUATE,61,11320000,0
JAMMU & KASHMIR,BARAMULLA,RAJA AIJAZ ALI,JAMMU & KASHMIR PEOPLE CONFERENCE,0,GRADUATE PROFESSIONAL,67,176868487,848606
JAMMU & KASHMIR,JAMMU,JUGAL KISHORE,BJP,0,10TH PASS,56,,
JAMMU & KASHMIR,JAMMU,AJAY KUMAR,IND,0,POST GRADUATE,49,179279000,3354000
JAMMU & KASHMIR,JAMMU,ANIL SINGH,IND,0,GRADUATE PROFESSIONAL,25,10000,0
JAMMU & KASHMIR,JAMMU,BADRI NATH,BSP,0,10TH PASS,62,,
JAMMU & KASHMIR,JAMMU,BAHADUR,IND,0,10TH PASS,39,4466781,4500000
JAMMU & KASHMIR,JAMMU,BALWAN SINGH,IND,0,8TH PASS,45,5535000,0
JAMMU & KASHMIR,JAMMU,ER. GHULAM MUSTAFA CHOWDHARY,IND,0,OTHERS,37,,
JAMMU & KASHMIR,JAMMU,GURSAGAR SINGH,NAVARANG CONGRESS PARTY,0,12TH PASS,39,45400000,3530000
JAMMU & KASHMIR,JAMMU,JAVAID AHMED,AIFB,0,12TH PASS,37,2207000,0
JAMMU & KASHMIR,JAMMU,LAL SINGH,DOGRA SWABHIMAN SANGATHAN PARTY,0,GRADUATE,60,20355810,1950000
JAMMU & KASHMIR,JAMMU,MANISH SAHNI,SHS,0,GRADUATE,50,11807830,1290000
JAMMU & KASHMIR,JAMMU,MOHD YOUNIS,JAMMU & KASHMIR PIR PANJAL AWAMI PARTY,0,GRADUATE PROFESSIONAL,54,,
JAMMU & KASHMIR,JAMMU,PERSEEN SINGH,IND,0,12TH PASS,39,135000,0
JAMMU & KASHMIR,JAMMU,PROF. BHIM SINGH,JAMMU & KASHMIR NATIONAL PANTHERS PARTY,0,POST GRADUATE,78,84000,0
JAMMU & KASHMIR,JAMMU,RAJIV CHUNI,IND,0,10TH PASS,56,,
JAMMU & KASHMIR,JAMMU,RAMAN BHALLA,INC,0,GRADUATE PROFESSIONAL,56,59272009,6805874
JAMMU & KASHMIR,JAMMU,SAKANDER AHMAD NOURANI,IND,0,POST GRADUATE,30,421000,0
JAMMU & KASHMIR,JAMMU,SHAZAD SHABNAM,IND,1,10TH PASS,27,54014426,25000000
JAMMU & KASHMIR,JAMMU,SUBASH CHANDER,IND,0,8TH PASS,53,7480000,0
JAMMU & KASHMIR,JAMMU,SUSHIL KUMAR,HINDUSTHAN NIRMAN DAL,0,GRADUATE,46,,
JAMMU & KASHMIR,JAMMU,SYED AQIB HUSSAIN,INDEPENDENT PEOPLES PARTY,0,GRADUATE PROFESSIONAL,27,3768800,0
JAMMU & KASHMIR,JAMMU,SYED ZESHAN HAIDER,IND,0,12TH PASS,28,90000,0
JAMMU & KASHMIR,JAMMU,TARSEEM LAL KHULLAR,IND,0,10TH PASS,53,,
JAMMU & KASHMIR,LADAKH,TSERING NAMGYAL,BJP,1,GRADUATE,33,981904,0
JAMMU & KASHMIR,LADAKH,ASGAR ALI KARBALAI,IND,0,10TH PASS,54,2729608,0
JAMMU & KASHMIR,LADAKH,RIGZIN SPALBAR,INC,0,GRADUATE,61,58318908,8765000
JAMMU & KASHMIR,LADAKH,SAJJAD HUSSAIN,IND,0,POST GRADUATE,37,,
JAMMU & KASHMIR,SRINAGAR,FAROOQ ABDULLAH,JAMMU & KASHMIR NATIONAL CONFERENCE,1,GRADUATE PROFESSIONAL,83,,
JAMMU & KASHMIR,SRINAGAR,ABDUAL RASHID GANIE,JAMMU & KASHMIR NATIONAL PANTHERS PARTY,0,8TH PASS,44,325000,0
JAMMU & KASHMIR,SRINAGAR,ABDUL KHALIQ BHAT,SHS,0,8TH PASS,40,5025000,0
JAMMU & KASHMIR,SRINAGAR,ABDUL RASHID BANDAY,IND,0,10TH PASS,67,,
JAMMU & KASHMIR,SRINAGAR,AGA SYED MOHSIN,PEOPLES DEMOCRATIC PARTY,0,12TH PASS,58,12050000,0
JAMMU & KASHMIR,SRINAGAR,BILAL SULTAN,IND,0,GRADUATE PROFESSIONAL,46,12356000,80000
JAMMU & KASHMIR,SRINAGAR,IRFAN RAZA ANSARI,JAMMU & KASHMIR PEOPLE CONFERENCE,0,GRADUATE,41,669198138,62371547
JAMMU & KASHMIR,SRINAGAR,NAZIR AHMAD LONE,RASHTRIYA JANKRANTI PARTY,0,8TH PASS,46,6200000,1800000
JAMMU & KASHMIR,SRINAGAR,SAJJAD AHMAD DAR,IND,0,12TH PASS,30,27000,0
JAMMU & KASHMIR,SRINAGAR,SHEIKH KHALID JEHANGIR,BJP,1,12TH PASS,0,45300000,3800000
JAMMU & KASHMIR,SRINAGAR,SHOWKAT HUSSAIN KHAN,JD(U),0,8TH PASS,37,,
JAMMU & KASHMIR,UDHAMPUR,DR. JITENDRA SINGH,BJP,0,POST GRADUATE,62,70827203,0
JAMMU & KASHMIR,UDHAMPUR,BANSI LAL,IND,0,8TH PASS,54,11258700,450000
JAMMU & KASHMIR,UDHAMPUR,FIRDOUS AHMED BAWANI,IND,0,12TH PASS,0,,
JAMMU & KASHMIR,UDHAMPUR,GARIB SINGH,IND,0,10TH PASS,58,2040000,25000
JAMMU & KASHMIR,UDHAMPUR,HARSH DEV SINGH,JAMMU & KASHMIR NATIONAL PANTHERS PARTY,3,POST GRADUATE,59,11936017,2500000
JAMMU & KASHMIR,UDHAMPUR,LAL SINGH,DOGRA SWABHIMAN SANGATHAN PARTY,0,GRADUATE,60,,
JAMMU & KASHMIR,UDHAMPUR,MEENAKSHI,SHS,0,GRADUATE,34,2135000,0
JAMMU & KASHMIR,UDHAMPUR,MOHD AYUB,NAVARANG CONGRESS PARTY,1,GRADUATE,55,27075200,49000
JAMMU & KASHMIR,UDHAMPUR,SHABER AHMED,IND,0,GRADUATE,34,79200,0
JAMMU & KASHMIR,UDHAMPUR,TILAK RAJ BHAGAT,BSP,0,GRADUATE PROFESSIONAL,62,29125108,0
JAMMU & KASHMIR,UDHAMPUR,VIKRAMADITYA SINGH,INC,0,OTHERS,54,,
JHARKHAND,CHATRA,SUNIL KUMAR SINGH,BJP,0,POST GRADUATE,55,226209137,1889051
JHARKHAND,CHATRA,ABDUL RAJAK ANSARI,SADAN VIKAS PARTY,1,LITERATE,64,1645000,0
JHARKHAND,CHATRA,ARJUN KUMAR,CPI,2,10TH PASS,40,4518000,90000
JHARKHAND,CHATRA,ARUN KUMAR YADAV,IND,1,GRADUATE,51,,
JHARKHAND,CHATRA,ASHUTOSH KUMAR,PURVANCHAL JANTA PARTY (SECULAR),0,10TH PASS,25,7480000,0
JHARKHAND,CHATRA,AYUB KHA,IND,0,10TH PASS,51,1556148,40000
JHARKHAND,CHATRA,BAGENDRA RAM,IND,0,8TH PASS,34,,
JHARKHAND,CHATRA,BHAGALPURI YADAV,IND,0,LITERATE,37,3937000,75000
JHARKHAND,CHATRA,DHANANJAY KUMAR,IND,0,10TH PASS,35,670000,0
JHARKHAND,CHATRA,JAIDULLAH ANSARI,IND,0,LITERATE,66,6925000,100000
JHARKHAND,CHATRA,MANOJ KUMAR PANDEY,IND,0,POST GRADUATE,49,14143740,5905032
JHARKHAND,CHATRA,MANOJ KUMAR YADAV,INC,0,GRADUATE,63,,
JHARKHAND,CHATRA,NAGESHWAR GANJHU,BSP,0,LITERATE,36,101166000,0
JHARKHAND,CHATRA,NAND LAL PRASAD KESHARI,IND,0,10TH PASS,59,6689000,2300000
JHARKHAND,CHATRA,NANDLAL PRASAD,IND,0,GRADUATE,43,,
JHARKHAND,CHATRA,PANKAJ RANJAN,JHARKHAND PEOPLES PARTY,0,12TH PASS,25,4726929,0
JHARKHAND,CHATRA,PAWAN KUMAR,IND,1,GRADUATE,35,6830000,1000000
JHARKHAND,CHATRA,RAJENDRA SAHU,IND,0,10TH PASS,41,84976547,58992436
JHARKHAND,CHATRA,RAMANAND DAS,BHARTIYA SARVODAYA PARTY,0,GRADUATE,51,4390000,65000
JHARKHAND,CHATRA,RAMESHI RAM,IND,0,GRADUATE,63,,
JHARKHAND,CHATRA,SAGAR RAM,AKHIL BHARAT HINDU MAHASABHA,0,ILLITERATE,43,5778100,43000
JHARKHAND,CHATRA,SHAUKAT ALI,BHARATIYA MOMIN FRONT,0,8TH PASS,52,1710000,550000
JHARKHAND,CHATRA,SUBHASH PRASAD YADAV,RJD,3,GRADUATE,52,,
JHARKHAND,CHATRA,YOGENDRA YADAV,IND,0,GRADUATE PROFESSIONAL,26,1905000,0
JHARKHAND,DHANBAD,PASHUPATI NATH SINGH,BJP,0,GRADUATE,69,,
JHARKHAND,DHANBAD,BAMAPADA BAURI,IND,1,POST GRADUATE,58,3052000,0
JHARKHAND,DHANBAD,DEEPAK KUMAR DAS,PEOPLES PARTY OF INDIA (DEMOCRATIC),0,12TH PASS,35,1477000,0
JHARKHAND,DHANBAD,HEERA LAL SHANKHVAR,AIFB,0,POST GRADUATE,69,,
JHARKHAND,DHANBAD,K.C.SINGH RAJ,IND,0,POST GRADUATE,67,1083000,0
JHARKHAND,DHANBAD,KIRTI AZAD,INC,4,GRADUATE,58,84026755,5147300
JHARKHAND,DHANBAD,LAKSHMI DEVI,IND,0,LITERATE,49,,
JHARKHAND,DHANBAD,MADHVI SINGH,AITC,0,8TH PASS,41,21365000,0
JHARKHAND,DHANBAD,MANTOSH KUMAR MANDAL,AMRA BANGALEE,0,POST GRADUATE,72,4693000,0
JHARKHAND,DHANBAD,MERAJ KHAN,SP,3,12TH PASS,40,4070260,250000
JHARKHAND,DHANBAD,MIHIR CHANDRA MAHATO,AMBEDKARITE PARTY OF INDIA,0,12TH PASS,43,631000,0
JHARKHAND,DHANBAD,PREM PRAKASH PASWAN,IND,0,12TH PASS,35,602150,0
JHARKHAND,DHANBAD,RAJESH KUMAR SINGH,IND,0,GRADUATE,51,24038468,14943313
JHARKHAND,DHANBAD,RAM LAL MAHTO,SUCI(C),0,GRADUATE,69,,
JHARKHAND,DHANBAD,SANJAY PASWAN,IND,0,8TH PASS,34,50000,0
JHARKHAND,DHANBAD,SIDDHARTH GAUTAM,IND,2,10TH PASS,33,17651935,0
JHARKHAND,DHANBAD,UMESH PASWAN,IND,0,LITERATE,55,179496,20000
JHARKHAND,DHANBAD,VARUN KUMAR,IND,0,GRADUATE,29,92800,19500
JHARKHAND,DUMKA,SUNIL SOREN,BJP,0,12TH PASS,39,4737559,685516
JHARKHAND,DUMKA,ARJUN PUJHAR,AITC,0,10TH PASS,44,1566773,8000
JHARKHAND,DUMKA,BAGHRAI SOREN,IND,0,GRADUATE PROFESSIONAL,64,660000,0
JHARKHAND,DUMKA,DR. SHRILAL KISKU,IND,0,GRADUATE PROFESSIONAL,60,,
JHARKHAND,DUMKA,MOHRIL MURMU,IND,0,GRADUATE PROFESSIONAL,69,790000,0
JHARKHAND,DUMKA,PROBINA MURMU,IND,0,10TH PASS,34,140000,0
JHARKHAND,DUMKA,RAJESH BESRA,IND,0,GRADUATE,33,,
JHARKHAND,DUMKA,RAMESH TUDU,IND,0,10TH PASS,25,1707200,0
JHARKHAND,DUMKA,RASKA SOREN,IND,0,8TH PASS,68,1835000,0
JHARKHAND,DUMKA,SATISH SOREN,JHARKHAND PEOPLES PARTY,0,GRADUATE,73,3936986,0
JHARKHAND,DUMKA,SENAPATI MURMU,CPI,0,10TH PASS,45,2468599,341860
JHARKHAND,DUMKA,SHIBU SOREN,JMM,0,10TH PASS,72,,
JHARKHAND,DUMKA,STEPHAN BESRA,BSP,0,10TH PASS,40,3711000,800000
JHARKHAND,DUMKA,THAKUROON SOREN,IND,1,5TH PASS,37,,
JHARKHAND,GIRIDIH,CHANDRA PRAKASH CHOUDHARY,AJSU PARTY,2,GRADUATE,50,13456889,1330000
JHARKHAND,GIRIDIH,AHMAD ANSARI,BHARTIYA LOKMAT RASHTRWADI PARTY,0,LITERATE,57,290000,0
JHARKHAND,GIRIDIH,AMIT JANI,UTTAR PRADESH NAVNIRMAN SENA,9,GRADUATE PROFESSIONAL,38,6800000,1600000
JHARKHAND,GIRIDIH,CHANDRA DEO PRASAD,AIHRA NATIONAL PARTY,0,POST GRADUATE,37,,
JHARKHAND,GIRIDIH,DWARAKA PRASAD LALA,RPI(A),1,10TH PASS,68,9641678,403300
JHARKHAND,GIRIDIH,JOGESHWAR THAKUR,VISHVA SHAKTI PARTY,1,GRADUATE,41,,
JHARKHAND,GIRIDIH,MADHU SUDAN,JHARKHAND PARTY (SECULAR),0,10TH PASS,63,8655000,1000000
JHARKHAND,GIRIDIH,RAJENDRA DASAUNDHI,IND,0,GRADUATE,47,657329,0
JHARKHAND,GIRIDIH,SANJEEV KUMAR MAHATO,IND,0,12TH PASS,39,1830883,0
JHARKHAND,GIRIDIH,SHIBU SINGH,BHARTIYA MANAVADHIKAAR FEDERAL PARTY,0,GRADUATE,46,1698452,0
JHARKHAND,GIRIDIH,SIMMI SUMAN,IND,0,POST GRADUATE,32,,
JHARKHAND,GIRIDIH,SOHRAB SHAH,BAHUJAN MUKTI PARTY,0,LITERATE,56,60000,0
JHARKHAND,GIRIDIH,SUNITA TUDU,IND,0,GRADUATE PROFESSIONAL,32,16688140,1100000
JHARKHAND,GODDA,NISHIKANT DUBEY,BJP,4,DOCTORATE,47,462757500,0
JHARKHAND,GODDA,ANUP KUMAR SINHA,IND,0,GRADUATE,43,10895000,0
JHARKHAND,GODDA,ASHA MAKEDE,PICHHARA SAMAJ PARTY UNITED,0,DOCTORATE,49,10000,0
JHARKHAND,GODDA,BAJRANGI MAHTHA,BAHUJAN MUKTI PARTY,9,12TH PASS,34,,
JHARKHAND,GODDA,BIRENDRA KUMAR,IND,1,POST GRADUATE,36,410031,0
JHARKHAND,GODDA,JITENDRA KUMAR BARNWAL,IND,0,12TH PASS,34,1314140,353210
JHARKHAND,GODDA,K. RANGAIAH,IND,0,POST GRADUATE,82,,
JHARKHAND,GODDA,MADHUSUDAN RAY,IND,0,10TH PASS,52,871394,3585
JHARKHAND,GODDA,MAHESH KUMAR SUMAN,IND,0,POST GRADUATE,55,220000,0
JHARKHAND,GODDA,NOOR HASSAN,RASHTRIYA SAMTA PARTY (SECULAR),0,GRADUATE,47,2051330,0
JHARKHAND,GODDA,PRADEEP YADAV,JHARKHAND VIKAS MORCHA (PRAJATANTRIK),13,GRADUATE,53,,
JHARKHAND,GODDA,ZAFFAR OBAID,BSP,0,DOCTORATE,46,873613,0
JHARKHAND,HAZARIBAGH,JAYANT SINHA,BJP,0,POST GRADUATE,55,,
JHARKHAND,HAZARIBAGH,BHAWESH KUMAR MISHRA,BHARATIYA JAN KRANTI DAL (DEMOCRATIC),1,GRADUATE,43,290000,0
JHARKHAND,HAZARIBAGH,BHUBANESHWAR PRASAD MEHTA,CPI,1,12TH PASS,73,38958977,0
JHARKHAND,HAZARIBAGH,GAUTAM KUMAR,IND,1,GRADUATE,29,,
JHARKHAND,HAZARIBAGH,GOPAL PRASAD SAHU,INC,0,GRADUATE,74,346174281,21867709
JHARKHAND,HAZARIBAGH,JAGAT KUMAR SONI,BHARTIYA AZAD SENA,0,POST GRADUATE,35,2783000,55000
JHARKHAND,HAZARIBAGH,KRISHNA KUMAR SINGH,BHARAT PRABHAT PARTY,0,GRADUATE,28,2703300,0
JHARKHAND,HAZARIBAGH,MD MUBARAK,JANATA CONGRESS,0,LITERATE,45,279125,0
JHARKHAND,HAZARIBAGH,MISBAHUL ISLAM,PEOPLES PARTY OF INDIA (DEMOCRATIC),1,12TH PASS,47,3383000,0
JHARKHAND,HAZARIBAGH,RAJESH RANJAN,SUCI(C),0,POST GRADUATE,38,1544940,0
JHARKHAND,HAZARIBAGH,RAJNI DEVI,JAI PRAKASH JANATA DAL,0,LITERATE,39,,
JHARKHAND,HAZARIBAGH,RAMAVTAR MAHTO,IND,0,12TH PASS,34,1790000,0
JHARKHAND,HAZARIBAGH,RAMESHWAR RAM KUSHWAHA,AIFB,0,GRADUATE,49,885838,0
JHARKHAND,HAZARIBAGH,TEKOCHAND MAHTO,IND,0,GRADUATE PROFESSIONAL,28,,
JHARKHAND,HAZARIBAGH,VINOD KUMAR,BSP,0,GRADUATE,62,27695641,0
JHARKHAND,JAMSHEDPUR,BIDYUT BARAN MAHATO,BJP,3,12TH PASS,56,,
JHARKHAND,JAMSHEDPUR,ANGAD MAHATO,AMRA BANGALEE,0,10TH PASS,51,3276000,0
JHARKHAND,JAMSHEDPUR,ANJANA MAHATA,AITC,0,POST GRADUATE,38,8060342,0
JHARKHAND,JAMSHEDPUR,ASHRAF HUSSAIN,BSP,0,12TH PASS,39,,
JHARKHAND,JAMSHEDPUR,ASIT KUMAR SINGH,IND,0,GRADUATE PROFESSIONAL,49,2494948,0
JHARKHAND,JAMSHEDPUR,ASJADULLAH IMRAN,BHARAT PRABHAT PARTY,1,12TH PASS,49,2869628,0
JHARKHAND,JAMSHEDPUR,CHAMPAI SOREN,JMM,1,10TH PASS,62,22822491,7650059
JHARKHAND,JAMSHEDPUR,CHANDRA SHEKHAR MAHATO,PEOPLES PARTY OF INDIA (DEMOCRATIC),0,POST GRADUATE,47,3248346,17209
JHARKHAND,JAMSHEDPUR,DINESH MAHATO,IND,2,12TH PASS,46,5871513,29500
JHARKHAND,JAMSHEDPUR,MAHESH KUMAR,RIGHT TO RECALL PARTY,0,GRADUATE PROFESSIONAL,36,1074449,567313
JHARKHAND,JAMSHEDPUR,MALAY KUMAR MAHATO,CPI(ML) RED STAR,0,12TH PASS,37,,
JHARKHAND,JAMSHEDPUR,MUBIN KHAN,IND,0,12TH PASS,58,1365000,100000
JHARKHAND,JAMSHEDPUR,PANMANI SINGH,SUCI(C),0,GRADUATE,62,4283897,20000
JHARKHAND,JAMSHEDPUR,QAMAR RAZA KHAN,BHARTIYA PANCHYAT PARTY,0,OTHERS,34,,
JHARKHAND,JAMSHEDPUR,RAKESH KUMAR,IND,0,GRADUATE,42,7400000,0
JHARKHAND,JAMSHEDPUR,RANJIT KUMAR SINGH,JHARKHAND PARTY,0,GRADUATE,54,20915000,0
JHARKHAND,JAMSHEDPUR,SARITA ANAND,IND,0,GRADUATE,38,14022115,7093866
JHARKHAND,JAMSHEDPUR,SHAILESH KUMAR SINGH,IND,0,GRADUATE,49,30068000,0
JHARKHAND,JAMSHEDPUR,SHEKH AKHIR UDDIN,JHARKHAND PARTY (NAREN),2,8TH PASS,54,,
JHARKHAND,JAMSHEDPUR,SUBRAT KUMAR PRADHAN,AMBEDKARITE PARTY OF INDIA,0,GRADUATE PROFESSIONAL,53,325043,0
JHARKHAND,JAMSHEDPUR,SURYA SINGH BESRA,JHARKHAND PEOPLES PARTY,1,POST GRADUATE,57,12036532,1200000
JHARKHAND,KHUNTI,ARJUN MUNDA,BJP,0,12TH PASS,50,,
JHARKHAND,KHUNTI,ABINASHI MUNDU,HUM BHARTIYA PARTY,0,GRADUATE,35,1130569,0
JHARKHAND,KHUNTI,AJAY TOPNO,JHARKHAND PARTY,0,GRADUATE,50,8191682,0
JHARKHAND,KHUNTI,INDUMATI MUNDU,BSP,0,GRADUATE,50,1323000,150000
JHARKHAND,KHUNTI,KALI CHARAN MUNDA,INC,0,12TH PASS,57,5111665,0
JHARKHAND,KHUNTI,MEENAKSHI MUNDA,IND,0,DOCTORATE,40,,
JHARKHAND,KHUNTI,MUNNA BARAIK,AIHRA NATIONAL PARTY,0,12TH PASS,26,2570785,0
JHARKHAND,KHUNTI,NEEL JUSTIN BECK,BHARATIYA MINORITIES SURAKSHA MAHASANGH,3,12TH PASS,47,258000,132000
JHARKHAND,KHUNTI,SIBIL KANDULNA,RASHTRIYA SANGAIL PARTY,0,GRADUATE,64,4628483,0
JHARKHAND,KHUNTI,SUKHRAM HERENJ,IND,0,GRADUATE,65,125500,0
JHARKHAND,KODARMA,ANNAPURNA DEVI,BJP,0,POST GRADUATE,50,97636939,3189066
JHARKHAND,KODARMA,AJAY KRISHNA,RASHTRIYA JANSANGHARSH SWARAJ PARTY,2,12TH PASS,50,6398000,0
JHARKHAND,KODARMA,AVADHESH KUMAR SINGH,VISHVA SHAKTI PARTY,0,GRADUATE PROFESSIONAL,46,,
JHARKHAND,KODARMA,BABU LAL MARANDI,JHARKHAND VIKAS MORCHA (PRAJATANTRIK),10,GRADUATE,61,10951372,0
JHARKHAND,KODARMA,BAYAS KUMAR,MOOLNIWASI SAMAJ PARTY,1,GRADUATE,28,1156819,50000
JHARKHAND,KODARMA,DAYANAND KUMAR,JANATA CONGRESS,0,12TH PASS,39,,
JHARKHAND,KODARMA,KANCHAN KUMARI,AITC,0,GRADUATE,28,5290000,1200000
JHARKHAND,KODARMA,MD MAHBOOB ALAM,IND,0,LITERATE,52,1887000,45000
JHARKHAND,KODARMA,RAJ KUMAR YADAV,CPI(ML)(L),4,10TH PASS,46,14941593,3514000
JHARKHAND,KODARMA,RAMESHWAR PD YADAV,IND,0,POST GRADUATE,44,1342200,67000
JHARKHAND,KODARMA,SARFARAJ AHMAD,BSP,1,12TH PASS,31,,
JHARKHAND,KODARMA,SHIVNATH SAW,AIFB,0,10TH PASS,33,3318988,0
JHARKHAND,KODARMA,TUKLAL NAYAK,HINDUSTHAN NIRMAN DAL,0,POST GRADUATE,58,2497500,0
JHARKHAND,LOHARDAGA,SUDARSHAN BHAGAT,BJP,0,GRADUATE,52,12947303,525000
JHARKHAND,LOHARDAGA,AALONE BAXLA,IND,0,GRADUATE,47,2738947,0
JHARKHAND,LOHARDAGA,AJIT KUMAR BHAGAT,IND,0,POST GRADUATE,34,2550000,0
JHARKHAND,LOHARDAGA,AMBAR SAURAV KUNAL,IND,0,GRADUATE PROFESSIONAL,25,,
JHARKHAND,LOHARDAGA,ANAND PAUL TIRKEY,IND,0,GRADUATE PROFESSIONAL,27,2647000,0
JHARKHAND,LOHARDAGA,DEO KUMAR DHAN,JHARKHAND PARTY,1,GRADUATE,53,22679920,2400000
JHARKHAND,LOHARDAGA,DINESH ORAON,AITC,0,12TH PASS,26,,
JHARKHAND,LOHARDAGA,EKUS DHAN,IND,0,GRADUATE,65,2066713,0
JHARKHAND,LOHARDAGA,KALINDAR ORAON,IND,0,12TH PASS,43,1636800,25000
JHARKHAND,LOHARDAGA,SANIYA ORAON,IND,1,8TH PASS,49,1048129,0
JHARKHAND,LOHARDAGA,SANJAY ORAON,IND,0,8TH PASS,41,1352000,0
JHARKHAND,LOHARDAGA,SHARVAN KUMAR PANNA,BSP,0,LITERATE,40,,
JHARKHAND,LOHARDAGA,SUKHDEO BHAGAT,INC,1,POST GRADUATE,57,20094142,3935029
JHARKHAND,PALAMU,VISHNU DAYAL RAM,BJP,0,GRADUATE,68,32273873,90922
JHARKHAND,PALAMU,AMINDRA PASWAN,BHARTIYA LOK SEVA DAL,0,10TH PASS,33,3787000,75000
JHARKHAND,PALAMU,ANJANA BHUIYAN,BSP,0,8TH PASS,47,12484775,2512110
JHARKHAND,PALAMU,BABAN BHUIYA,JAI PRAKASH JANATA DAL,0,12TH PASS,31,,
JHARKHAND,PALAMU,BALKESH PRASAD PASWAN,AMBEDKAR NATIONAL CONGRESS,0,10TH PASS,54,11100511,500000
JHARKHAND,PALAMU,DINESH RAM,IND,1,10TH PASS,40,1750038,0
JHARKHAND,PALAMU,GHURAN RAM,RJD,5,GRADUATE,51,,
JHARKHAND,PALAMU,JORAWAR RAM,IND,1,LITERATE,69,22700000,0
JHARKHAND,PALAMU,MADAN RAM,CPI(ML) RED STAR,0,12TH PASS,52,843000,105000
JHARKHAND,PALAMU,RAMJI PASWAN,IND,1,GRADUATE,65,6801000,50000
JHARKHAND,PALAMU,SATYENDRA KUMAR PASWAN,IND,0,12TH PASS,40,10585000,200000
JHARKHAND,PALAMU,SHRAVAN KUMAR RAVI,IND,0,10TH PASS,37,,
JHARKHAND,PALAMU,SHYAM NARAYAN BHUIYA,BAHUJAN MUKTI PARTY,2,8TH PASS,61,17130000,0
JHARKHAND,PALAMU,SUSHMA MEHTA,CPI(ML)(L),3,12TH PASS,40,3545751,412090
JHARKHAND,PALAMU,UDAY KUMAR PASWAN,JAN SANGHARSH VIRAT PARTY,0,10TH PASS,0,,
JHARKHAND,PALAMU,UMESH KUMAR PASWAN,VOTERS PARTY INTERNATIONAL,0,10TH PASS,34,1000000,50000
JHARKHAND,PALAMU,VIJAY KUMAR,IND,0,12TH PASS,28,2116596,0
JHARKHAND,RAJMAHAL,VIJAY KUMAR HANSDAK,JMM,0,10TH PASS,36,12919555,2743560
JHARKHAND,RAJMAHAL,BAIDHNATH PAHADIYA,BSP,0,8TH PASS,31,1854160,0
JHARKHAND,RAJMAHAL,BARNAD HEMBROM,IND,0,GRADUATE PROFESSIONAL,56,3232000,0
JHARKHAND,RAJMAHAL,CHRISTOPHER MURMU,IND,0,12TH PASS,30,,
JHARKHAND,RAJMAHAL,GOPIN SOREN,CPI(M),0,GRADUATE,56,2402310,10000
JHARKHAND,RAJMAHAL,HEMLAL MURMU,BJP,0,GRADUATE,63,56991946,17588570
JHARKHAND,RAJMAHAL,MAHASHAY TUDU,HINDUSTHAN NIRMAN DAL,0,8TH PASS,36,,
JHARKHAND,RAJMAHAL,MAHENDRA HANSDA,IND,11,10TH PASS,43,5987000,0
JHARKHAND,RAJMAHAL,MAHESH PAHADIYA,IND,0,LITERATE,48,1048500,25000
JHARKHAND,RAJMAHAL,MANGAL MARANDI,IND,0,5TH PASS,34,171000,0
JHARKHAND,RAJMAHAL,MARY NISHA HANSDAK,BAHUJAN MUKTI PARTY,0,12TH PASS,35,603000,0
JHARKHAND,RAJMAHAL,MONIKA KISKU,AITC,0,GRADUATE,32,,
JHARKHAND,RAJMAHAL,NEERAJ HEMBROM,AIFB,0,GRADUATE,44,23588789,2508000
JHARKHAND,RANCHI,SANJAY SETH,BJP,0,GRADUATE PROFESSIONAL,60,,
JHARKHAND,RANCHI,ALOK KUMAR,RASHTRIYA JANSANGHARSH SWARAJ PARTY,0,GRADUATE,26,70000,0
JHARKHAND,RANCHI,AMAR KUMAR MAHTO,RPI(A),0,12TH PASS,29,4880000,0
JHARKHAND,RANCHI,ANJANI PANDEY,IND,0,GRADUATE PROFESSIONAL,61,,
JHARKHAND,RANCHI,BIDYADHAR PRASAD,BSP,0,POST GRADUATE,36,19425000,0
JHARKHAND,RANCHI,JAY PRAKASH PRASAD,IND,0,12TH PASS,47,5258000,0
JHARKHAND,RANCHI,JITENDRA THAKUR,IND,0,OTHERS,63,,
JHARKHAND,RANCHI,NAND KISHOR YADAV,IND,0,10TH PASS,64,2850413,18000
JHARKHAND,RANCHI,PARMESHWAR MAHTO,JHARKHAND PARTY,0,12TH PASS,31,1403787,0
JHARKHAND,RANCHI,RAJESH THAPA,IND,0,10TH PASS,31,100800,0
JHARKHAND,RANCHI,RAJU MAHTO,IND,1,GRADUATE,52,2007000,178000
JHARKHAND,RANCHI,RAM TAHAL. CHOUDHARY,IND,0,10TH PASS,77,,
JHARKHAND,RANCHI,RAMJIT MAHTO,PROUTIST SARVA SAMAJ,0,POST GRADUATE,38,3000000,60000
JHARKHAND,RANCHI,RANJIT MAHTO,PEOPLES PARTY OF INDIA (DEMOCRATIC),0,POST GRADUATE,54,1672800,0
JHARKHAND,RANCHI,SATISH SINGH,IND,0,GRADUATE PROFESSIONAL,35,6242098,300000
JHARKHAND,RANCHI,SIDHESHWAR SINGH,SUCI(C),0,LITERATE,72,819326,0
JHARKHAND,RANCHI,SUNITA MUNDA,AMBEDKARITE PARTY OF INDIA,0,POST GRADUATE,28,265000,20000
JHARKHAND,RANCHI,VIKAS CHANDRA SHARMA,CPI(ML) RED STAR,0,POST GRADUATE,40,112000,0
JHARKHAND,SINGHBHUM,GEETA KORA,INC,1,POST GRADUATE,35,,
JHARKHAND,SINGHBHUM,ANIL SOREN,IND,0,GRADUATE,31,2030615,36000
JHARKHAND,SINGHBHUM,CHANDRA MOHAN HEMBROM,SUCI(C),0,POST GRADUATE,35,94310,0
JHARKHAND,SINGHBHUM,HARI ORAWN,KALINGA SENA,2,GRADUATE,46,2552400,1110385
JHARKHAND,SINGHBHUM,KRISHNA MARDI,JHARKHAND MUKTI MORCHA (ULGULAN),0,GRADUATE,61,1958965,800000
JHARKHAND,SINGHBHUM,LAXMAN GILUWA,BJP,3,12TH PASS,57,,
JHARKHAND,SINGHBHUM,PARDESHI LAL MUNDA,BSP,1,12TH PASS,31,611726,0
JHARKHAND,SINGHBHUM,PRATAP SINGH BANARA,AMBEDKARITE PARTY OF INDIA,0,POST GRADUATE,25,52985,0
KARNATAKA,BAGALKOT,GADDIGOUDAR PARVATAGOUDA CHANDANAGOUDA,BJP,0,GRADUATE PROFESSIONAL,68,,
KARNATAKA,BAGALKOT,ADAGAL RAJENDRA,BAHUJAN MUKTI PARTY,0,12TH PASS,43,1858950,850000
KARNATAKA,BAGALKOT,BASANAGOUDA RAMANAGOUDA METI,SECULAR DEMOCRATIC CONGRESS,0,10TH PASS,47,10775000,787000
KARNATAKA,BAGALKOT,JAMINDAR MARUTI,KARNATAKA JANTHA PAKSHA,0,POST GRADUATE,37,2500000,0
KARNATAKA,BAGALKOT,M SHASHIKUMAR HLEPADI,UTTAMA PRAJAAKEEYA PARTY,0,5TH PASS,44,29973500,1100000
KARNATAKA,BAGALKOT,MAHMAD HUSEN MUJAWAR,BSP,0,GRADUATE,36,,
KARNATAKA,BAGALKOT,MUTTAPPA MUDAKAPPA HIREKUMBI,RAITA BHARAT PARTY,0,LITERATE,45,1000000,0
KARNATAKA,BAGALKOT,PARASHURAM LAXMAN NEELNAIK,REPUBLICAN PARTY OF INDIA (KARNATAKA),1,12TH PASS,48,3125000,0
KARNATAKA,BAGALKOT,RAMANAGOUD S BALAWAD,HINDUSTAN JANTA PARTY,0,POST GRADUATE,39,273750,0
KARNATAKA,BAGALKOT,RAVI SHIVAPPA PADASALAGI,IND,1,POST GRADUATE,42,29214743,9743277
KARNATAKA,BAGALKOT,SHIVARAJKUMAR AJJAPPA TALAWAR,IND,0,GRADUATE PROFESSIONAL,29,,
KARNATAKA,BAGALKOT,VEENA KASHAPPANAVAR,INC,0,GRADUATE,38,78375219,26784734
KARNATAKA,BANGALORE CENTRAL,P. C. MOHAN,BJP,0,12TH PASS,55,755529306,312521957
KARNATAKA,BANGALORE CENTRAL,A. CHRISTHURAJ,IND,0,10TH PASS,41,691000,375000
KARNATAKA,BANGALORE CENTRAL,ARUN PRASAD A,VIDUTHALAI CHIRUTHAIGAL KATCHI,0,12TH PASS,44,46500,0
KARNATAKA,BANGALORE CENTRAL,B. KRISHNA PRASAD,"PROUTIST BLOC, INDIA",0,12TH PASS,64,,
KARNATAKA,BANGALORE CENTRAL,C. B. K. RAMA,IND,0,ILLITERATE,42,152317000,0
KARNATAKA,BANGALORE CENTRAL,C.J. ADITYA,IND,0,12TH PASS,35,353000,0
KARNATAKA,BANGALORE CENTRAL,DR. PHILIP MARIYAN,IND,0,OTHERS,50,,
KARNATAKA,BANGALORE CENTRAL,FRANCIS BINNY JOSE,IND,0,GRADUATE PROFESSIONAL,39,625000,450000
KARNATAKA,BANGALORE CENTRAL,HUNSUR K. CHANDRASHEKAR,DEMOCRATIC PRAJAKRANTHI PARTY SECULARIST,0,GRADUATE,40,6375000,0
KARNATAKA,BANGALORE CENTRAL,KEMPURAJAN,REPUBLICAN SENA,0,GRADUATE PROFESSIONAL,42,41000,0
KARNATAKA,BANGALORE CENTRAL,M.K. PASHA,BSP,0,GRADUATE,34,31000,0
KARNATAKA,BANGALORE CENTRAL,MELLEGATTI SHRIDEVI,UTTAMA PRAJAAKEEYA PARTY,0,POST GRADUATE,41,,
KARNATAKA,BANGALORE CENTRAL,NAWAZ DILBER,KARNATAKA KARMIKARA PAKSHA,0,10TH PASS,42,1100000,13000
KARNATAKA,BANGALORE CENTRAL,PRADEEP MENDONCA,IND,0,GRADUATE,54,,
KARNATAKA,BANGALORE CENTRAL,PRAKASH RAJ,IND,1,12TH PASS,53,320963268,38320377
KARNATAKA,BANGALORE CENTRAL,RAPARTI ANIL KUMAR,IND,0,GRADUATE,37,1252000,0
KARNATAKA,BANGALORE CENTRAL,S. MOHAN KUMAR,IND,0,POST GRADUATE,64,21125300,0
KARNATAKA,BANGALORE CENTRAL,S. PANDURANGAN,IND,0,10TH PASS,65,7550000,1109000
KARNATAKA,BANGALORE CENTRAL,SRINIVASAN R,INDIAN CHRISTIAN FRONT,0,GRADUATE,48,,
KARNATAKA,BANGALORE CENTRAL,SYED ASIF BUKHARI,IND,0,GRADUATE,46,368000,0
KARNATAKA,BANGALORE NORTH,D.V. SADANANDA GOWDA,BJP,0,GRADUATE PROFESSIONAL,66,209384539,104302653
KARNATAKA,BANGALORE NORTH,ABDUL AZEEZ,KARNATAKA PRAGNYAVANTHA JANATHA PARTY,0,8TH PASS,46,622054,58000
KARNATAKA,BANGALORE NORTH,ABDUL BASHEER,IND,0,10TH PASS,71,1350000,10132000
KARNATAKA,BANGALORE NORTH,ABDUL KARIM HASHIMPEER DESAI,IND,0,POST GRADUATE,61,,
KARNATAKA,BANGALORE NORTH,AHMED KHAN,BAHUJAN MAHA PARTY,0,10TH PASS,33,7139,0
KARNATAKA,BANGALORE NORTH,AMIRTHA JAI KUMAR ESSAC YESAIAH,KARNATAKA KARMIKARA PAKSHA,0,OTHERS,43,213000,0
KARNATAKA,BANGALORE NORTH,C. RAVI KUMAR,IND,0,5TH PASS,50,,
KARNATAKA,BANGALORE NORTH,DR. MEER LAYAQ HUSSAIN,IND,0,GRADUATE PROFESSIONAL,58,20000,0
KARNATAKA,BANGALORE NORTH,KRISHNA BYREGOWDA,INC,0,POST GRADUATE,46,132509044,15596951
KARNATAKA,BANGALORE NORTH,KRISHNA MURTHY V .,RIGHT TO RECALL PARTY,0,GRADUATE PROFESSIONAL,39,6124000,80000
KARNATAKA,BANGALORE NORTH,KRISHNAIAH,IND,1,8TH PASS,45,,
KARNATAKA,BANGALORE NORTH,KUMAR L.,BHARATIYA PRAJAGALA KALYANA PAKSHA,0,10TH PASS,54,7916090,0
KARNATAKA,BANGALORE NORTH,L. NAGARAJ,IND,0,OTHERS,62,21470000,30000
KARNATAKA,BANGALORE NORTH,N. NARAYANA SWAMY NAVAKOTI,JAI VIJAYA BHARATHI PARTY,0,10TH PASS,52,,
KARNATAKA,BANGALORE NORTH,N.HANUME GOWDA,IND,2,12TH PASS,56,9052030,1242906
KARNATAKA,BANGALORE NORTH,PARAMESHWAR GOWDA,IND,0,GRADUATE,43,300000,0
KARNATAKA,BANGALORE NORTH,SANTHOSH M.,UTTAMA PRAJAAKEEYA PARTY,1,GRADUATE PROFESSIONAL,33,1401411,0
KARNATAKA,BANGALORE NORTH,SHIVA MANJESH K.S.,IND,0,GRADUATE PROFESSIONAL,27,20620000,0
KARNATAKA,BANGALORE NORTH,SUMATHA K.S.,IND,0,GRADUATE,35,,
KARNATAKA,BANGALORE NORTH,SUN STAR D.JAIRAM,GAREEB AADMI PARTY,0,OTHERS,65,2130000,0
KARNATAKA,BANGALORE NORTH,SYED HYDRI BABLOO,BSP,0,GRADUATE,48,200512,0
KARNATAKA,BANGALORE NORTH,THIMMARAJ GOWDA (SHENGANADU),IND,0,8TH PASS,43,,
KARNATAKA,BANGALORE NORTH,TULASAPPA K DASAR,IND,0,POST GRADUATE,50,3080000,0
KARNATAKA,BANGALORE NORTH,UMESH BABU PILLEGOWDA,IND,0,POST GRADUATE,31,864407,550000
KARNATAKA,BANGALORE NORTH,VENKATESA SETTY,IND,0,GRADUATE,74,330000,0
KARNATAKA,BANGALORE NORTH,VENU M.,IND,0,ILLITERATE,39,860000,0
KARNATAKA,BANGALORE NORTH,VINAY KUMAR V.NAYAK,IND,0,POST GRADUATE,32,,
KARNATAKA,BANGALORE RURAL,D.K. SURESH,INC,5,12TH PASS,52,3388920717,519320305
KARNATAKA,BANGALORE RURAL,ASHWATHNARAYANGOWDA,BJP,2,10TH PASS,59,293535096,0
KARNATAKA,BANGALORE RURAL,B. GOPAL,IND,0,8TH PASS,50,850000,489650
KARNATAKA,BANGALORE RURAL,D M MADEGOWDA,REPUBLICAN SENA,0,10TH PASS,38,,
KARNATAKA,BANGALORE RURAL,DR CHINNAPPA Y CHIKKAHAGADE,BSP,0,GRADUATE,43,8810000,500000
KARNATAKA,BANGALORE RURAL,DR. M VENKATASWAMY,RPI(A),0,POST GRADUATE,64,,
KARNATAKA,BANGALORE RURAL,ESWARA,IND,0,GRADUATE,65,80000,0
KARNATAKA,BANGALORE RURAL,H.T. CHIKKARAJU,IND,0,10TH PASS,52,4050000,1250000
KARNATAKA,BANGALORE RURAL,M.C. DEVARAJU,IND,0,10TH PASS,34,205000,50000
KARNATAKA,BANGALORE RURAL,MANJUNATHA M,UTTAMA PRAJAAKEEYA PARTY,0,10TH PASS,32,913400,598250
KARNATAKA,BANGALORE RURAL,N. KRISHNAPPA,PYRAMID PARTY OF INDIA,0,10TH PASS,67,,
KARNATAKA,BANGALORE RURAL,RAGHU JANAGERE,IND,0,GRADUATE PROFESSIONAL,32,6828000,4700000
KARNATAKA,BANGALORE RURAL,RAMA T C,SUCI(C),0,GRADUATE,43,379033,0
KARNATAKA,BANGALORE RURAL,VENKATESHAPPA,SARVA JANATA PARTY,0,8TH PASS,51,,
KARNATAKA,BANGALORE SOUTH,TEJASVI SURYA,BJP,0,GRADUATE PROFESSIONAL,28,1346593,0
KARNATAKA,BANGALORE SOUTH,A.RAJU,BSP,0,GRADUATE,58,54419000,460000
KARNATAKA,BANGALORE SOUTH,AMBROSE D MELLO,IND,0,POST GRADUATE,51,70000,0
KARNATAKA,BANGALORE SOUTH,B.CHIKKA NAGESHA,IND,0,10TH PASS,61,,
KARNATAKA,BANGALORE SOUTH,B.K.HARIPRASAD,INC,0,GRADUATE,64,150801799,34400000
KARNATAKA,BANGALORE SOUTH,B.SREENIVASULU,IND,0,POST GRADUATE,41,2011625,0
KARNATAKA,BANGALORE SOUTH,BHAGYA.S,IND,0,OTHERS,43,,
KARNATAKA,BANGALORE SOUTH,BRAHMANAND.N,IND,0,8TH PASS,52,34225000,0
KARNATAKA,BANGALORE SOUTH,CHETAN CHAMAN,IND,0,GRADUATE,36,1437610,0
KARNATAKA,BANGALORE SOUTH,DR.JOHN BASCO PHILIPS,INDIAN CHRISTIAN FRONT,0,OTHERS,47,130000,0
KARNATAKA,BANGALORE SOUTH,G VENKATESH BHOVI,IND,0,10TH PASS,58,3417000,5000
KARNATAKA,BANGALORE SOUTH,K.C.NAGABHUSHANA REDDY,IND,0,GRADUATE PROFESSIONAL,51,,
KARNATAKA,BANGALORE SOUTH,KOLLUR MANJUNATHA NAIK,IND,3,GRADUATE PROFESSIONAL,38,2521500,120000
KARNATAKA,BANGALORE SOUTH,MADESH.V,IND,0,12TH PASS,43,637553,0
KARNATAKA,BANGALORE SOUTH,MANOHAR IYER,IND,0,GRADUATE,40,,
KARNATAKA,BANGALORE SOUTH,PRASHANTHA.C,IND,0,POST GRADUATE,30,148000,0
KARNATAKA,BANGALORE SOUTH,RAVIKUMARA.T,PRAGATISHIL SAMAJWADI PARTY (LOHIA),0,GRADUATE PROFESSIONAL,37,1348000,450000
KARNATAKA,BANGALORE SOUTH,SYED SADIQ PASHA,KARNATAKA KARMIKARA PAKSHA,0,8TH PASS,44,5293600,305000
KARNATAKA,BANGALORE SOUTH,THYAGARAJ,REPUBLICAN SENA,0,10TH PASS,35,,
KARNATAKA,BANGALORE SOUTH,VATAL NAGARAJ,KANNADA CHALAVALI VATAL PAKSHA,0,10TH PASS,70,65560974,1310271
KARNATAKA,BANGALORE SOUTH,YOGEESH NAGARAJ,IND,0,12TH PASS,35,61045000,0
KARNATAKA,BELGAUM,ANGADI SURESH,BJP,0,GRADUATE PROFESSIONAL,63,366164525,198479638
KARNATAKA,BELGAUM,ANAND RAMESH PATIL,IND,0,GRADUATE PROFESSIONAL,54,866102,250000
KARNATAKA,BELGAUM,ANIL BABAN HEGADE,IND,0,10TH PASS,42,,
KARNATAKA,BELGAUM,ASHUTOSH SHASHIKANT KAMBLE,IND,0,10TH PASS,27,30129,0
KARNATAKA,BELGAUM,BADARODDIN MOHAMMADYUSUF KAMDOD,BSP,0,GRADUATE,43,18012500,0
KARNATAKA,BELGAUM,BULAND DEEPAK DALAVI,IND,0,12TH PASS,44,,
KARNATAKA,BELGAUM,CHETAK KUMAR YALLAPPA KAMBLE,IND,0,GRADUATE,33,110000,0
KARNATAKA,BELGAUM,DHANANJAY RAJARAM PATIL,IND,0,12TH PASS,42,6730605,3520000
KARNATAKA,BELGAUM,DR.VIRUPAKSHAPPA SADHUNAVAR,INC,0,GRADUATE PROFESSIONAL,69,315866105,225214094
KARNATAKA,BELGAUM,GAJANAN AMRUT THOKANEKAR,IND,0,12TH PASS,51,212500,0
KARNATAKA,BELGAUM,GANESH DADDIKAR,IND,1,OTHERS,42,,
KARNATAKA,BELGAUM,GOPAL BALAVANTRAO DESAI,IND,0,10TH PASS,60,5800000,250000
KARNATAKA,BELGAUM,KALLAPPA KRISHNAPPA KOWADKAR,IND,0,10TH PASS,38,5141500,30000
KARNATAKA,BELGAUM,KAVITA DEEPAK KOLE,IND,0,10TH PASS,36,,
KARNATAKA,BELGAUM,KRISHNAKANT KAMANNA BIRJE,IND,0,10TH PASS,69,3724000,100000
KARNATAKA,BELGAUM,LAKSHMANARAV MELAGE,IND,0,GRADUATE,85,896000,0
KARNATAKA,BELGAUM,MAHADEV MARUTI MANGANAKAR,IND,0,10TH PASS,45,870200,0
KARNATAKA,BELGAUM,MANJUNATH RAJAPPANAVAR,UTTAMA PRAJAAKEEYA PARTY,0,GRADUATE,38,2212500,0
KARNATAKA,BELGAUM,MARUTI SIDDAPPA CHOUGULE,IND,0,10TH PASS,51,,
KARNATAKA,BELGAUM,MEGHARAJ SHIVAGOUDAPPA KHANAGOUDAR,IND,0,10TH PASS,30,,0
KARNATAKA,BELGAUM,NAGESH SUBHASH BOBATE,IND,0,10TH PASS,26,93500,0
KARNATAKA,BELGAUM,NANDA MARUTI KODACHWADKAR,IND,0,10TH PASS,54,,
KARNATAKA,BELGAUM,NEELKANTH MAHADEV PATIL,IND,0,12TH PASS,52,40801000,725000
KARNATAKA,BELGAUM,NITEEN DHONDIBA ANANDACHE,IND,0,GRADUATE PROFESSIONAL,48,570169,0
KARNATAKA,BELGAUM,PANDURANG MALLAPPA PATTAN,IND,0,10TH PASS,61,25200,0
KARNATAKA,BELGAUM,PRABHAKAR BHUJANG PATIL,IND,0,10TH PASS,51,85200,0
KARNATAKA,BELGAUM,PRAKASH BALAPPA NESARKAR,IND,0,10TH PASS,48,,
KARNATAKA,BELGAUM,PRANAM PRAKASH PATIL,IND,0,12TH PASS,40,212500,0
KARNATAKA,BELGAUM,RAJENDRA YALLAPPA PATIL,IND,0,10TH PASS,44,240500,100000
KARNATAKA,BELGAUM,RAJU CHANGAPPA DIVATAGE,IND,0,5TH PASS,41,,
KARNATAKA,BELGAUM,RAMCHANDRA DATTOBA PATIL,IND,0,10TH PASS,64,334000,0
KARNATAKA,BELGAUM,RAMCHANDRA KRISHNA GAONKAR,IND,0,8TH PASS,38,1736000,15000
KARNATAKA,BELGAUM,SACHIN MANOHAR NIKAM,IND,0,10TH PASS,42,152500,0
KARNATAKA,BELGAUM,SACHIN SHANTARAM KELAVEKAR,IND,0,12TH PASS,31,1549200,0
KARNATAKA,BELGAUM,SANDEEP VASANT LAD,IND,0,GRADUATE,35,,
KARNATAKA,BELGAUM,SANJAY KAMBLE,IND,0,8TH PASS,39,586000,0
KARNATAKA,BELGAUM,SHANKAR CHOGULE,IND,0,POST GRADUATE,64,3534061,400000
KARNATAKA,BELGAUM,SHANKAR PANDAPPA RATHOD,IND,0,10TH PASS,50,,
KARNATAKA,BELGAUM,SHIVARAJ NARAYAN PATIL,IND,0,12TH PASS,54,270570,0
KARNATAKA,BELGAUM,SHRIKANT BALKRISHNA KADAM,IND,0,10TH PASS,31,3145814,2000000
KARNATAKA,BELGAUM,SUNIL GUDDAKAYU,IND,0,GRADUATE,34,7484000,0
KARNATAKA,BELGAUM,SUNIL VITTAL DASAR,IND,0,10TH PASS,31,688500,500000
KARNATAKA,BELGAUM,SURESH BASAPPA MARALINGANNAVAR,IND,0,POST GRADUATE,46,,
KARNATAKA,BELGAUM,SURESH KHEMANNA RAJUKAR,IND,0,GRADUATE,58,413773,0
KARNATAKA,BELGAUM,UDAY NAIK,IND,0,GRADUATE,29,401000,65000
KARNATAKA,BELGAUM,UDAY RAMAPPA KUNDARGI,IND,0,GRADUATE PROFESSIONAL,54,,
KARNATAKA,BELGAUM,VIJAY KRISHNA MADAR,IND,0,GRADUATE,40,305301,50000
KARNATAKA,BELGAUM,VIJAY LAXMAN PATIL,IND,0,GRADUATE,59,6706796,0
KARNATAKA,BELGAUM,VINAYAK GOPAL GUNJATKAR,IND,0,OTHERS,48,26633646,1188000
KARNATAKA,BELGAUM,VISHWANATH BUWAJI,IND,0,10TH PASS,27,75294,0
BYE ELECTION ON 17-04-2021 : KARNATAKA,BELGAUM,ANGADI MANGAL SURESH,BJP,0,GRADUATE,58,1372971953,995443806
BYE ELECTION ON 17-04-2021 : KARNATAKA,BELGAUM,SATISH LAXMANARAO JARKIHOLI,INC,0,12TH PASS,58,1484281108,154186032
BYE ELECTION ON 17-04-2021 : KARNATAKA,BELGAUM,SHRI VENKATESHWARA MAHA SWAMIJI,HINDUSTAN JANTA PARTY,0,GRADUATE,35,,
BYE ELECTION ON 17-04-2021 : KARNATAKA,BELGAUM,SHUBHAM VIKRANT SHELKE,IND,2,10TH PASS,26,1039700,0
BYE ELECTION ON 17-04-2021 : KARNATAKA,BELGAUM,SREEKANT PADASALAGI,IND,0,12TH PASS,25,1578900,75000
KARNATAKA,BELLARY,Y. DEVENDRAPPA,BJP,0,5TH PASS,67,40107878,250000
KARNATAKA,BELLARY,A. DEVADAS,SUCI(C),0,8TH PASS,51,1943531,0
KARNATAKA,BELLARY,B. ESHWARAPPA,SHS,1,8TH PASS,40,304000,1350000
KARNATAKA,BELLARY,B. RAGHU,PYRAMID PARTY OF INDIA,0,12TH PASS,35,,
KARNATAKA,BELLARY,K. GULAPPA,BSP,0,12TH PASS,69,9378000,300000
KARNATAKA,BELLARY,NAVEEN KUMAR. S,BHARAT PRABHAT PARTY,0,GRADUATE,29,837500,500000
KARNATAKA,BELLARY,NAYAKARA RAMAPPA,INDIAN LABOUR PARTY (AMBEDKAR PHULE),0,POST GRADUATE,30,,
KARNATAKA,BELLARY,P. D. RAMANAYAKA,REPUBLICAN PARTY OF INDIA (KARNATAKA),0,10TH PASS,43,293970,315000
KARNATAKA,BELLARY,T. VEERESH,SAMAJWADI FORWARD BLOC,0,10TH PASS,35,1360778,30000
KARNATAKA,BELLARY,YERURU PAMPAPATHI,IND,0,12TH PASS,60,1600000,0
KARNATAKA,BIDAR,BHAGWANTH KHUBA,BJP,1,GRADUATE PROFESSIONAL,50,,
KARNATAKA,BIDAR,ABDUS SATTAR MUJAHED,AKHIL BHARATIYA MUSLIM LEAGUE (SECULAR),1,GRADUATE,53,2585000,0
KARNATAKA,BIDAR,AMBRESH KENCHA,UTTAMA PRAJAAKEEYA PARTY,0,GRADUATE,36,17381000,926000
KARNATAKA,BIDAR,DAYANAND,AMBEDKARITE PARTY OF INDIA,0,10TH PASS,32,17000,75000
KARNATAKA,BIDAR,ESHWAR,INC,0,GRADUATE PROFESSIONAL,57,123313691,7332800
KARNATAKA,BIDAR,MAULAPPA,IND,0,GRADUATE PROFESSIONAL,41,,
KARNATAKA,BIDAR,MAULASAB,IND,0,POST GRADUATE,63,1552000,0
KARNATAKA,BIDAR,MD MERAJUDDIN,BAHUJAN MAHA PARTY,0,8TH PASS,34,130800,0
KARNATAKA,BIDAR,MOHAMMED YOUSUF,PRAJA SATTA PARTY,0,10TH PASS,42,103950,0
KARNATAKA,BIDAR,MOULVI ZAMERUDDIN,NATIONAL DEVELOPMENT PARTY,0,GRADUATE PROFESSIONAL,65,2401259,100000
KARNATAKA,BIDAR,RAJAMBI,BHARTIYA BAHUJAN KRANTI DAL,0,5TH PASS,56,,
KARNATAKA,BIDAR,RAJKUMAR,PURVANCHAL JANTA PARTY (SECULAR),0,POST GRADUATE,33,1180000,0
KARNATAKA,BIDAR,RAVI,IND,0,GRADUATE PROFESSIONAL,48,8360000,650000
KARNATAKA,BIDAR,S.H BUKHARI,BSP,0,10TH PASS,65,,
KARNATAKA,BIDAR,SAIBANNA,IND,0,GRADUATE PROFESSIONAL,28,721300,0
KARNATAKA,BIDAR,SANTOSH,BHARATIYA JAN KRANTI DAL (DEMOCRATIC),0,10TH PASS,34,5160000,0
KARNATAKA,BIDAR,SHARAD,IND,0,12TH PASS,46,7428000,90000
KARNATAKA,BIDAR,SHIVARAJ,IND,0,GRADUATE,66,2942000,85000
KARNATAKA,BIDAR,SHRIMANTH YEVATE PATIL,IND,0,POST GRADUATE,67,,
KARNATAKA,BIDAR,SUGRIV BHARAT KACHAVE,KRANTI KARI JAI HIND SENA,0,8TH PASS,29,20000,0
KARNATAKA,BIJAPUR,JIGAJINAGI RAMESH CHANDAPPA,BJP,0,GRADUATE,66,504122985,1600000
KARNATAKA,BIJAPUR,BALAJI DYAMANNA WADDAR,IND,1,10TH PASS,34,211500,125000
KARNATAKA,BIJAPUR,DADASAB SIDDAPPA BAGAYAT,IND,0,12TH PASS,46,17776767,850000
KARNATAKA,BIJAPUR,DHAREPPA MAHADEV ARDHAVAR,IND,0,GRADUATE PROFESSIONAL,33,,
KARNATAKA,BIJAPUR,DONDIBA RAMU RATHOD,IND,0,5TH PASS,42,7870917,76000
KARNATAKA,BIJAPUR,DR. SUNITA DEVANAND CHAVAN,JD(S),0,DOCTORATE,42,49482018,14184713
KARNATAKA,BIJAPUR,GURUBASAVA. P . RABAKAVI,UTTAMA PRAJAAKEEYA PARTY,0,12TH PASS,25,,
KARNATAKA,BIJAPUR,PUJARI SHRINATH SANGAPPA,BSP,3,GRADUATE PROFESSIONAL,36,2680100,0
KARNATAKA,BIJAPUR,RUDRAPPA DEYAPPA CHALAWADI,BHARIPA BAHUJAN MAHASANGH,0,POST GRADUATE,55,4163500,200000
KARNATAKA,BIJAPUR,SHRIVENKATESHWAR MAHA SWAMIJI,HINDUSTAN JANTA PARTY,0,GRADUATE,31,9,45000
KARNATAKA,BIJAPUR,YAMANAPPA VITTAL GUNADAL,REPUBLICAN PARTY OF INDIA (KARNATAKA),2,8TH PASS,37,,
KARNATAKA,CHAMARAJANAGAR,V SRINIVAS PRASAD,BJP,0,POST GRADUATE,71,143804441,324909
KARNATAKA,CHAMARAJANAGAR,ANAND JIVAN RAM,IND,0,10TH PASS,33,50000,0
KARNATAKA,CHAMARAJANAGAR,DR SHIVAKUMARA,BSP,0,DOCTORATE,42,16580750,11600000
KARNATAKA,CHAMARAJANAGAR,G.D. RAJAGOPAL,IND,0,10TH PASS,49,,
KARNATAKA,CHAMARAJANAGAR,HANUR NAGARAJU,UTTAMA PRAJAAKEEYA PARTY,0,POST GRADUATE,49,550100,98000
KARNATAKA,CHAMARAJANAGAR,M PRADEEP KUMAR,IND,0,12TH PASS,33,165000,0
KARNATAKA,CHAMARAJANAGAR,N AMBARISH,IND,0,12TH PASS,32,,
KARNATAKA,CHAMARAJANAGAR,PRASANNA KUMAR B,KARNATAKA PRAJA PARTY (RAITHAPARVA),0,GRADUATE PROFESSIONAL,30,1556524,192544
KARNATAKA,CHAMARAJANAGAR,R DHRUVANARAYANA,INC,0,POST GRADUATE,58,92418254,2190481
KARNATAKA,CHIKKBALLAPUR,B.N.BACHE GOWDA,BJP,0,GRADUATE PROFESSIONAL,76,,
KARNATAKA,CHIKKBALLAPUR,ABDULKARIM DESAI,IND,0,POST GRADUATE,61,8599316,3100000
KARNATAKA,CHIKKBALLAPUR,ALANGURU KANAKALAKSHMI,IND,0,10TH PASS,30,3920000,0
KARNATAKA,CHIKKBALLAPUR,D.PALYA KHADAR SUBHAN KHAN,SAMAJWADI JANATA PARTY(KARNATAKA),0,10TH PASS,48,6450000,0
KARNATAKA,CHIKKBALLAPUR,DR. C.S.DWARAKANATH,BSP,0,POST GRADUATE,65,40844395,0
KARNATAKA,CHIKKBALLAPUR,L. NAGARAJ,IND,0,OTHERS,62,,
KARNATAKA,CHIKKBALLAPUR,M.VEERAPPA MOILY,INC,0,GRADUATE PROFESSIONAL,79,234515884,104316683
KARNATAKA,CHIKKBALLAPUR,MUNIRAJU.G,UTTAMA PRAJAAKEEYA PARTY,0,OTHERS,30,36399,0
KARNATAKA,CHIKKBALLAPUR,NALINA.K.S,IND,0,12TH PASS,26,66925,0
KARNATAKA,CHIKKBALLAPUR,NASRULLA,IND,0,LITERATE,38,17000,0
KARNATAKA,CHIKKBALLAPUR,NAZIR AHMED,KARNATAKA KARMIKARA PAKSHA,0,10TH PASS,62,,
KARNATAKA,CHIKKBALLAPUR,PHANIRAJ.S.V,IND,0,OTHERS,38,3053000,575000
KARNATAKA,CHIKKBALLAPUR,S.R.NAGESHAREDDY,AMBEDKAR SAMAJ PARTY,0,8TH PASS,36,670000,0
KARNATAKA,CHIKKBALLAPUR,S.VARALAKSHMI,CPI(M),3,12TH PASS,48,,
KARNATAKA,CHIKKODI,ANNASAHEB SHANKAR JOLLE,BJP,0,12TH PASS,55,344922831,195595693
KARNATAKA,CHIKKODI,APPASAHEB SHRIPATI KURANE,BHARIPA BAHUJAN MAHASANGH,0,12TH PASS,37,1184890,0
KARNATAKA,CHIKKODI,JITENDRA SUBHASH NERLE,IND,0,10TH PASS,44,,
KARNATAKA,CHIKKODI,KALLAPPA ADIVEPPA GUDASI,IND,0,12TH PASS,63,6185000,900000
KARNATAKA,CHIKKODI,MACHCHENDRA DAVALU KADAPURE,BSP,0,8TH PASS,49,186398,0
KARNATAKA,CHIKKODI,MAGDUM ISMAILMAGDUM,RPI,0,10TH PASS,58,,
KARNATAKA,CHIKKODI,MOHAN GURAPPA MOTANNAVAR,IND,0,GRADUATE PROFESSIONAL,43,1392350,255000
KARNATAKA,CHIKKODI,PRAKASH BABANNA HUKKERI,INC,0,10TH PASS,72,192138555,3881000
KARNATAKA,CHIKKODI,SHRINIK ANNASAHEB JANGATE,IND,0,12TH PASS,40,1000000,160000
KARNATAKA,CHIKKODI,VISHWNATH KALLOLI WAJANTRI,IND,0,12TH PASS,29,151500,40000
KARNATAKA,CHITRADURGA,A NARAYANASWAMY,BJP,0,GRADUATE,62,96197642,0
KARNATAKA,CHITRADURGA,ARUNACHALAM Y,PYRAMID PARTY OF INDIA,0,POST GRADUATE,34,1599000,0
KARNATAKA,CHITRADURGA,B N CHANDRAPPA,INC,0,POST GRADUATE,64,,
KARNATAKA,CHITRADURGA,C H NARAYANASWAMY,IND,0,5TH PASS,62,3097437,0
KARNATAKA,CHITRADURGA,D PENNAPPA TURUVANUR,IND,0,GRADUATE,48,530000,0
KARNATAKA,CHITRADURGA,DEVENDRAPPA,UTTAMA PRAJAAKEEYA PARTY,0,10TH PASS,42,,
KARNATAKA,CHITRADURGA,GANESH,IND,0,ILLITERATE,58,111000,0
KARNATAKA,CHITRADURGA,KUMAR Y,IND,1,8TH PASS,46,5386644,818173
KARNATAKA,CHITRADURGA,L VENUGOPAL,IND,0,OTHERS,32,3332000,1600000
KARNATAKA,CHITRADURGA,LOKESHA M K,IND,0,GRADUATE PROFESSIONAL,40,351520,0
KARNATAKA,CHITRADURGA,MAHANTHESH C U,BSP,1,12TH PASS,38,,
KARNATAKA,CHITRADURGA,NIRANJANA A D CHEELANGI,AMBEDKAR SAMAJ PARTY,0,POST GRADUATE,38,421700,35000
KARNATAKA,CHITRADURGA,R HANUMANTHAPPA,IND,0,OTHERS,70,1870700,630000
KARNATAKA,CHITRADURGA,RAMESHA V,IND,0,POST GRADUATE,39,,
KARNATAKA,CHITRADURGA,S MEETYANAIK,PRAGATISHIL SAMAJWADI PARTY (LOHIA),0,GRADUATE,48,2441136,900000
KARNATAKA,CHITRADURGA,THIPPESWAMY T,IND,0,10TH PASS,63,3550000,0
KARNATAKA,DAKSHINA KANNADA,NALIN KUMAR KATEEL,BJP,4,10TH PASS,52,,
KARNATAKA,DAKSHINA KANNADA,ABDUL HAMEED,IND,0,5TH PASS,42,668000,0
KARNATAKA,DAKSHINA KANNADA,ALEXANDER,IND,1,GRADUATE,61,30510500,850000
KARNATAKA,DAKSHINA KANNADA,DEEPAK RAJESH COELHO,IND,0,12TH PASS,43,,
KARNATAKA,DAKSHINA KANNADA,H. SURESH POOJARY,IND,0,5TH PASS,47,277000,0
KARNATAKA,DAKSHINA KANNADA,MAXIM PINTO,IND,0,10TH PASS,55,24860000,15780000
KARNATAKA,DAKSHINA KANNADA,MITHUN M RAI,INC,1,GRADUATE,34,,
KARNATAKA,DAKSHINA KANNADA,MOHAMMAD KHALID,IND,0,ILLITERATE,46,150500,0
KARNATAKA,DAKSHINA KANNADA,MOHAMMED ELIYAS,SDPI,1,12TH PASS,57,501640,0
KARNATAKA,DAKSHINA KANNADA,S. SATHISH SALIYAN,BSP,0,12TH PASS,53,2081489,1410607
KARNATAKA,DAKSHINA KANNADA,SUPREETH KUMAR POOJARY,HINDUSTAN JANTA PARTY,0,10TH PASS,43,2038000,142150
KARNATAKA,DAKSHINA KANNADA,VENKATESH BENDE,IND,0,GRADUATE,47,,
KARNATAKA,DAKSHINA KANNADA,VIJAY SHREENIVAS C,UTTAMA PRAJAAKEEYA PARTY,0,8TH PASS,47,977230,570000
KARNATAKA,DAVANAGERE,G M SIDDESHWAR,BJP,0,10TH PASS,67,380164932,14670809
KARNATAKA,DAVANAGERE,A T DADAKHALANDAR,IND,0,10TH PASS,37,130139,20403
KARNATAKA,DAVANAGERE,ABDUL NAZEER SAB,IND,0,5TH PASS,59,1628000,80000
KARNATAKA,DAVANAGERE,B V TIPPESWAMY GOSHALE,IND,0,8TH PASS,48,,
KARNATAKA,DAVANAGERE,BARKATH ALI,IND,0,12TH PASS,50,1338417,0
KARNATAKA,DAVANAGERE,C M MANJUNATHA SWAMI,IND,0,OTHERS,36,2050000,0
KARNATAKA,DAVANAGERE,DR SRIDHARA UDUPA,IND,0,GRADUATE PROFESSIONAL,67,,
KARNATAKA,DAVANAGERE,GANESHA B A,UTTAMA PRAJAAKEEYA PARTY,0,OTHERS,27,216519,0
KARNATAKA,DAVANAGERE,H ESHWARAPPA,IND,0,LITERATE,65,2120000,0
KARNATAKA,DAVANAGERE,HARISH HALLI,IND,0,12TH PASS,37,4626000,0
KARNATAKA,DAVANAGERE,M B VEERABHADRAPPA,IND,0,12TH PASS,59,,
KARNATAKA,DAVANAGERE,MADHU T G,SUCI(C),0,GRADUATE,30,3208122,93750
KARNATAKA,DAVANAGERE,MANJUNATHA MARIKOPPA,IND,0,10TH PASS,32,514500,58000
KARNATAKA,DAVANAGERE,MOHAMED HAYATH,IND,0,GRADUATE,35,,
KARNATAKA,DAVANAGERE,MOHAMMED ALEEMULLA,IND,0,12TH PASS,37,540000,0
KARNATAKA,DAVANAGERE,RAVINDRA NAVALE,INDIAN LABOUR PARTY (AMBEDKAR PHULE),0,OTHERS,66,234986,0
KARNATAKA,DAVANAGERE,SHASHIKUMAR R N,IND,0,POST GRADUATE,29,2177102,600000
KARNATAKA,DAVANAGERE,SIDDAPPA B H,BSP,2,POST GRADUATE,64,776000,400000
KARNATAKA,DAVANAGERE,SUBHAN KHAN,IND,0,POST GRADUATE,52,,
KARNATAKA,DAVANAGERE,SYED ZABIULLA K,IND,0,12TH PASS,55,1310000,0
KARNATAKA,DAVANAGERE,V IQBAL AHAMED,IND,0,5TH PASS,50,7728000,0
KARNATAKA,DAVANAGERE,V MANJUNATHACHAR,IND,0,GRADUATE,52,,
KARNATAKA,DHARWAD,PRALHAD JOSHI,BJP,1,GRADUATE,56,,
KARNATAKA,DHARWAD,B. G. SANGANNAVAR,IND,0,GRADUATE,36,2268600,0
KARNATAKA,DHARWAD,DUNDASI ABDULRAHIMAN MAHAMMAD HANIF,IND,2,GRADUATE PROFESSIONAL,49,31990000,400000
KARNATAKA,DHARWAD,GANGADHAR BADIGER,SUCI(C),0,GRADUATE PROFESSIONAL,37,,
KARNATAKA,DHARWAD,HASHINABANU TAPALVALE,IND,0,ILLITERATE,55,80000,0
KARNATAKA,DHARWAD,IRAPPA MADAR,BSP,0,10TH PASS,44,317000,950000
KARNATAKA,DHARWAD,MAKHTUM KHAN HASANALIKHAN SIRDESAI,IND,0,GRADUATE,42,,
KARNATAKA,DHARWAD,MALLIKARJUNAGOUDA GIRIYAPPAGOUDA BALANAGOUDRA,IND,0,5TH PASS,54,6135260,1400000
KARNATAKA,DHARWAD,MARADAGI VEERAPPA GURUSHANTAPPA,IND,0,12TH PASS,46,7650000,1000000
KARNATAKA,DHARWAD,RAJU ANANTSA NAIKWADI,IND,1,10TH PASS,39,1800000,0
KARNATAKA,DHARWAD,RAJU HARISHCHANDRA KAMBLE,AZAD MAZDOOR KISSAN PARTY,0,POST GRADUATE,35,79835,0
KARNATAKA,DHARWAD,REVANSHIDDAPPA BASAVARAJ TALAWAR,BHARATIYA PRAJAGALA KALYANA PAKSHA,0,10TH PASS,28,,
KARNATAKA,DHARWAD,SANTOSH NANDUR,UTTAMA PRAJAAKEEYA PARTY,0,POST GRADUATE,40,2281541,172551
KARNATAKA,DHARWAD,SHAKEEL AHMAD ABDULSATTAR DODWAD,IND,0,5TH PASS,37,347750,0
KARNATAKA,DHARWAD,SOMASHEKHAR PEERAJI YADAV,IND,0,10TH PASS,42,,
KARNATAKA,DHARWAD,UDAYAKUMAR AYYAPPA AMBIGER,IND,0,ILLITERATE,46,785161,129180
KARNATAKA,DHARWAD,VADIRAJ MANNARI MADHUSUDHAN,ALL INDIA HINDUSTAN CONGRESS PARTY,3,GRADUATE,49,1135000,0
KARNATAKA,DHARWAD,VINOD D GHODKE,PROUTIST BLOC INDIA,0,8TH PASS,54,105000,45000
KARNATAKA,GULBARGA,DR. UMESH G JADHAV,BJP,0,POST GRADUATE,60,,
KARNATAKA,GULBARGA,D. K. KONKATE KEROOR,RASHTRIYA SAMAJ PAKSHA,0,GRADUATE,42,1178000,125000
KARNATAKA,GULBARGA,DR. M. P. DARAKESHWARAIAH,IND,0,GRADUATE PROFESSIONAL,60,3194000,0
KARNATAKA,GULBARGA,G. TIMMARAJU,IND,0,10TH PASS,44,10000,0
KARNATAKA,GULBARGA,K. B. VASU,BSP,2,GRADUATE,39,705340,0
KARNATAKA,GULBARGA,MAHESH LAMBANI,UTTAMA PRAJAAKEEYA PARTY,0,POST GRADUATE,26,,
KARNATAKA,GULBARGA,MALLIKARJUN KHARGE,INC,0,GRADUATE PROFESSIONAL,77,157722896,3122000
KARNATAKA,GULBARGA,RAJKUMAR,BHARTIYA BAHUJAN KRANTI DAL,0,5TH PASS,41,490000,0
KARNATAKA,GULBARGA,S. M. SHARMA,SUCI(C),1,GRADUATE,35,198372,0
KARNATAKA,GULBARGA,SHANKAR JADHAV,BHARATIYA PEOPLES PARTY,0,ILLITERATE,58,,0
KARNATAKA,GULBARGA,VIJAY JADHAV,SARVA JANATA PARTY,0,8TH PASS,32,,
KARNATAKA,HASSAN,PRAJWAL R,JD(S),0,GRADUATE PROFESSIONAL,28,97848632,37253210
KARNATAKA,HASSAN,H M CHANDREGOWDA,UTTAMA PRAJAAKEEYA PARTY,0,12TH PASS,65,124718018,26075626
KARNATAKA,HASSAN,M. MAHESH (AL: LOKESH),IND,0,OTHERS,49,302010,0
KARNATAKA,HASSAN,MANJU A,BJP,0,GRADUATE PROFESSIONAL,60,,
KARNATAKA,HASSAN,R G SATHISHA,IND,0,8TH PASS,48,150000,0
KARNATAKA,HASSAN,VINODRAJ K H,BSP,0,12TH PASS,29,,
KARNATAKA,HAVERI,UDASI. S.C.,BJP,0,12TH PASS,52,,
KARNATAKA,HAVERI,AYUBAKHAN A PATHAN,BSP,0,GRADUATE PROFESSIONAL,64,6529968,2665862
KARNATAKA,HAVERI,BASAVARAJ. S. DESAI,IND,0,10TH PASS,48,1212859,488988
KARNATAKA,HAVERI,BOMMOJI RAMAPPA SIDDAPPA,IND,0,GRADUATE PROFESSIONAL,65,,
KARNATAKA,HAVERI,D.R. PATIL,INC,0,GRADUATE PROFESSIONAL,72,53424424,2574740
KARNATAKA,HAVERI,HANUMANTHAPPA D KABBAR,IND,0,12TH PASS,35,1387000,55000
KARNATAKA,HAVERI,ISHWAR PATIL,UTTAMA PRAJAAKEEYA PARTY,0,10TH PASS,37,,
KARNATAKA,HAVERI,SHYLESH NAZARE ASHOK,INDIAN LABOUR PARTY (AMBEDKAR PHULE),0,GRADUATE,49,13457336,420000
KARNATAKA,HAVERI,SIDDAPPA KALLAPPA POOJAR,IND,0,10TH PASS,37,70500,0
KARNATAKA,HAVERI,VEERABHADRAPPA VEERAPPA KABBINADA,IND,0,5TH PASS,72,215000,0
KARNATAKA,KOLAR,S. MUNISWAMY,BJP,2,12TH PASS,44,174557500,19865690
KARNATAKA,KOLAR,ASHOK CHAKRAVARTHI M.B,AMBEDKAR SAMAJ PARTY,0,10TH PASS,38,350000,0
KARNATAKA,KOLAR,C. SHANKARAPPA,IND,0,10TH PASS,53,5753000,0
KARNATAKA,KOLAR,DHANAMATNALLI VENKATESHAPPA,RPI(A),0,12TH PASS,43,,
KARNATAKA,KOLAR,DR. RAMESH BABU. V.M.,IND,0,POST GRADUATE,44,145830000,1200000
KARNATAKA,KOLAR,G. CHIKKANARAYANA,REPUBLICAN SENA,0,GRADUATE,43,950000,0
KARNATAKA,KOLAR,JAYAPRASAD M.G,BSP,0,POST GRADUATE,64,,
KARNATAKA,KOLAR,K.H. MUNIYAPPA,INC,1,GRADUATE PROFESSIONAL,71,329443821,143795090
KARNATAKA,KOLAR,MEDIHALA CHALAVADI M CHANDRASHEKAR,IND,0,12TH PASS,41,1010000,0
KARNATAKA,KOLAR,N.C. SUBBARAYAPPA,IND,0,GRADUATE PROFESSIONAL,56,629000,0
KARNATAKA,KOLAR,RAJ KUMARESAN. L,IND,0,POST GRADUATE,41,10015000,2100000
KARNATAKA,KOLAR,RAMANJI. R,UTTAMA PRAJAAKEEYA PARTY,0,POST GRADUATE,29,,
KARNATAKA,KOLAR,SARVESH N.M.,PYRAMID PARTY OF INDIA,0,12TH PASS,32,1505000,0
KARNATAKA,KOPPAL,KARADI SANGANNA AMARAPPA,BJP,1,10TH PASS,64,,
KARNATAKA,KOPPAL,ANNOJIRAO.G,SARVA JANATA PARTY,0,12TH PASS,43,2926000,0
KARNATAKA,KOPPAL,BANDIMATH SHARANAYYA,UTTAMA PRAJAAKEEYA PARTY,0,8TH PASS,37,63000,0
KARNATAKA,KOPPAL,COMRADE B.BASAVALINGAPPA,MARXIST LENINIST PARTY OF INDIA (RED FLAG),0,12TH PASS,42,,
KARNATAKA,KOPPAL,HEMARAJ VEERAPUR,CPI(ML) RED STAR,0,GRADUATE,44,50000,0
KARNATAKA,KOPPAL,K.RAJASHEKAR BASAVARAJ HITNAL,INC,0,12TH PASS,38,84922164,38412374
KARNATAKA,KOPPAL,MALLIKARJUN HADAPAD,IND,0,LITERATE,48,1297000,0
KARNATAKA,KOPPAL,NAGARAJ KALAL,IND,0,8TH PASS,44,6798500,0
KARNATAKA,KOPPAL,SATISHREDDY,IND,0,GRADUATE PROFESSIONAL,28,82000,0
KARNATAKA,KOPPAL,SHIVAPUTRAPPA. GUMAGERA,BSP,0,5TH PASS,49,8475000,1200000
KARNATAKA,KOPPAL,SURESH GOUDA MUNDINAMANE,IND,0,5TH PASS,39,,
KARNATAKA,KOPPAL,SURESH.H,IND,0,POST GRADUATE,34,177000,0
KARNATAKA,MANDYA,SUMALATHA AMBAREESH,IND,0,10TH PASS,55,234154139,14232295
KARNATAKA,MANDYA,ARVIND PREMANAND,IND,0,GRADUATE PROFESSIONAL,45,8104000,0
KARNATAKA,MANDYA,C. LINGEGOWDA,IND,0,GRADUATE,75,2960000,0
KARNATAKA,MANDYA,C.P. DIVAKAR,UTTAMA PRAJAAKEEYA PARTY,1,GRADUATE,44,,
KARNATAKA,MANDYA,D C JAYASHANKARA,AIHRA NATIONAL PARTY,0,OTHERS,64,8118000,1000000
KARNATAKA,MANDYA,G. MANJUNATH,IND,0,NOT GIVEN,45,24000,0
KARNATAKA,MANDYA,GURULINGAIAH,INDIAN NEW CONGRESS PARTY,0,10TH PASS,37,,
KARNATAKA,MANDYA,H.NARAYANA,IND,0,LITERATE,59,95000,0
KARNATAKA,MANDYA,KOWDLE CHANNAPPA,IND,0,GRADUATE PROFESSIONAL,70,1717000,0
KARNATAKA,MANDYA,M. SUMALATHA,IND,0,8TH PASS,34,1200000,0
KARNATAKA,MANDYA,M.L. SHASHIKUMAR,IND,0,10TH PASS,36,660000,1160000
KARNATAKA,MANDYA,MANJUNATH B,IND,1,12TH PASS,39,,
KARNATAKA,MANDYA,NANJUNDASWAMY,BSP,0,GRADUATE,58,8502897,0
KARNATAKA,MANDYA,NIKHIL KUMARASWAMY,JD(S),0,GRADUATE,31,740087761,353629176
KARNATAKA,MANDYA,PREMAKUMARA .V.V,IND,0,POST GRADUATE,44,,
KARNATAKA,MANDYA,SANTHOSH MANDYA GOWDA,ENGINEERS PARTY,0,POST GRADUATE,34,767000,300000
KARNATAKA,MANDYA,SATHEESH KUMAR .T.N,IND,0,10TH PASS,39,650000,0
KARNATAKA,MANDYA,SUMALATHA W/O DARSHAN K.,IND,0,POST GRADUATE,29,2823601,0
KARNATAKA,MANDYA,T.K. DASAR,IND,0,POST GRADUATE,50,,
KARNATAKA,MYSORE,PRATHAP SIMHA,BJP,3,POST GRADUATE,42,18723762,6586698
KARNATAKA,MYSORE,ALAGUDU LINGARAJU,IND,0,GRADUATE PROFESSIONAL,30,1146000,0
KARNATAKA,MYSORE,ALISHAN. S,IND,0,POST GRADUATE,64,22700000,0
KARNATAKA,MYSORE,ANAND KUMAR. M,IND,0,10TH PASS,45,,
KARNATAKA,MYSORE,ASHARANI V,UTTAMA PRAJAAKEEYA PARTY,0,12TH PASS,42,42594246,3200000
KARNATAKA,MYSORE,AYUB KHAN,INDIAN NEW CONGRESS PARTY,1,8TH PASS,43,60450000,0
KARNATAKA,MYSORE,C.H.VIJAYASHANKAR,INC,0,GRADUATE,62,,
KARNATAKA,MYSORE,DR. B. CHANDRA (CHANDREGOWDA),BSP,1,GRADUATE PROFESSIONAL,46,20100180,11200000
KARNATAKA,MYSORE,G.M. MAHADEVA,IND,1,GRADUATE,42,163450,0
KARNATAKA,MYSORE,KAVERIAMMA.N.K.,IND,0,10TH PASS,63,715000,0
KARNATAKA,MYSORE,LOKESH KUMAR.G.,IND,3,10TH PASS,36,2093000,200000
KARNATAKA,MYSORE,M J SURESH GOWDA,IND,0,GRADUATE,46,,
KARNATAKA,MYSORE,N. NAGESH,IND,0,12TH PASS,35,26150,0
KARNATAKA,MYSORE,NINGAPPA B D,IND,0,10TH PASS,58,926000,100000
KARNATAKA,MYSORE,P.K. BIDDAPPA,KARNATAKA PRAJA PARTY (RAITHAPARVA),0,10TH PASS,60,,
KARNATAKA,MYSORE,R. MAHESHA,IND,0,12TH PASS,39,1533000,400000
KARNATAKA,MYSORE,RAVI,IND,0,10TH PASS,39,15000,0
KARNATAKA,MYSORE,SANDHYA P S,SUCI(C),0,POST GRADUATE,40,2479768,120000
KARNATAKA,MYSORE,SRINIVASAIAH,IND,0,GRADUATE,80,,
KARNATAKA,MYSORE,VENKATESHA D NAYAKA,IND,0,12TH PASS,59,6959654,0
KARNATAKA,RAICHUR,RAJA AMARESHWARA NAIK,BJP,0,GRADUATE PROFESSIONAL,62,30638375,678532
KARNATAKA,RAICHUR,B. V NAIK,INC,1,GRADUATE PROFESSIONAL,53,101129729,5703400
KARNATAKA,RAICHUR,B. VENKANA GOUDA NAYAKA,BSP,0,GRADUATE PROFESSIONAL,37,1706000,0
KARNATAKA,RAICHUR,K. SOMASHEKHAR YADAGIRI,SUCI(C),0,12TH PASS,54,,
KARNATAKA,RAICHUR,NIRANJAN NAYAK,UTTAMA PRAJAAKEEYA PARTY,0,GRADUATE PROFESSIONAL,30,13000,0
KARNATAKA,SHIMOGA,B.Y.RAGHAVENDRA,BJP,2,GRADUATE PROFESSIONAL,46,674091851,14150647
KARNATAKA,SHIMOGA,GUDDAPPA,BSP,1,5TH PASS,55,3100000,150000
KARNATAKA,SHIMOGA,K.C.VINAY RAJAVATH,IND,0,GRADUATE,26,,
KARNATAKA,SHIMOGA,KRISHNA K,PYRAMID PARTY OF INDIA,2,8TH PASS,39,121961,0
KARNATAKA,SHIMOGA,MOHAMMED YUSUF KHAN,IND,0,5TH PASS,51,1540000,237000
KARNATAKA,SHIMOGA,N.T.VIJAYAKUMAR,IND,0,10TH PASS,55,,
KARNATAKA,SHIMOGA,S.MADHUBANGARAPPA,JD(S),1,GRADUATE,52,615887761,170909000
KARNATAKA,SHIMOGA,S.UMESHA VARMA,IND,0,12TH PASS,63,2960000,0
KARNATAKA,SHIMOGA,SHASHIKUMAR S.GOWDA,IND,0,10TH PASS,37,135000,0
KARNATAKA,SHIMOGA,SHEKARA NAIK,IND,0,GRADUATE,63,40409500,3112000
KARNATAKA,SHIMOGA,VENKATESH R,UTTAMA PRAJAAKEEYA PARTY,0,10TH PASS,31,,
KARNATAKA,TUMKUR,G S BASAVARAJ,BJP,0,GRADUATE PROFESSIONAL,78,510779150,113844867
KARNATAKA,TUMKUR,B. S. MALLIKARJUNAIAH,IND,1,OTHERS,45,15351735,1500000
KARNATAKA,TUMKUR,CHAYA RAJASHANKAR,UTTAMA PRAJAAKEEYA PARTY,0,GRADUATE,50,37939797,0
KARNATAKA,TUMKUR,D SHARADHISHAYANA,IND,0,GRADUATE PROFESSIONAL,67,,
KARNATAKA,TUMKUR,G NAGENDRA,IND,0,10TH PASS,44,459000,0
KARNATAKA,TUMKUR,H. D. DEVEGOWDA,JD(S),0,OTHERS,86,,
KARNATAKA,TUMKUR,J. K. SAMI,IND,1,5TH PASS,52,31000,0
KARNATAKA,TUMKUR,K V SRINIVAS KALKERE,IND,0,GRADUATE,44,325800,189000
KARNATAKA,TUMKUR,KAPANIGOWDA,IND,0,GRADUATE PROFESSIONAL,64,1350000,0
KARNATAKA,TUMKUR,MAHALAKSHMI C. P.,AMBEDKAR SAMAJ PARTY,0,POST GRADUATE,32,20000,0
KARNATAKA,TUMKUR,N SHIVANNA,CPI,0,OTHERS,74,,
KARNATAKA,TUMKUR,PRAKASH. R. A. JAIN,IND,0,GRADUATE PROFESSIONAL,51,48640000,0
KARNATAKA,TUMKUR,SIDDARAMEGOWDA T. B.,IND,0,GRADUATE,52,6301000,1605000
KARNATAKA,TUMKUR,T. N. KUMARA SWAMY,IND,0,8TH PASS,56,,
KARNATAKA,UDUPI CHIKMAGALUR,SHOBHA KARANDLAJE,BJP,3,POST GRADUATE,52,104872668,49936840
KARNATAKA,UDUPI CHIKMAGALUR,ABDUL RAHMAN,IND,0,8TH PASS,34,334000,1840000
KARNATAKA,UDUPI CHIKMAGALUR,AMRITH SHENOY P,IND,1,POST GRADUATE,41,284900000,3425000
KARNATAKA,UDUPI CHIKMAGALUR,COMRADE VIJAYKUMAR,CPI(ML) RED STAR,0,10TH PASS,45,,
KARNATAKA,UDUPI CHIKMAGALUR,K.C. PRAKASH,IND,0,10TH PASS,54,3290000,0
KARNATAKA,UDUPI CHIKMAGALUR,M.K DAYANANDA,PROUTIST SARVA SAMAJ,0,GRADUATE,69,31315500,1300000
KARNATAKA,UDUPI CHIKMAGALUR,MAGGALAMAKKI GANESH,IND,0,12TH PASS,56,,
KARNATAKA,UDUPI CHIKMAGALUR,P. GOUTHAM PRABHU,SHS,0,10TH PASS,31,2408385,700000
KARNATAKA,UDUPI CHIKMAGALUR,P. PARAMESHWARA,BSP,1,GRADUATE PROFESSIONAL,43,4994000,0
KARNATAKA,UDUPI CHIKMAGALUR,SHEKAR HAVANJE,REPUBLICAN PARTY OF INDIA (KARNATAKA),3,10TH PASS,0,1265000,100000
KARNATAKA,UDUPI CHIKMAGALUR,SURESH KUNDER,UTTAMA PRAJAAKEEYA PARTY,0,12TH PASS,64,,
KARNATAKA,UTTARA KANNADA,ANANTKUMAR HEGDE,BJP,4,12TH PASS,51,84755455,41016655
KARNATAKA,UTTARA KANNADA,ANAND ASNOTIKAR,JD(S),1,POST GRADUATE,39,721916901,23800806
KARNATAKA,UTTARA KANNADA,ANITA ASHOK SHET,IND,0,10TH PASS,52,,
KARNATAKA,UTTARA KANNADA,BALAKRISHNA ARJUN PATIL,IND,0,POST GRADUATE,39,2200858,37500
KARNATAKA,UTTARA KANNADA,CHIDANAND HARIJAN,IND,0,LITERATE,58,1465000,270000
KARNATAKA,UTTARA KANNADA,KUNDABAI GANAPATI PARULEKAR,IND,0,GRADUATE,63,,
KARNATAKA,UTTARA KANNADA,MANJUNATH SADASHIV,BHARAT BHOOMI PARTY,0,POST GRADUATE,34,870000,0
KARNATAKA,UTTARA KANNADA,MOHAMMED ZABROOD KHATEEB,IND,2,5TH PASS,44,549390,239000
KARNATAKA,UTTARA KANNADA,NAGARAJ NAIK,RASHTRIYA SAMAJ PAKSHA,3,10TH PASS,36,81095,260610
KARNATAKA,UTTARA KANNADA,NAGRAJ SHRIDHAR SHET,RASHTRIYA JANSAMBHAVNA PARTY,0,8TH PASS,32,3550000,0
KARNATAKA,UTTARA KANNADA,SUDHAKAR KIRA JOGALEKAR,BSP,0,POST GRADUATE,54,,
KARNATAKA,UTTARA KANNADA,SUNIL PAWAR,UTTAMA PRAJAAKEEYA PARTY,0,GRADUATE,32,171808,139887
KERALA,ALAPPUZHA,A M ARIFF,CPI(M),2,GRADUATE PROFESSIONAL,54,15268906,2220700
KERALA,ALAPPUZHA,AKHILESH,AMBEDKARITE PARTY OF INDIA,0,12TH PASS,38,106000,0
KERALA,ALAPPUZHA,PARTHASARATHY VARMA,SUCI(C),0,OTHERS,51,,
KERALA,ALAPPUZHA,PRASANTH,BSP,2,GRADUATE,33,20360,0
KERALA,ALAPPUZHA,RADHAKRISHNAN,BJP,1,DOCTORATE,64,16484722,0
KERALA,ALAPPUZHA,RAJEEVAN,IND,0,12TH PASS,46,,
KERALA,ALAPPUZHA,SANTHOSH,IND,0,10TH PASS,46,1022408,25000
KERALA,ALAPPUZHA,SATHEESH SHENOY,IND,0,OTHERS,37,133968000,27689000
KERALA,ALAPPUZHA,SHANIMOL,INC,0,POST GRADUATE,52,18665943,825000
KERALA,ALAPPUZHA,THAHIR,IND,0,10TH PASS,36,360000,0
KERALA,ALAPPUZHA,VARKALA RAJ,PEOPLES DEMOCRATIC PARTY,0,12TH PASS,59,,
KERALA,ALATHUR,RAMYA HARIDAS,INC,3,10TH PASS,32,,
KERALA,ALATHUR,BABU T V,BHARATH DHARMA JANA SENA,4,10TH PASS,61,1261055,685000
KERALA,ALATHUR,DR.JAYAN.C.KUTHANUR,BSP,0,DOCTORATE,40,901000,72369
KERALA,ALATHUR,KRISHNANKUTTY,IND,0,8TH PASS,53,,
KERALA,ALATHUR,P.K.BIJU,CPI(M),0,DOCTORATE,44,4083003,519379
KERALA,ALATHUR,PRETHEEP KUMAR P K,IND,0,GRADUATE PROFESSIONAL,40,650099,0
KERALA,ATTINGAL,ADOOR PRAKASH,INC,7,GRADUATE PROFESSIONAL,63,144098612,27622685
KERALA,ATTINGAL,A.SAMPATH,CPI(M),0,DOCTORATE,56,38448688,3611333
KERALA,ATTINGAL,AJMAL ISMAIL,SDPI,3,GRADUATE PROFESSIONAL,36,,
KERALA,ATTINGAL,ANITHA,IND,0,GRADUATE,34,25000,0
KERALA,ATTINGAL,ATTINGAL AJITH KUMAR,IND,0,10TH PASS,51,50800,0
KERALA,ATTINGAL,DEVADATHAN,IND,0,10TH PASS,70,,
KERALA,ATTINGAL,IRINJAYAM SURESH,IND,0,10TH PASS,45,,0
KERALA,ATTINGAL,K.G.MOHANAN,IND,0,10TH PASS,59,100000,0
KERALA,ATTINGAL,MANOJ M,IND,0,10TH PASS,30,69850,0
KERALA,ATTINGAL,P.RAMSAGAR,IND,0,12TH PASS,48,589800,26510
KERALA,ATTINGAL,PRAKASH G,IND,0,10TH PASS,59,,
KERALA,ATTINGAL,SATHEESH KUMAR,IND,0,10TH PASS,38,918440,175000
KERALA,ATTINGAL,SHAILAJA,IND,0,10TH PASS,34,125190,0
KERALA,ATTINGAL,SOBHA SURENDRAN,BJP,40,GRADUATE,45,,
KERALA,ATTINGAL,SUNIL SOMAN,IND,0,10TH PASS,49,14110,0
KERALA,ATTINGAL,VIPINLAL PALODE,BSP,1,POST GRADUATE,30,504936,623334
KERALA,CHALAKUDY,BENNY BEHANAN,INC,4,GRADUATE,66,20461931,915938
KERALA,CHALAKUDY,FREDY JACKSON PEREIRA,IND,0,12TH PASS,30,26000,103000
KERALA,CHALAKUDY,INNOCENT,CPI(M),0,8TH PASS,71,,
KERALA,CHALAKUDY,JOHNSON N,BSP,0,10TH PASS,30,69950,0
KERALA,CHALAKUDY,JOSE THOMAS,MARXIST COMMUNIST PARTY OF INDIA (UNITED),0,GRADUATE,63,11081369,0
KERALA,CHALAKUDY,M R SATHYADEVAN,IND,0,8TH PASS,56,,
KERALA,CHALAKUDY,MOIDEEN KUNJU P P,SDPI,2,10TH PASS,57,22464245,66731
KERALA,CHALAKUDY,MUJEEB RAHMAN T A,PEOPLES DEMOCRATIC PARTY,0,10TH PASS,42,4943000,0
KERALA,CHALAKUDY,SUBRAMANIAN,IND,0,8TH PASS,51,1136320,2133
KERALA,CHALAKUDY,SUJATHA N A,SUCI(C),0,POST GRADUATE,39,353000,782000
KERALA,ERNAKULAM,HIBI EDEN,INC,7,GRADUATE,35,7908467,200000
KERALA,ERNAKULAM,ABDUL KHADER,SAMAJWADI FORWARD BLOC,0,8TH PASS,59,3497836,0
KERALA,ERNAKULAM,ALPHONS KANNANTHANAM,BJP,1,GRADUATE,65,115836275,0
KERALA,ERNAKULAM,ASWATHI RAJAPPAN,IND,0,GRADUATE,25,,
KERALA,ERNAKULAM,KUMAR,IND,0,8TH PASS,64,6006488,0
KERALA,ERNAKULAM,LAILA RASHEED,IND,0,10TH PASS,49,,
KERALA,ERNAKULAM,NIAMATHULLA,BSP,0,GRADUATE,53,14986063,2100000
KERALA,ERNAKULAM,P RAJEEV,CPI(M),6,GRADUATE PROFESSIONAL,51,48174090,1629133
KERALA,ERNAKULAM,SHAJAHAN ABDULKHADAR,CPI(ML) RED STAR,0,10TH PASS,54,1672500,0
KERALA,ERNAKULAM,SREEDHARAN,IND,0,10TH PASS,68,5460200,0
KERALA,ERNAKULAM,V M FAISAL,SDPI,3,10TH PASS,40,,
KERALA,ERNAKULAM,VIVEK K VIJAYAN,RASHTRIYA SAMAJ PAKSHA,0,POST GRADUATE,36,3521814,0
KERALA,IDUKKI,DEAN KURIAKOSE,INC,204,POST GRADUATE,37,,
KERALA,IDUKKI,BABY K. A.,IND,0,10TH PASS,48,25000,0
KERALA,IDUKKI,BIJU KRISHNAN,BHARATH DHARMA JANA SENA,0,GRADUATE,49,16347063,1789000
KERALA,IDUKKI,GOMATHY,IND,4,8TH PASS,40,136000,90000
KERALA,IDUKKI,JOICE GEORGE,IND,9,POST GRADUATE,49,16306010,3169941
KERALA,IDUKKI,LEETHESH P. T.,BSP,0,GRADUATE,30,,
KERALA,IDUKKI,M. SELVARAJ,VIDUTHALAI CHIRUTHAIGAL KATCHI,3,8TH PASS,60,1335247,493000
KERALA,IDUKKI,REJI NJALLANI,IND,0,10TH PASS,52,4953535,466018
KERALA,KANNUR,K SUDHAKARAN,INC,3,POST GRADUATE,70,29699206,7468633
KERALA,KANNUR,ABDUL JABBAR K K,SDPI,3,10TH PASS,45,3410000,0
KERALA,KANNUR,APARNA R,SUCI(C),0,GRADUATE PROFESSIONAL,27,777958,0
KERALA,KANNUR,C K PADMANABHAN,BJP,0,10TH PASS,70,,
KERALA,KANNUR,K. SREEMATHI W/O SUDEEP KUMAR C. V,IND,0,10TH PASS,35,878967,225709
KERALA,KANNUR,K. SUDHAKARAN S/O KRISHNAN,IND,1,8TH PASS,46,,
KERALA,KANNUR,K. SUDHAKARAN S/O KUNHIRAMAN,IND,0,GRADUATE,65,2673964,0
KERALA,KANNUR,KURIAKOSE,SECULAR DEMOCRATIC CONGRESS,0,10TH PASS,44,6837320,1000000
KERALA,KANNUR,P. SREEMATHI W/O RAVEENDRAN,IND,0,8TH PASS,56,2635987,900000
KERALA,KANNUR,PRAVEEN ARIMBRATHODIYIL,IND,0,GRADUATE,35,3983015,37918
KERALA,KANNUR,RADHAMANI NARAYANAKUMAR,IND,0,10TH PASS,47,,
KERALA,KANNUR,SUDHAKARAN P. K S/O KRISHNA PILLA,IND,0,8TH PASS,59,4510000,300000
KERALA,KASARAGOD,RAJMOHAN UNNITHAN,INC,1,GRADUATE,65,21570257,862257
KERALA,KASARAGOD,ADV. BASHEER ALADY,BSP,0,POST GRADUATE,45,1438476,0
KERALA,KASARAGOD,GOVINDAN B ALINTHAZHE,IND,0,LITERATE,41,17000,0
KERALA,KASARAGOD,K P SATHISHCHNADRAN,CPI(M),4,GRADUATE,61,,
KERALA,KASARAGOD,NARENDRA KUMAR K,IND,2,GRADUATE PROFESSIONAL,42,3123000,380000
KERALA,KASARAGOD,RAMESHAN BANDADKA,IND,0,10TH PASS,29,,
KERALA,KASARAGOD,RANADIVAN R K,IND,0,12TH PASS,28,153228,67598
KERALA,KASARAGOD,RAVISH THANTHRI KUNTAR,BJP,1,10TH PASS,52,6843278,1901899
KERALA,KOLLAM,PREMACHANDRAN N K,REVOLUTIONARY SOCIALIST PARTY,5,GRADUATE PROFESSIONAL,58,,
KERALA,KOLLAM,ADV.K.V.SABU,BJP,0,POST GRADUATE,57,26550000,6400000
KERALA,KOLLAM,DR.SREEKUMAR.J,IND,0,GRADUATE PROFESSIONAL,48,56353474,33341227
KERALA,KOLLAM,JAYARAJAN,IND,0,10TH PASS,58,,
KERALA,KOLLAM,K N BALAGOPAL,CPI(M),1,POST GRADUATE,55,9463866,2800000
KERALA,KOLLAM,NAGARAJ G,IND,1,10TH PASS,42,8000,300000
KERALA,KOLLAM,SAJI KOLLAM,IND,0,12TH PASS,30,726145,0
KERALA,KOLLAM,SUNI KALLUVATHUKKAL,IND,0,LITERATE,42,121660,30000
KERALA,KOTTAYAM,THOMAS CHAZHIKADAN,KERALA CONGRESS (M),0,GRADUATE PROFESSIONAL,66,26027478,495778
KERALA,KOTTAYAM,IGNATIOUS ILLIMOOTTIL,IND,0,8TH PASS,63,16000,175000
KERALA,KOTTAYAM,JIJO JOSEPH,BSP,0,POST GRADUATE,38,354000,0
KERALA,KOTTAYAM,P C THOMAS,KERALA CONGRESS,3,GRADUATE PROFESSIONAL,68,,
KERALA,KOTTAYAM,PRAKASH,SUCI(C),2,10TH PASS,39,588200,45000
KERALA,KOTTAYAM,THOMAS J NIDHIRY,IND,0,POST GRADUATE,65,,
KERALA,KOTTAYAM,VASAVAN,CPI(M),0,10TH PASS,64,7361071,637399
KERALA,KOZHIKODE,M.K.RAGHAVAN,INC,1,GRADUATE,66,12502009,3174805
KERALA,KOZHIKODE,A PRADEEP KUMAR,CPI(M),1,12TH PASS,55,11915342,2079872
KERALA,KOZHIKODE,ADV.PRAKASH BABU,BJP,22,POST GRADUATE,39,3524377,343064
KERALA,KOZHIKODE,M.K. RAGHAVAN NAIR,IND,0,8TH PASS,65,,
KERALA,KOZHIKODE,N. RAGHAVN,IND,0,5TH PASS,74,1523300,800000
KERALA,KOZHIKODE,NUSRATH JAHAN,IND,0,OTHERS,51,,
KERALA,KOZHIKODE,P SANKARAN (A.SEKHAR),SUCI(C),0,GRADUATE PROFESSIONAL,69,10885015,200000
KERALA,KOZHIKODE,P. RAGHAVAN,IND,0,5TH PASS,68,483000,0
KERALA,KOZHIKODE,PRADEEP.V.K,IND,0,LITERATE,45,307000,0
KERALA,KOZHIKODE,PRADEEPAN N,IND,0,10TH PASS,47,706000,0
KERALA,KOZHIKODE,PRAKASH BABU CHAITHRAM,IND,0,12TH PASS,53,,
KERALA,KOZHIKODE,RAGHU K,BSP,0,GRADUATE,62,5570000,1000000
KERALA,KOZHIKODE,T. RAGHAVAN,IND,0,10TH PASS,57,2563000,433000
KERALA,MALAPPURAM,KUNHALIKUTTY,IUML,2,GRADUATE,67,,
KERALA,MALAPPURAM,ABDUL MAJEED FAIZY,SDPI,2,10TH PASS,48,1203908,0
KERALA,MALAPPURAM,ABDUL SALAM,IND,0,8TH PASS,60,2233000,1300000
KERALA,MALAPPURAM,OS NISSAR METHAR,IND,0,10TH PASS,36,309002654,1180000
KERALA,MALAPPURAM,PRAVEEN KUMAR,BSP,0,GRADUATE PROFESSIONAL,34,113000,0
KERALA,MALAPPURAM,SANU NK,IND,0,8TH PASS,31,,
KERALA,MALAPPURAM,UNNIKRISHNAN,BJP,0,GRADUATE PROFESSIONAL,54,12100000,0
KERALA,MALAPPURAM,V.P. SANU,CPI(M),9,POST GRADUATE,30,5438969,0
BYE ELECTION ON 06-04-2021 : KERALA,MALAPPURAM,ABDUSSAMAD SAMADANI,IUML,0,POST GRADUATE,62,19370167,0
BYE ELECTION ON 06-04-2021 : KERALA,MALAPPURAM,DR. TASLEEM RAHMANI,SDPI,0,GRADUATE PROFESSIONAL,58,21166892,1450000
BYE ELECTION ON 06-04-2021 : KERALA,MALAPPURAM,V.P. SANU,CPI(M),5,POST GRADUATE,32,,
KERALA,MAVELIKKARA,KODIKUNNIL SURESH,INC,1,GRADUATE PROFESSIONAL,56,12965129,982819
KERALA,MAVELIKKARA,AJAYAKUMAR,IND,0,10TH PASS,40,127400,0
KERALA,MAVELIKKARA,AJI PATHANAPURAM,IND,0,10TH PASS,34,1530000,150000
KERALA,MAVELIKKARA,BIMALJI K,SUCI(C),0,POST GRADUATE,41,,
KERALA,MAVELIKKARA,CHITTAYAM GOPAKUMAR,CPI,0,10TH PASS,53,3725488,953336
KERALA,MAVELIKKARA,KUTTAN K,IND,0,10TH PASS,62,,
KERALA,MAVELIKKARA,RAGHAVAN R,IND,0,5TH PASS,70,117062,0
KERALA,MAVELIKKARA,RAJAGOPALAN,BSP,0,10TH PASS,48,300447,0
KERALA,MAVELIKKARA,USHA,IND,0,OTHERS,47,32985,0
KERALA,PALAKKAD,V K SREEKANDAN,INC,7,GRADUATE,49,,
KERALA,PALAKKAD,BALAKRISHNAN,IND,0,10TH PASS,36,572978,91978
KERALA,PALAKKAD,C CHANDRAN,IND,0,12TH PASS,60,8420129,370116
KERALA,PALAKKAD,HARI ARUMBIL,BSP,0,GRADUATE,35,,
KERALA,PALAKKAD,KRISHNAKUMAR C,BJP,10,GRADUATE,48,11298644,1448919
KERALA,PALAKKAD,M B RAJESH,CPI(M),10,POST GRADUATE,48,16762314,651136
KERALA,PALAKKAD,P RAJESH,IND,0,8TH PASS,34,,
KERALA,PALAKKAD,RAJESH S/O MANI,IND,1,10TH PASS,34,310000,100000
KERALA,PALAKKAD,THULASEEDHARAN,SDPI,1,GRADUATE,50,163273,0
KERALA,PATHANAMTHITTA,ANTO ANTONY,INC,1,GRADUATE,62,6076143,7723227
KERALA,PATHANAMTHITTA,BINU,SUCI(C),0,OTHERS,43,52201,0
KERALA,PATHANAMTHITTA,JOSE GEORGE,AMBEDKARITE PARTY OF INDIA,0,10TH PASS,42,,
KERALA,PATHANAMTHITTA,K SURENDRAN,BJP,240,GRADUATE,49,4044300,1308799
KERALA,PATHANAMTHITTA,RATHEESH KUMAR R,IND,0,12TH PASS,34,127300,0
KERALA,PATHANAMTHITTA,SHIBU P,BSP,0,10TH PASS,46,,
KERALA,PATHANAMTHITTA,VEENA GEORGE,CPI(M),0,POST GRADUATE,42,20179396,6643517
KERALA,PATHANAMTHITTA,VEENA V,IND,0,12TH PASS,29,51500,270000
KERALA,PONNANI,E T MOHAMMED BASHEER,IUML,0,10TH PASS,72,8103274,0
KERALA,PONNANI,ADV. K.C. NAZEER,SDPI,1,GRADUATE PROFESSIONAL,40,2985000,0
KERALA,PONNANI,ANVAR P.V. RASEENA MANZIL,IND,0,10TH PASS,43,1027930,0
KERALA,PONNANI,ANWAR P.V. ALUMKUZHI,IND,0,GRADUATE,30,,
KERALA,PONNANI,BINDU,IND,0,8TH PASS,51,261510,0
KERALA,PONNANI,MUHAMMED BASHEER KOYISSERY,IND,0,LITERATE,65,,
KERALA,PONNANI,MUHAMMED BASHEER MANGALASSERY,IND,0,8TH PASS,53,5521032,0
KERALA,PONNANI,MUHAMMED BASHEER NECHIYAN,IND,0,5TH PASS,55,3941000,0
KERALA,PONNANI,REMA,BJP,7,POST GRADUATE,61,24482797,0
KERALA,PONNANI,SAMEERA PA,IND,0,10TH PASS,36,2400,0
KERALA,THIRUVANANTHAPURAM,SHASHI THAROOR,INC,2,DOCTORATE,63,,
KERALA,THIRUVANANTHAPURAM,BINU.D,IND,0,10TH PASS,42,100000,0
KERALA,THIRUVANANTHAPURAM,CHRISTOPHER SHAJU,IND,0,12TH PASS,43,1825000,330000
KERALA,THIRUVANANTHAPURAM,DEVADATHAN,IND,0,10TH PASS,70,,
KERALA,THIRUVANANTHAPURAM,DIVAKARAN.C,CPI,1,GRADUATE,76,9006945,1318000
KERALA,THIRUVANANTHAPURAM,GOPAKUMAR,IND,0,10TH PASS,44,310533,10500
KERALA,THIRUVANANTHAPURAM,JAIN WILSON,IND,0,GRADUATE,59,,
KERALA,THIRUVANANTHAPURAM,JOHNY THAMPY,IND,1,12TH PASS,54,30000,0
KERALA,THIRUVANANTHAPURAM,KIRANKUMAR.S.K,BSP,0,12TH PASS,36,1993880,595000
KERALA,THIRUVANANTHAPURAM,MINI S,SUCI(C),1,12TH PASS,44,125235,0
KERALA,THIRUVANANTHAPURAM,MITHRA KUMAR G,IND,0,POST GRADUATE,58,2752500,0
KERALA,THIRUVANANTHAPURAM,P KERALAVARMARAJA,PRAVASI NIVASI PARTY,0,GRADUATE,77,,
KERALA,THIRUVANANTHAPURAM,S SUSEELAN,IND,1,8TH PASS,66,300000,0
KERALA,THIRUVANANTHAPURAM,SASI T,IND,0,GRADUATE,72,1660184,368753
KERALA,THIRUVANANTHAPURAM,SUBI,IND,0,10TH PASS,34,351000,300000
KERALA,THIRUVANANTHAPURAM,VISHNU S AMBADI,IND,0,GRADUATE,34,1763500,5970000
KERALA,THRISSUR,T. N. PRATHAPAN,INC,7,12TH PASS,58,8609349,2978120
KERALA,THRISSUR,N D VENU,CPI(ML) RED STAR,3,12TH PASS,45,38500,0
KERALA,THRISSUR,NIKHIL,BSP,0,GRADUATE,25,113066,0
KERALA,THRISSUR,PRAVEEN K P,IND,1,POST GRADUATE,34,,
KERALA,THRISSUR,RAJAJI MATHEW THOMAS,CPI,0,POST GRADUATE,64,2884096,2150000
KERALA,THRISSUR,SONU,IND,1,GRADUATE PROFESSIONAL,29,6286500,1703000
KERALA,THRISSUR,SURESH GOPI,BJP,1,POST GRADUATE,60,,
KERALA,THRISSUR,SUVITH,IND,2,12TH PASS,29,306277,0
KERALA,VADAKARA,K. MURALEEDHARAN,INC,3,GRADUATE,62,,
KERALA,VADAKARA,ALUVA ANEESH,IND,0,8TH PASS,38,5168226,750000
KERALA,VADAKARA,C.O.T. NASEER,IND,3,12TH PASS,37,71346,220554
KERALA,VADAKARA,JATHEESH A P,NATIONAL LABOUR PARTY,0,8TH PASS,43,,
KERALA,VADAKARA,JAYARAJAN PANDARAPARAMBIL,IND,0,8TH PASS,65,127686,0
KERALA,VADAKARA,JAYARAJAN.P,CPI(M),10,10TH PASS,66,9072440,620213
KERALA,VADAKARA,K.SUDHAKARAN,CPI(ML) RED STAR,0,GRADUATE PROFESSIONAL,64,1100158,0
KERALA,VADAKARA,MURALEEDHARAN.K KUTTIYIL VEEDU,IND,0,12TH PASS,50,10807704,1800000
KERALA,VADAKARA,MUSTHAFA KOMMERI,SDPI,0,GRADUATE,37,1255522,0
KERALA,VADAKARA,SAJEEVAN V. K,BJP,2,GRADUATE PROFESSIONAL,43,3530403,1754758
KERALA,VADAKARA,SANTOSH KUMAR,IND,0,8TH PASS,52,,
KERALA,WAYANAD,RAHUL GANDHI,INC,5,POST GRADUATE,48,158877063,7201904
KERALA,WAYANAD,ADV. SREEJITH P R,IND,1,GRADUATE PROFESSIONAL,33,120,476158
KERALA,WAYANAD,BABU MANI,SDPI,1,10TH PASS,52,1924402,577000
KERALA,WAYANAD,BIJU KAKKATHODE,IND,0,12TH PASS,28,,
KERALA,WAYANAD,DR. K PADMARAJAN,IND,0,POST GRADUATE,60,1511000,0
KERALA,WAYANAD,JOHN P P,SECULAR DEMOCRATIC CONGRESS,0,GRADUATE,54,17442823,500000
KERALA,WAYANAD,K M SIVAPRASAD GANDHI,INDIAN GANDHIYAN PARTY,0,POST GRADUATE,40,,
KERALA,WAYANAD,MOHAMED P K,BSP,0,GRADUATE,67,3586455,0
KERALA,WAYANAD,MUJEEB RAHMAN,IND,0,10TH PASS,35,437890,0
KERALA,WAYANAD,P.P. SUNEER,CPI,0,POST GRADUATE,50,13815960,0
KERALA,WAYANAD,PRAVEEN K P,IND,1,POST GRADUATE,34,8909412,2665000
KERALA,WAYANAD,RAGHUL GANDHI K S/O KRISHNAN P,AGILA INDIA MAKKAL KAZHAGAM,0,10TH PASS,30,,
KERALA,WAYANAD,RAHUL GANDHI K E S/O VALSAMMA,IND,0,POST GRADUATE,33,5515,0
KERALA,WAYANAD,SEBASTIAN WAYANAD,IND,0,8TH PASS,50,,
KERALA,WAYANAD,SHIJO M VARGHESE,IND,0,12TH PASS,34,6491083,392797
KERALA,WAYANAD,SIBY VAYALIL,IND,0,12TH PASS,48,5656330,5634268
KERALA,WAYANAD,USHA K,CPI(ML) RED STAR,0,LITERATE,43,793888,83000
LAKSHADWEEP,LAKSHADWEEP,MOHAMMED FAIZAL PP,NCP,2,POST GRADUATE,43,938641,0
LAKSHADWEEP,LAKSHADWEEP,ABDUL KHADER HAJI,BJP,0,5TH PASS,70,38824182,0
LAKSHADWEEP,LAKSHADWEEP,ALI AKBAR K.,CPI,0,10TH PASS,31,5000,0
LAKSHADWEEP,LAKSHADWEEP,DR. MOHAMMED SADIQUE KP,JD(U),0,POST GRADUATE,46,,
LAKSHADWEEP,LAKSHADWEEP,MUHAMMED HAMDULLAH SAYEED,INC,0,GRADUATE PROFESSIONAL,36,95047817,445771
LAKSHADWEEP,LAKSHADWEEP,SHAREEF KHAN,CPI(M),3,10TH PASS,39,,
MADHYA PRADESH,BALAGHAT,DR. DHAL SINGH BISEN,BJP,0,OTHERS,66,,
MADHYA PRADESH,BALAGHAT,ABHISHEK BILHORE,BHARTIYA SHAKTI CHETNA PARTY,0,GRADUATE,25,2006750,0
MADHYA PRADESH,BALAGHAT,ADVOCATE SATYAPRAKASH SHULKE (LODHI),MADHYA PRADESH JAN VIKAS PARTY,0,GRADUATE PROFESSIONAL,40,550000,0
MADHYA PRADESH,BALAGHAT,ALI . M. R. KHAN,CPI,1,12TH PASS,62,,
MADHYA PRADESH,BALAGHAT,BABOO RAJENDRA DHOKE,PEOPLES PARTY OF INDIA (DEMOCRATIC),0,POST GRADUATE,62,11847800,0
MADHYA PRADESH,BALAGHAT,BODHSINGH BHAGAT,IND,0,GRADUATE,62,44244840,0
MADHYA PRADESH,BALAGHAT,GLG TANDEKAR,IND,0,GRADUATE,43,1927853,0
MADHYA PRADESH,BALAGHAT,JESINGH TEKAM,GONDVANA GANTANTRA PARTY,0,8TH PASS,68,15810660,850000
MADHYA PRADESH,BALAGHAT,KARAN SINGH NAAGPURE,BAHUJAN MUKTI PARTY,1,GRADUATE,38,1137052,6000
MADHYA PRADESH,BALAGHAT,KISHOR SAMRITE,IND,1,GRADUATE,56,2147000,0
MADHYA PRADESH,BALAGHAT,MADHU KUMAR,INC,0,12TH PASS,53,,
MADHYA PRADESH,BALAGHAT,MAKBOOL SHAH,IND,0,POST GRADUATE,63,90000,0
MADHYA PRADESH,BALAGHAT,MEERSHYAM LILHARE LODHI,IND,0,POST GRADUATE,47,2495312,0
MADHYA PRADESH,BALAGHAT,MUKESH BANSOD,AMBEDKARITE PARTY OF INDIA,0,12TH PASS,38,,
MADHYA PRADESH,BALAGHAT,NARAYAN BANJARE,IND,0,POST GRADUATE,53,197000,0
MADHYA PRADESH,BALAGHAT,PITAM BORKAR,IND,0,GRADUATE,44,72000,0
MADHYA PRADESH,BALAGHAT,RAKESH KUMAR,IND,2,10TH PASS,29,672000,0
MADHYA PRADESH,BALAGHAT,RUPLAL KUTRAHE (SAMAJ SEVAK ) LODHI,IND,1,10TH PASS,39,228405,50000
MADHYA PRADESH,BALAGHAT,SHATISH KUMAR,BHARTIYA LOKMAT RASHTRWADI PARTY,0,GRADUATE PROFESSIONAL,39,,
MADHYA PRADESH,BALAGHAT,SHRIMATI MANISHA VAID,IND,0,GRADUATE,45,12880000,5470000
MADHYA PRADESH,BALAGHAT,YUVRAJ SINGH BAIS,"PROUTIST BLOC, INDIA",0,10TH PASS,65,785600,5000
MADHYA PRADESH,BETUL,DURGA DAS (D.D.) UIKEY,BJP,0,POST GRADUATE,55,15413532,875803
MADHYA PRADESH,BETUL,ASHOK BHALAVI,BSP,0,LITERATE,44,682000,0
MADHYA PRADESH,BETUL,BHAGCHARAN WARKADE,IND,0,12TH PASS,39,368300,270000
MADHYA PRADESH,BETUL,BISRAM UIKEY,GONDVANA GANTANTRA PARTY,0,12TH PASS,44,,
MADHYA PRADESH,BETUL,NIMISH SARIYAM,IND,1,GRADUATE,33,158000,0
MADHYA PRADESH,BETUL,PUSHPA DR. SHAILENDRA PENDAM,AKHIL BHARTIYA GONDWANA PARTY,0,GRADUATE,42,,
MADHYA PRADESH,BETUL,PUSHPA MARSKOLE,BAHUJAN MUKTI PARTY,0,POST GRADUATE,57,12240000,0
MADHYA PRADESH,BETUL,RAMU TEKAM,INC,0,POST GRADUATE,31,113554,0
MADHYA PRADESH,BHIND,SANDHYA RAY,BJP,0,POST GRADUATE,45,51108660,13400000
MADHYA PRADESH,BHIND,ASHOK SINGH,IND,0,NOT GIVEN,27,355000,0
MADHYA PRADESH,BHIND,BABU RAM JAMOR,BSP,0,10TH PASS,67,12571690,540000
MADHYA PRADESH,BHIND,BRIKHBHAN DOHARE,ALL INDIANS PARTY,0,5TH PASS,26,,
MADHYA PRADESH,BHIND,DEVASHISH,INC,0,GRADUATE PROFESSIONAL,28,746723,0
MADHYA PRADESH,BHIND,DHARM SINGH BHARGAV,IND,0,12TH PASS,53,2459000,0
MADHYA PRADESH,BHIND,DILEEP KUMAR DOHARE (ADVOCAT),AMBEDKARITE PARTY OF INDIA,1,GRADUATE PROFESSIONAL,31,,
MADHYA PRADESH,BHIND,HARKISOR KORI,IND,0,ILLITERATE,60,200000,0
MADHYA PRADESH,BHIND,JITENDRA SINGH,IND,0,12TH PASS,31,265000,0
MADHYA PRADESH,BHIND,MADAN CHHILWAR,PRAGATISHIL SAMAJWADI PARTY (LOHIA),0,LITERATE,45,423175,0
MADHYA PRADESH,BHIND,MANOHAR LAL PATWA (LALU KORI),JAN ADHIKAR PARTY,1,10TH PASS,30,763000,0
MADHYA PRADESH,BHIND,OMPRAKASH SHAKYA,HINDUSTHAN NIRMAN DAL,1,POST GRADUATE,51,,
MADHYA PRADESH,BHIND,RAJESH KUMAR JATAV,IND,0,12TH PASS,40,220000,0
MADHYA PRADESH,BHIND,RAMNARESH JATAV,IND,0,GRADUATE PROFESSIONAL,38,451164,0
MADHYA PRADESH,BHIND,ROOP SINGH,BHARAT PRABHAT PARTY,0,10TH PASS,41,,
MADHYA PRADESH,BHIND,UMESH GARG,IND,0,12TH PASS,46,2388000,77000
MADHYA PRADESH,BHOPAL,SADHVI PRAGYA SINGH THAKUR,BJP,1,POST GRADUATE,49,444224,0
MADHYA PRADESH,BHOPAL,ABDUL TAHIR ANSARI,SWARNIM BHARAT INQUILAB,0,GRADUATE PROFESSIONAL,45,5137000,1868000
MADHYA PRADESH,BHOPAL,ALOK KUMAR,IND,0,POST GRADUATE,50,29090700,2700000
MADHYA PRADESH,BHOPAL,BAL RAM SINGH TOMAR,BHARTIYA SHAKTI CHETNA PARTY,0,12TH PASS,30,,
MADHYA PRADESH,BHOPAL,BHAURAO VITHOBA FULZELE,BHARAT PRABHAT PARTY,0,GRADUATE PROFESSIONAL,59,5265000,100000
MADHYA PRADESH,BHOPAL,CA PRAMOD BHOJWANI,SANATAN SANSKRITI RAKSHA DAL,0,GRADUATE,47,7136000,3200000
MADHYA PRADESH,BHOPAL,DESHMUKH RIYAZUDDIN GHAYASUDDIN,IND,0,POST GRADUATE,60,,
MADHYA PRADESH,BHOPAL,DEVENDRA PRAKASH MISHRA,IND,1,POST GRADUATE,48,55053500,0
MADHYA PRADESH,BHOPAL,DIGVIJAYA SINGH,INC,8,GRADUATE PROFESSIONAL,71,380727853,13972396
MADHYA PRADESH,BHOPAL,GAUTAM NAGDAVANE,AMBEDKARITE PARTY OF INDIA,0,8TH PASS,51,2107000,250000
MADHYA PRADESH,BHOPAL,J.C. BARAI,SUCI(C),0,12TH PASS,64,5542223,0
MADHYA PRADESH,BHOPAL,KAMLESH DANGI THAKUR,HINDUSTHAN NIRMAN DAL,4,10TH PASS,39,,
MADHYA PRADESH,BHOPAL,KAMLESH NAMDEV,IND,0,10TH PASS,34,90000,0
MADHYA PRADESH,BHOPAL,LATA SURYAWANSHI,SAMTA VIKAS PARTY,0,10TH PASS,27,20000,0
MADHYA PRADESH,BHOPAL,MADHO SINGH AHIRWAR,BSP,0,LITERATE,41,,
MADHYA PRADESH,BHOPAL,MAHENDRA KATIYAR,IND,0,POST GRADUATE,49,847999,375000
MADHYA PRADESH,BHOPAL,MAHENDRA KUMAR,IND,0,10TH PASS,59,6417048,0
MADHYA PRADESH,BHOPAL,MOH. ATEEK,IND,0,ILLITERATE,55,131000,0
MADHYA PRADESH,BHOPAL,MUKESH KUMAR GUPTA,IND,0,12TH PASS,44,26958499,9862082
MADHYA PRADESH,BHOPAL,PIYUSH JAIN,RIGHT TO RECALL PARTY,0,POST GRADUATE,30,,
MADHYA PRADESH,BHOPAL,PRABHA BHARTI,JAI LOK PARTY,0,OTHERS,46,405600,0
MADHYA PRADESH,BHOPAL,PRAVEEN SINGH THAKUR,IND,0,GRADUATE,26,187000,0
MADHYA PRADESH,BHOPAL,PRIYANKA KHARE,IND,0,10TH PASS,26,,
MADHYA PRADESH,BHOPAL,RAJ KUMAR SHAKYA (KORI),JAN ADHIKAR PARTY,0,POST GRADUATE,49,21500,0
MADHYA PRADESH,BHOPAL,RAJESH KEER,BAHUJAN MUKTI PARTY,0,GRADUATE PROFESSIONAL,51,770809,0
MADHYA PRADESH,BHOPAL,SHRIMATI HEMLATA PATHAK,SARVADHARAM PARTY (MADHYA PRADESH),0,12TH PASS,38,2775500,505000
MADHYA PRADESH,BHOPAL,SUNIL KUMAR DODEJA,IND,0,POST GRADUATE,38,,
MADHYA PRADESH,CHHINDWARA,NAKUL NATH,INC,0,GRADUATE,44,6601946757,8791712
MADHYA PRADESH,CHHINDWARA,DHANIRAM YADUWANSHI,IND,0,12TH PASS,47,2637000,0
MADHYA PRADESH,CHHINDWARA,DINESH SINGH UIKEY,IND,0,12TH PASS,34,131000,0
MADHYA PRADESH,CHHINDWARA,GYANESHWAR GAJBHIYE,BSP,0,10TH PASS,45,,
MADHYA PRADESH,CHHINDWARA,HEMENDRA GOHAR,IND,1,8TH PASS,35,46000,0
MADHYA PRADESH,CHHINDWARA,JOGILAL IRPACHI,IND,0,GRADUATE,58,30230000,0
MADHYA PRADESH,CHHINDWARA,M. P. VISHWAKARMA,RASHTRIYA AAMJAN PARTY,0,12TH PASS,69,,
MADHYA PRADESH,CHHINDWARA,MANMOHAN SHAH BATTI,AKHIL BHARTIYA GONDWANA PARTY,2,POST GRADUATE,56,6264000,2075000
MADHYA PRADESH,CHHINDWARA,RAJESH TANTRIK,AHINSA SAMAJ PARTY,1,12TH PASS,48,26662500,100000
MADHYA PRADESH,CHHINDWARA,RAJKUMAR SARYAM,GONDVANA GANTANTRA PARTY,0,POST GRADUATE,40,833000,0
MADHYA PRADESH,CHHINDWARA,RAMDAS UIKEY,IND,0,12TH PASS,56,,
MADHYA PRADESH,CHHINDWARA,RAMESHWAR DHURVE,IND,0,12TH PASS,38,150000,0
MADHYA PRADESH,CHHINDWARA,SUBHASH SHUKLA,IND,0,10TH PASS,51,459000,0
MADHYA PRADESH,DAMOH,PRAHALAD SINGH PATEL,BJP,0,GRADUATE PROFESSIONAL,59,,
MADHYA PRADESH,DAMOH,ANANT LAL BASOR,IND,0,10TH PASS,71,41843,0
MADHYA PRADESH,DAMOH,DEVI PRASAD,IND,0,10TH PASS,48,2133000,0
MADHYA PRADESH,DAMOH,JITENDRA KHARE,BSP,0,8TH PASS,34,,
MADHYA PRADESH,DAMOH,KAMLESH ASATI,IND,0,12TH PASS,46,9316000,1458144
MADHYA PRADESH,DAMOH,MAN SINGH,BHARTIYA SHAKTI CHETNA PARTY,0,POST GRADUATE,46,1868000,50000
MADHYA PRADESH,DAMOH,MANU SINGH MARAVI,GONDVANA GANTANTRA PARTY,0,5TH PASS,49,,
MADHYA PRADESH,DAMOH,MANVENDRA SINGH,HINDUSTHAN NIRMAN DAL,0,12TH PASS,27,2515000,0
MADHYA PRADESH,DAMOH,PRAHALAD,IND,0,12TH PASS,34,1026600,0
MADHYA PRADESH,DAMOH,PRAHLAD BHAIYA,IND,0,POST GRADUATE,27,2343295,0
MADHYA PRADESH,DAMOH,PRATAP SINGH,INC,0,10TH PASS,57,23844753,120000
MADHYA PRADESH,DAMOH,RICHA PURSHOTTAM CHOUBEY (HARIOM),SAPAKS PARTY,0,12TH PASS,49,,
MADHYA PRADESH,DAMOH,SHARADA PARSAD PATEL,PICHHARA SAMAJ PARTY UNITED,0,8TH PASS,71,7870000,200000
MADHYA PRADESH,DAMOH,THAKUR DAS,PRAGATISHIL SAMAJWADI PARTY (LOHIA),0,POST GRADUATE,61,28271585,855100
MADHYA PRADESH,DAMOH,VIKAS KEWALRAO NAGVANSHI,BHARAT PRABHAT PARTY,0,GRADUATE PROFESSIONAL,41,,
MADHYA PRADESH,DEWAS,MAHENDRA SINGH SOLANKY,BJP,0,GRADUATE PROFESSIONAL,35,,
MADHYA PRADESH,DEWAS,BADRILAL,BSP,0,POST GRADUATE,43,7165222,402000
MADHYA PRADESH,DEWAS,MAHENDRA SING,IND,0,12TH PASS,30,180000,0
MADHYA PRADESH,DEWAS,NITIN VERMA,IND,0,12TH PASS,37,4516808,460168
MADHYA PRADESH,DEWAS,PRAHLAD SINGH TIPANYA,INC,0,POST GRADUATE,65,12898376,810000
MADHYA PRADESH,DEWAS,PRAVIN SHANTARAM GANGURDE,BHARAT PRABHAT PARTY,0,POST GRADUATE,47,,
MADHYA PRADESH,DHAR,CHHATAR SINGH DARBAR,BJP,1,POST GRADUATE,65,23198238,2471613
MADHYA PRADESH,DHAR,DASHRATH BHUWAN (DOTRIYA),IND,0,8TH PASS,62,14151027,677716
MADHYA PRADESH,DHAR,GIRWAL DINESH,INC,0,GRADUATE,38,,
MADHYA PRADESH,DHAR,GULSINGH RAMSINGH KAWACHE,BSP,0,POST GRADUATE,61,11919939,1400000
MADHYA PRADESH,DHAR,KAILASH VASUNIYA,BAHUJAN MUKTI PARTY,0,GRADUATE,41,96342,0
MADHYA PRADESH,DHAR,MANISH DEVID,BHARTIYA AMRIT PARTY,0,10TH PASS,31,,
MADHYA PRADESH,DHAR,RAMCHARAN MALIWAD,JANATA CONGRESS,0,ILLITERATE,41,300000,0
MADHYA PRADESH,GUNA,KRISHNA PAL SINGH,BJP,0,GRADUATE PROFESSIONAL,43,,
MADHYA PRADESH,GUNA,AJAY SINGH KUSHWAH,IND,0,10TH PASS,44,2088593,0
MADHYA PRADESH,GUNA,AMIT KHARE,AMBEDKARITE PARTY OF INDIA,0,GRADUATE PROFESSIONAL,27,130500,0
MADHYA PRADESH,GUNA,BHAN SINGH,IND,0,NOT GIVEN,40,,
MADHYA PRADESH,GUNA,BHOOPENDRA SINGH CHAUHAN,IND,0,GRADUATE,50,12405433,250000
MADHYA PRADESH,GUNA,CHANDR KUMAR SHRIVASTAVA (CHANDU),IND,0,8TH PASS,45,1931406,712080
MADHYA PRADESH,GUNA,DHAKAD LOKENDRA SINGH RAJPOOT,BSP,3,POST GRADUATE,41,,
MADHYA PRADESH,GUNA,HARBHAJAN SINGH RAJPOOT,BHARAT PRABHAT PARTY,0,GRADUATE PROFESSIONAL,60,251000,0
MADHYA PRADESH,GUNA,JYOTIRADITYA M. SCINDIA,INC,0,POST GRADUATE,48,3745618745,2900000
MADHYA PRADESH,GUNA,MANISH SHRIVASTAV,SUCI(C),0,GRADUATE PROFESSIONAL,39,186000,0
MADHYA PRADESH,GUNA,OMPRAKASH,IND,0,OTHERS,61,23673387,11816000
MADHYA PRADESH,GUNA,REKHA BAI,AAJAD BHARAT PARTY (DEMOCRATIC),0,GRADUATE,33,,
MADHYA PRADESH,GUNA,SANTOSH YADAV,PRAGATISHIL SAMAJWADI PARTY (LOHIA),0,LITERATE,46,754000,0
MADHYA PRADESH,GWALIOR,VIVEK NARAYAN SHEJWALKAR,BJP,0,GRADUATE PROFESSIONAL,71,,
MADHYA PRADESH,GWALIOR,ASHOK KHAN,IND,2,LITERATE,44,547500,222000
MADHYA PRADESH,GWALIOR,ASHOK SINGH,INC,0,GRADUATE,56,371815574,64526891
MADHYA PRADESH,GWALIOR,BRAJ MOHAN,PRAGATISHIL SAMAJWADI PARTY (LOHIA),0,12TH PASS,26,,
MADHYA PRADESH,GWALIOR,DEEPAK KUMAR,IND,0,GRADUATE,54,6453507,0
MADHYA PRADESH,GWALIOR,GEETA RANI,PEOPLES PARTY OF INDIA (DEMOCRATIC),0,POST GRADUATE,54,1163000,800000
MADHYA PRADESH,GWALIOR,GOVIND SINGH,IND,0,12TH PASS,51,,
MADHYA PRADESH,GWALIOR,HANUMANT SINGH,AAJAD BHARAT PARTY (DEMOCRATIC),0,12TH PASS,37,4216000,0
MADHYA PRADESH,GWALIOR,JITENDRA JAIN,BHARAT PRABHAT PARTY,0,GRADUATE PROFESSIONAL,31,7741515,4610847
MADHYA PRADESH,GWALIOR,MAMTA BALVEER SINGH KUSHWAH,BSP,0,10TH PASS,50,1434500,0
MADHYA PRADESH,GWALIOR,NANDKISHOR SAHU,PARIVARTAN SAMAJ PARTY,0,12TH PASS,62,2707482,0
MADHYA PRADESH,GWALIOR,NARAYAN NAMDEV,AMBEDKARITE PARTY OF INDIA,0,5TH PASS,57,,
MADHYA PRADESH,GWALIOR,PRANSINGH,RASHTRIYA SHOSHIT SAMAJ PARTY,0,12TH PASS,55,3188380,0
MADHYA PRADESH,GWALIOR,SOVRAN SINGH,IND,0,12TH PASS,60,6368000,1260
MADHYA PRADESH,GWALIOR,SUGREEV SINGH,JAN ADHIKAR PARTY,0,GRADUATE,53,,
MADHYA PRADESH,GWALIOR,SUNIL GOPAL,SUCI(C),1,GRADUATE PROFESSIONAL,46,71800,0
MADHYA PRADESH,GWALIOR,VISHNUKANT SHARMA,RASHTRIYA RASHTRAWADI PARTY,0,12TH PASS,38,22336170,4613471
MADHYA PRADESH,HOSHANGABAD,RAO UDAY PRATAP SINGH,BJP,1,GRADUATE,54,154783105,9103300
MADHYA PRADESH,HOSHANGABAD,ARYA RAVI PARIHAR,IND,0,8TH PASS,42,423000,230000
MADHYA PRADESH,HOSHANGABAD,BHAVANISHANKAR,PRAGATISHIL SAMAJWADI PARTY (LOHIA),1,5TH PASS,33,2242000,0
MADHYA PRADESH,HOSHANGABAD,DINESH KATARE,AMBEDKARITE PARTY OF INDIA,0,POST GRADUATE,32,,
MADHYA PRADESH,HOSHANGABAD,M.P. CHOUDHARY,BSP,0,POST GRADUATE,68,18320269,300000
MADHYA PRADESH,HOSHANGABAD,MADAN MOHAN,IND,0,POST GRADUATE,43,3051000,0
MADHYA PRADESH,HOSHANGABAD,PANDIT DEVENDRA SHARMA,SAPAKS PARTY,0,GRADUATE,31,,
MADHYA PRADESH,HOSHANGABAD,RAJESH KUMAR UIKEY,GONDVANA GANTANTRA PARTY,0,ILLITERATE,43,214500,30000
MADHYA PRADESH,HOSHANGABAD,SHAILENDRA,IND,0,GRADUATE,27,113546,0
MADHYA PRADESH,HOSHANGABAD,SHAILENDRA DIWAN CHANDARBHAN SINGH,INC,0,GRADUATE,39,15964904,1399664
MADHYA PRADESH,INDORE,SHANKAR LALWANI,BJP,2,GRADUATE PROFESSIONAL,57,,
MADHYA PRADESH,INDORE,AJMERA S PRAVEEN KUMAR,IND,0,POST GRADUATE,56,1122537,0
MADHYA PRADESH,INDORE,BHAVANA KISHORE SANGELIYA,JANATA CONGRESS,0,10TH PASS,32,145700,0
MADHYA PRADESH,INDORE,DEEPCHAND AHIRWAL,BSP,1,12TH PASS,53,,
MADHYA PRADESH,INDORE,DHEERAJ DUBEY PATRAKAR,SAPAKS PARTY,0,GRADUATE,50,18011827,0
MADHYA PRADESH,INDORE,DR. SANDEEP VASANTRAO KADWE,IND,0,DOCTORATE,51,57375133,0
MADHYA PRADESH,INDORE,HAJI MUSTAK ANSARI,IND,1,5TH PASS,62,,
MADHYA PRADESH,INDORE,IFTIKHAR AHMED KHAN,MINORITIES DEMOCRATIC PARTY,0,12TH PASS,32,116740,0
MADHYA PRADESH,INDORE,KAMLESH VAISHNAV,HINDUSTHAN NIRMAN DAL,0,POST GRADUATE,37,5281662,1872000
MADHYA PRADESH,INDORE,PANKAJ SANGHVI,INC,4,GRADUATE,58,251892330,51105911
MADHYA PRADESH,INDORE,PARMANAND TOLANI,IND,0,5TH PASS,59,2471000,0
MADHYA PRADESH,INDORE,PRAKASH VERMA,IND,0,8TH PASS,43,,
MADHYA PRADESH,INDORE,RAJENDRA AGRAWAL (RAJU),SOCIALIST PARTY (INDIA),0,12TH PASS,61,3630000,500000
MADHYA PRADESH,INDORE,RAJKARAN YADAV (TEEMAI),IND,0,8TH PASS,46,407666,0
MADHYA PRADESH,INDORE,RAMESH PATIL,IND,0,10TH PASS,49,,
MADHYA PRADESH,INDORE,RANJEET GOHAR,IND,0,12TH PASS,40,381000,0
MADHYA PRADESH,INDORE,SHAILENDRA SHARMA,IND,0,POST GRADUATE,40,943999,1800000
MADHYA PRADESH,INDORE,SHRI SURENDRA,IND,0,10TH PASS,39,162271,0
MADHYA PRADESH,INDORE,SRI IMRAN BAKSH,IND,0,12TH PASS,34,3538984,0
MADHYA PRADESH,JABALPUR,RAKESH SINGH,BJP,1,GRADUATE,56,43134351,1387000
MADHYA PRADESH,JABALPUR,AMJAD KHAN,IND,0,8TH PASS,38,217338,500000
MADHYA PRADESH,JABALPUR,ASHOK SINGH LODHI,IND,0,12TH PASS,55,2540000,320772
MADHYA PRADESH,JABALPUR,BHUSHAN PRASAD SHUKLA,BHARTIYA SHAKTI CHETNA PARTY,0,5TH PASS,57,,
MADHYA PRADESH,JABALPUR,CHANDRA PRAKASH BHATNAGAR,AARAKSHAN VIRODHI PARTY,0,GRADUATE PROFESSIONAL,56,2270519,0
MADHYA PRADESH,JABALPUR,DEVENDRA KUMAR YADAV,PRAGATISHIL SAMAJWADI PARTY (LOHIA),0,12TH PASS,35,340000,150000
MADHYA PRADESH,JABALPUR,DHANUK,IND,0,8TH PASS,50,,
MADHYA PRADESH,JABALPUR,DR. DHAI AKSHAR (RAKESH SONKAR),IND,0,GRADUATE,50,1425000,114423
MADHYA PRADESH,JABALPUR,ER. RUPRAM SINGH,IND,0,GRADUATE PROFESSIONAL,63,4048500,150000
MADHYA PRADESH,JABALPUR,KULDEEP AHIRWAR,RPI(A),0,8TH PASS,44,255500,0
MADHYA PRADESH,JABALPUR,LAKSHMINARAYAN JAGNNATH SINGH LODHI,IND,0,GRADUATE,63,1510000,0
MADHYA PRADESH,JABALPUR,MAHU SINGH,GONDVANA GANTANTRA PARTY,0,8TH PASS,43,,
MADHYA PRADESH,JABALPUR,RAKESH SINGH S/O BALJOR SINGH,IND,0,8TH PASS,30,31000,0
MADHYA PRADESH,JABALPUR,RAKESH SINGH S/O NATHURAM,IND,0,8TH PASS,45,,
MADHYA PRADESH,JABALPUR,RAMDAYAL PRAJAPAT,IND,0,12TH PASS,44,171100,300000
MADHYA PRADESH,JABALPUR,RAMRAJ RAM,BSP,0,POST GRADUATE,78,520000,0
MADHYA PRADESH,JABALPUR,SHREE LAL MARKAM(BADE SHRI),IND,0,8TH PASS,30,1002000,160000
MADHYA PRADESH,JABALPUR,SUKHDEV DAHIYA,BHARTIYA JAN SAMPARK PARTY,0,10TH PASS,56,75151,0
MADHYA PRADESH,JABALPUR,"VINAY KUMAR JAIN ""VINNU BHAIYA""",IND,0,12TH PASS,52,,
MADHYA PRADESH,JABALPUR,VIVEK KRISHNA TANKHA,INC,0,GRADUATE PROFESSIONAL,63,669118888,11015354
MADHYA PRADESH,KHAJURAHO,VISHNU DATT SHARMA,BJP,0,POST GRADUATE,49,10589334,2507176
MADHYA PRADESH,KHAJURAHO,ADVOCATE RAKESH KUMAR SHUKLA,AIFB,0,POST GRADUATE,52,14180097,0
MADHYA PRADESH,KHAJURAHO,ASHWANI KUMAR DUBEY,SARVODAYA BHARAT PARTY,0,DOCTORATE,48,2420200,0
MADHYA PRADESH,KHAJURAHO,BHOOPAT KUMAR,IND,0,GRADUATE,25,,
MADHYA PRADESH,KHAJURAHO,DESH PAL,AMBEDKARITE PARTY OF INDIA,0,POST GRADUATE,41,759925,960000
MADHYA PRADESH,KHAJURAHO,GIRIRAJ KISHOR,IND,0,GRADUATE,58,260117678,8698758
MADHYA PRADESH,KHAJURAHO,JAGDESH KUMAR PATEL,AKHIL BHARTIYA APNA DAL,0,12TH PASS,33,,
MADHYA PRADESH,KHAJURAHO,MAHARANI KAVITA SINGH NATIRAJA,INC,0,GRADUATE,39,73695721,2160104
MADHYA PRADESH,KHAJURAHO,MANISH MISHRA,RASHTRIYA AADARSH MEMBER PARTY,0,8TH PASS,34,920000,0
MADHYA PRADESH,KHAJURAHO,MOHAMMAD IMRAN,IND,0,GRADUATE PROFESSIONAL,35,1807000,0
MADHYA PRADESH,KHAJURAHO,NARENDRA,IND,0,GRADUATE,45,3708881,0
MADHYA PRADESH,KHAJURAHO,PARWAT SINGH,IND,0,8TH PASS,27,,
MADHYA PRADESH,KHAJURAHO,RAJKUMAR SHARMA,IND,0,GRADUATE,56,602000,0
MADHYA PRADESH,KHAJURAHO,SANT KUMAR SHARMA,SAMAGRA UTTHAN PARTY,0,POST GRADUATE,40,295474,70000
MADHYA PRADESH,KHAJURAHO,VEER SINGH PATEL,SP,8,12TH PASS,39,,
MADHYA PRADESH,KHAJURAHO,VINOD KUMAR,RASHTRIYA JANSANCHAR DAL,0,12TH PASS,31,1820000,0
MADHYA PRADESH,KHANDWA,NANDKUMAR SINGH CHOUHAN (NANDU BHAIYA),BJP,0,POST GRADUATE,66,19076515,4819099
MADHYA PRADESH,KHANDWA,AAKASH BIRLA,MADHYA PRADESH JAN VIKAS PARTY,0,12TH PASS,25,37390,0
MADHYA PRADESH,KHANDWA,ARUN SUBHASH CHANDRA YADAV,INC,0,GRADUATE,45,389536712,196853975
MADHYA PRADESH,KHANDWA,BABA ABDUL HAMEED,IND,0,LITERATE,75,,
MADHYA PRADESH,KHANDWA,BHAGWANSINGH PYARSINGH,IND,0,LITERATE,42,790000,4000
MADHYA PRADESH,KHANDWA,DARASINGH PATEL KHATVASHE,AKHIL BHARTIYA GONDWANA PARTY,0,8TH PASS,44,3307000,170000
MADHYA PRADESH,KHANDWA,DAYARAM KORKU (THAKUR DADA),BSP,0,10TH PASS,60,,
MADHYA PRADESH,KHANDWA,KISHOR YADAV,HINDUSTHAN NIRMAN DAL,0,5TH PASS,46,387737,66920
MADHYA PRADESH,KHANDWA,REENA DAMLE,PEOPLES PARTY OF INDIA (DEMOCRATIC),0,GRADUATE PROFESSIONAL,26,973500,1800000
MADHYA PRADESH,KHANDWA,RUKUM SHAH,ALL INDIA ULAMA CONGRESS,2,LITERATE,44,25000,0
BYE ELECTION ON 30-10-2021 : MADHYA PRADESH,KHANDWA,GYANESHWAR PATIL,BJP,1,12TH PASS,52,51831369,5747840
BYE ELECTION ON 30-10-2021 : MADHYA PRADESH,KHANDWA,CHETAN RATHORE,IND,0,OTHERS,27,131000,150000
BYE ELECTION ON 30-10-2021 : MADHYA PRADESH,KHANDWA,DARASINGH PATEL KHATAWASE,BHARTIYA TRIBAL PARTY,0,8TH PASS,46,3232000,250000
BYE ELECTION ON 30-10-2021 : MADHYA PRADESH,KHANDWA,DR. HARESINGH GURJAR,IND,0,GRADUATE PROFESSIONAL,46,,
BYE ELECTION ON 30-10-2021 : MADHYA PRADESH,KHANDWA,GOPAL SINGH SOLANKI,IND,0,GRADUATE,32,45000,0
BYE ELECTION ON 30-10-2021 : MADHYA PRADESH,KHANDWA,KAIPTAN BHOJRAJ,PEOPLES PARTY OF INDIA (DEMOCRATIC),0,5TH PASS,62,,
BYE ELECTION ON 30-10-2021 : MADHYA PRADESH,KHANDWA,MATHURA BAI PATEL,IND,0,8TH PASS,41,250000,0
BYE ELECTION ON 30-10-2021 : MADHYA PRADESH,KHANDWA,PARIXIT SINGH CHAUHAN,IND,0,12TH PASS,71,11468000,0
BYE ELECTION ON 30-10-2021 : MADHYA PRADESH,KHANDWA,RAMGOPAL MALVIYA,IND,0,12TH PASS,51,1682592,0
BYE ELECTION ON 30-10-2021 : MADHYA PRADESH,KHANDWA,SAIYAD RAFEEQ SAHAB,VANCHIT BAHUJAN AAGHADI,0,10TH PASS,38,451000,0
BYE ELECTION ON 30-10-2021 : MADHYA PRADESH,KHANDWA,SANGAM,IND,0,8TH PASS,40,,
BYE ELECTION ON 30-10-2021 : MADHYA PRADESH,KHANDWA,SHEKH JAKIR,IND,0,8TH PASS,50,100000,200000
BYE ELECTION ON 30-10-2021 : MADHYA PRADESH,KHANDWA,VIJAY BABULAL SALVE,IND,0,GRADUATE,50,1481590,1655000
BYE ELECTION ON 30-10-2021 : MADHYA PRADESH,KHANDWA,VIPIN SONI,IND,0,12TH PASS,38,,
BYE ELECTION ON 30-10-2021 : MADHYA PRADESH,KHANDWA,ZAHIR UDDIN,IND,4,GRADUATE PROFESSIONAL,44,378379,0
MADHYA PRADESH,KHARGONE,GAJENDRA UMRAO SINGH PATEL,BJP,0,GRADUATE PROFESSIONAL,43,67303990,1885020
MADHYA PRADESH,KHARGONE,AMIT KUMAR BALKE,BSP,0,12TH PASS,33,286000,22000
MADHYA PRADESH,KHARGONE,COMRADE JYOTI SUKHLAL GORE,CPI,0,8TH PASS,39,4430200,0
MADHYA PRADESH,KHARGONE,DR. GOVIND SUBHAN MUJALDA,INC,0,POST GRADUATE,55,,
MADHYA PRADESH,KHARGONE,JANI KARAN,IND,0,GRADUATE,41,1000,0
MADHYA PRADESH,KHARGONE,SEVANTI DINESH BHABAR,IND,0,GRADUATE,41,,
MADHYA PRADESH,KHARGONE,SHANTILAL S/O AASHARAM SAHITE,IND,0,12TH PASS,42,260324,100000
MADHYA PRADESH,MANDLA,FAGGAN SINGH KULASTE,BJP,0,POST GRADUATE,59,,
MADHYA PRADESH,MANDLA,ADVOCATE-DEVSINGH KUMRE,IND,0,POST GRADUATE,36,2443500,1000000
MADHYA PRADESH,MANDLA,AJEET DHURWEY,IND,0,POST GRADUATE,27,660050,0
MADHYA PRADESH,MANDLA,BHARAT SINGH POOSAM,IND,0,POST GRADUATE,40,,
MADHYA PRADESH,MANDLA,CHANDRA SINGH KUSHRAM,BHARTIYA SHAKTI CHETNA PARTY,0,12TH PASS,39,2120000,0
MADHYA PRADESH,MANDLA,DADA RAMGULAM UIKEY,GONDVANA GANTANTRA PARTY,0,8TH PASS,49,15377000,282000
MADHYA PRADESH,MANDLA,KAMAL SINGH MARAVI,INC,1,GRADUATE,58,3182853,0
MADHYA PRADESH,MANDLA,MANITA MARKAM,SMART INDIANS PARTY,0,12TH PASS,40,141600,0
MADHYA PRADESH,MANDLA,SANJEEV KUMAR PANDRAM,HINDUSTHAN NIRMAN DAL,0,GRADUATE,51,1863900,250000
MADHYA PRADESH,MANDSOUR,SUDHEER GUPTA,BJP,1,POST GRADUATE,59,,
MADHYA PRADESH,MANDSOUR,ADVOCATE BAPU SINGH GUJAR,HINDUSTHAN NIRMAN DAL,0,POST GRADUATE,40,6275178,65000
MADHYA PRADESH,MANDSOUR,FULCHAND PATIDAR,IND,0,GRADUATE,38,555284,0
MADHYA PRADESH,MANDSOUR,ISMAIL MEV,BAHUJAN MAHA PARTY,0,LITERATE,53,,
MADHYA PRADESH,MANDSOUR,MEENAKSHI CHOUHAN,NATIONAL WOMENS PARTY,0,GRADUATE,44,102105,121000
MADHYA PRADESH,MANDSOUR,MEENAKSHI NATARAJAN,INC,0,POST GRADUATE,45,6759260,0
MADHYA PRADESH,MANDSOUR,NANDLAL MEENA,IND,0,12TH PASS,43,,
MADHYA PRADESH,MANDSOUR,PRABHULAL MEGHWAL,BSP,0,10TH PASS,54,4542835,0
MADHYA PRADESH,MANDSOUR,PRAHLAD SINGH S. RAJPUT,IND,0,8TH PASS,48,253000,0
MADHYA PRADESH,MANDSOUR,SAEED AHMED SHABRARTI AHMED,IND,0,5TH PASS,65,7356193,0
MADHYA PRADESH,MANDSOUR,SHIVLAL GURJAR,SHS,2,5TH PASS,38,570800,0
MADHYA PRADESH,MANDSOUR,VIJAY RANN,IND,0,GRADUATE,54,164500000,0
MADHYA PRADESH,MORENA,NARENDRA SINGH TOMAR,BJP,1,GRADUATE,61,,
MADHYA PRADESH,MORENA,ASHOK RAJORIYA,VISHVA SHAKTI PARTY,0,GRADUATE,46,5441500,0
MADHYA PRADESH,MORENA,BAJUDDEEN BAJ,IND,1,ILLITERATE,80,2058044,0
MADHYA PRADESH,MORENA,BHANTE SANGH RATAN,BHARAT PRABHAT PARTY,0,LITERATE,48,,
MADHYA PRADESH,MORENA,DHARA SINGH,PRAGATISHIL SAMAJWADI PARTY (LOHIA),0,10TH PASS,42,1335000,0
MADHYA PRADESH,MORENA,DHEERAJ SINGH MAVAI,IND,0,12TH PASS,49,8086908,0
MADHYA PRADESH,MORENA,DR. RANDHIR SINGH RUHAL,RASHTRA NIRMAN PARTY,0,DOCTORATE,61,,
MADHYA PRADESH,MORENA,KARTAR SINGH BHADANA,BSP,5,8TH PASS,61,441032899,11599732
MADHYA PRADESH,MORENA,LAXMI BAGHEL,IND,0,GRADUATE,44,3800923,0
MADHYA PRADESH,MORENA,MUNNA,IND,2,12TH PASS,55,4135000,0
MADHYA PRADESH,MORENA,NARENDRA SINGH,REPUBLICAN PARTY OF INDIA (REFORMIST),0,POST GRADUATE,33,321450,0
MADHYA PRADESH,MORENA,PATIRAM SHAKYA,RPI(A),0,10TH PASS,43,1821000,90000
MADHYA PRADESH,MORENA,PAWAN KUMAR GOYAL,SWATANTRA JANTARAJ PARTY,2,POST GRADUATE,44,14474150,0
MADHYA PRADESH,MORENA,PRABHU SINGH,IND,0,12TH PASS,37,,
MADHYA PRADESH,MORENA,RAJESH SINGH BHADORIA,AKHAND RASHTRAWADI PARTY,0,12TH PASS,26,7846051,78000
MADHYA PRADESH,MORENA,RAJVEER,IND,0,GRADUATE,47,6916034,0
MADHYA PRADESH,MORENA,RAMNIWAS RAWAT,INC,1,POST GRADUATE,59,44669161,1052042
MADHYA PRADESH,MORENA,SANJU SHARMA,SHS,0,10TH PASS,34,778405,0
MADHYA PRADESH,MORENA,SONU AGRWAL,IND,0,10TH PASS,38,,
MADHYA PRADESH,MORENA,SUMIT MISHRA,IND,0,10TH PASS,43,110000,0
MADHYA PRADESH,MORENA,TEJPAL SINGH RAWAT,IND,0,LITERATE,30,3607000,0
MADHYA PRADESH,MORENA,TOFEEK KHAN,IND,0,GRADUATE,48,,
MADHYA PRADESH,MORENA,VIVEK,HINDUSTHAN NIRMAN DAL,0,GRADUATE,27,1019055,0
MADHYA PRADESH,RAJGARH,RODMAL NAGAR,BJP,0,GRADUATE,58,40198295,3921362
MADHYA PRADESH,RAJGARH,DIVYENDRA DUBEY ADVOCATE,IND,0,GRADUATE PROFESSIONAL,34,1520026,0
MADHYA PRADESH,RAJGARH,IMAMUDDIN KHAN,IND,0,GRADUATE,64,1312130,0
MADHYA PRADESH,RAJGARH,JAGDEESH SINGH PARMAR,SAMATA SAMADHAN PARTY,0,5TH PASS,58,,
MADHYA PRADESH,RAJGARH,MOHSIN,IND,0,8TH PASS,30,205000,0
MADHYA PRADESH,RAJGARH,MONA SUSTANI,INC,0,GRADUATE,50,23174475,5353782
MADHYA PRADESH,RAJGARH,MUKESH KUMAR DANGI,SHS,0,5TH PASS,29,,
MADHYA PRADESH,RAJGARH,PARVAT SINGH,AMBEDKARITE PARTY OF INDIA,0,POST GRADUATE,0,56000,0
MADHYA PRADESH,RAJGARH,SANTOSH RAO,IND,0,5TH PASS,40,245000,0
MADHYA PRADESH,RAJGARH,SUSHEEL KUMAR PRASAD,BHARTIYA AMRIT PARTY,1,DOCTORATE,60,150113500,22500000
MADHYA PRADESH,RATLAM,GUMAN SINGH DAMOR,BJP,0,GRADUATE PROFESSIONAL,62,42072262,4890940
MADHYA PRADESH,RATLAM,KAMLESHWAR BHIL,BHARTIYA TRIBAL PARTY,4,GRADUATE,28,62500,0
MADHYA PRADESH,RATLAM,KANTILAL BHURIA,INC,1,POST GRADUATE,68,,
MADHYA PRADESH,RATLAM,KATARA RUKHAMAN SINGH,BAHUJAN MUKTI PARTY,0,GRADUATE PROFESSIONAL,34,1561615,0
MADHYA PRADESH,RATLAM,MADHU SINGH PATEL(CHOUHAN),BSP,0,10TH PASS,39,152000,0
MADHYA PRADESH,RATLAM,NILESH DAMOR,IND,0,GRADUATE,25,,
MADHYA PRADESH,RATLAM,RANGLA-KALESH,IND,0,GRADUATE,28,20161,0
MADHYA PRADESH,RATLAM,SURAJ BHABHAR,ALL INDIA HINDUSTAN CONGRESS PARTY,0,GRADUATE,26,172000,0
MADHYA PRADESH,REWA,JANARDAN PRASAD MISHRA,BJP,0,GRADUATE PROFESSIONAL,62,20359750,580627
MADHYA PRADESH,REWA,AKHILESH SAKET,IND,0,GRADUATE PROFESSIONAL,38,10300267,194963
MADHYA PRADESH,REWA,ARUN KUMAR,SHRI JANTA PARTY,2,12TH PASS,45,55000,0
MADHYA PRADESH,REWA,ARUN KUMAR SATNAMI,BAHUJAN MUKTI PARTY,0,POST GRADUATE,35,,
MADHYA PRADESH,REWA,BABULAL KOL,ADHIKAR VIKAS PARTY,0,8TH PASS,42,1200,0
MADHYA PRADESH,REWA,BADRIPRASAD,AKHIL BHARTIYA APNA DAL,0,12TH PASS,63,1180000,0
MADHYA PRADESH,REWA,BRAHM DATTA MISHRA,IND,2,12TH PASS,56,,
MADHYA PRADESH,REWA,CHHOTU KOL,JAN SAMMAN PARTY,0,8TH PASS,32,10225,0
MADHYA PRADESH,REWA,DEVENDRA KUMAR,IND,0,12TH PASS,48,5947000,0
MADHYA PRADESH,REWA,RAM GOPAL SINGH,PEOPLES PARTY OF INDIA (DEMOCRATIC),1,GRADUATE,57,10712938,0
MADHYA PRADESH,REWA,RAM KALESH SAKET,IND,0,POST GRADUATE,33,,
MADHYA PRADESH,REWA,REETA TRIPATHI,BHARTIYA SHAKTI CHETNA PARTY,0,12TH PASS,38,1700000,0
MADHYA PRADESH,REWA,SANAT KUMAR,IND,0,10TH PASS,42,385783,0
MADHYA PRADESH,REWA,SHAKUNTALA,SAPAKS PARTY,0,POST GRADUATE,53,,
MADHYA PRADESH,REWA,SHIVKUMAR MISHRA,SAMAGRA UTTHAN PARTY,0,12TH PASS,50,350500,0
MADHYA PRADESH,REWA,SIDDHARTH TIWARI,INC,0,GRADUATE PROFESSIONAL,36,30182893,1325755
MADHYA PRADESH,REWA,SUBHRANSHU DWIVEDI,KISAN PARTY OF INDIA,0,POST GRADUATE,41,631000,180000
MADHYA PRADESH,REWA,SUNIT KUMAR PANDEY,AARAKSHAN VIRODHI PARTY,1,POST GRADUATE,28,210000,0
MADHYA PRADESH,REWA,SUSHIL KUMAR MISHRA,IND,0,POST GRADUATE,51,,
MADHYA PRADESH,REWA,VIKASH KUMAR,BSP,0,GRADUATE,36,15156991,3100000
MADHYA PRADESH,SAGAR,RAJBAHADUR SINGH,BJP,1,POST GRADUATE,51,16416828,547428
MADHYA PRADESH,SAGAR,DEVENDRA JAIN,IND,0,8TH PASS,73,4799000,200000
MADHYA PRADESH,SAGAR,KAMAL KUMAR KHATIK,PRAGATISHIL SAMAJWADI PARTY (LOHIA),0,12TH PASS,63,2203000,0
MADHYA PRADESH,SAGAR,KANCHEDILAL KUSHWAHA,IND,0,8TH PASS,43,,
MADHYA PRADESH,SAGAR,"MAHENDRA SINGH PATEL ""BARUAL""",IND,0,8TH PASS,51,1050000,0
MADHYA PRADESH,SAGAR,MOH. KHURRAM QURESHI,IND,0,12TH PASS,52,14465000,494340
MADHYA PRADESH,SAGAR,PRABHU SINGH THAKUR,INC,0,POST GRADUATE,65,,
MADHYA PRADESH,SAGAR,RAJKUMAR YADAV,BSP,0,12TH PASS,47,4225000,300000
MADHYA PRADESH,SAGAR,VINAY KUMAR SEN,BHARTIYA SHAKTI CHETNA PARTY,0,12TH PASS,39,1775711,160000
MADHYA PRADESH,SATNA,GANESH SINGH,BJP,2,POST GRADUATE,56,41719076,0
MADHYA PRADESH,SATNA,ACCHE LAL KUSHAWAHA,BSP,2,8TH PASS,63,24846270,746000
MADHYA PRADESH,SATNA,ASHOK VISHWAKARMA,IND,0,8TH PASS,47,722500,0
MADHYA PRADESH,SATNA,BABU LAL,IND,0,10TH PASS,36,,
MADHYA PRADESH,SATNA,DR SURESH TRIPATHI,IND,0,GRADUATE PROFESSIONAL,62,16638328,900000
MADHYA PRADESH,SATNA,MAHENDRA SINGH,BHARTIYA SHAKTI CHETNA PARTY,0,8TH PASS,69,,
MADHYA PRADESH,SATNA,"MAHESH SAHU ""PAPPU""",AKHIL BHARAT HINDU MAHASABHA,0,5TH PASS,52,4057018,0
MADHYA PRADESH,SATNA,MANORAJ DWIVEDI,JANATA CONGRESS,0,10TH PASS,41,4755000,0
MADHYA PRADESH,SATNA,MUNNI KRANTI,IND,0,LITERATE,54,2619000,0
MADHYA PRADESH,SATNA,NAND KISHORE,PEOPLES PARTY OF INDIA (DEMOCRATIC),0,12TH PASS,40,2200000,0
MADHYA PRADESH,SATNA,NASIR KHAN,IND,0,5TH PASS,66,,
MADHYA PRADESH,SATNA,RAJARAM TRIPATHI,INC,0,12TH PASS,66,150375545,18844623
MADHYA PRADESH,SATNA,RAJENDRA TRIPATHI,BHARATIYA JAN MORCHA PARTY,0,GRADUATE PROFESSIONAL,52,129500,0
MADHYA PRADESH,SATNA,RAM NIVAS SEN,RPI(A),0,8TH PASS,58,,
MADHYA PRADESH,SATNA,RAM VISHWASH PAL,RASHTRIYA SAMAJ PAKSHA,0,8TH PASS,52,1382000,0
MADHYA PRADESH,SATNA,RAMKUSHAL KEWAT,BHARTIYA MANAV SAMAJ PARTY,0,8TH PASS,42,3114765,0
MADHYA PRADESH,SATNA,SHASHANK SINGH BAGHEL,SAPAKS PARTY,0,GRADUATE,26,233985,0
MADHYA PRADESH,SATNA,SURENDRA PRASAD PANDEY,IND,0,OTHERS,68,3112401,63000
MADHYA PRADESH,SATNA,VIPIN SINGH TIWARI,SMART INDIANS PARTY,0,12TH PASS,35,,
MADHYA PRADESH,SHAHDOL,HIMADRI SINGH,BJP,0,GRADUATE,32,,
MADHYA PRADESH,SHAHDOL,DURGA MOSI,IND,0,LITERATE,30,300000,0
MADHYA PRADESH,SHAHDOL,GOKUL SINGH,IND,0,ILLITERATE,42,50000,0
MADHYA PRADESH,SHAHDOL,JHAMAKLAL,IND,0,5TH PASS,67,50000,0
MADHYA PRADESH,SHAHDOL,KAMLA PRASAD BAIGA,BHARTIYA SHAKTI CHETNA PARTY,0,10TH PASS,37,30828,42000
MADHYA PRADESH,SHAHDOL,KESHKALI,CPI,0,12TH PASS,31,,
MADHYA PRADESH,SHAHDOL,LAKSHYAPAT SINGH,PEOPLES PARTY OF INDIA (DEMOCRATIC),0,10TH PASS,48,590000,0
MADHYA PRADESH,SHAHDOL,MANNA SINGH,IND,0,5TH PASS,60,2321842,0
MADHYA PRADESH,SHAHDOL,MOHADAL,BSP,0,10TH PASS,65,826000,0
MADHYA PRADESH,SHAHDOL,NARAYAN SINGH UIKE,IND,0,5TH PASS,33,170000,0
MADHYA PRADESH,SHAHDOL,PRAMILA SINGH,INC,0,POST GRADUATE,50,,
MADHYA PRADESH,SHAHDOL,VIMAL SINGH KORCHE,GONDVANA GANTANTRA PARTY,0,10TH PASS,27,932000,0
MADHYA PRADESH,SIDHI,RITI PATHAK,BJP,0,POST GRADUATE,41,,
MADHYA PRADESH,SIDHI,AJAY ARJUN SINGH,INC,2,POST GRADUATE,63,375482525,4000000
MADHYA PRADESH,SIDHI,ANUP KUMAR SINGH,SAMAGRA UTTHAN PARTY,0,POST GRADUATE,41,2835000,2042700
MADHYA PRADESH,SIDHI,ASHISH KUMAR SINGH CHAUHAN,SHS,0,12TH PASS,35,,
MADHYA PRADESH,SIDHI,DHARMENDRA SINGH BAGHEL,IND,0,GRADUATE PROFESSIONAL,37,11771500,0
MADHYA PRADESH,SIDHI,DILEEP,IND,0,GRADUATE,34,45000,0
MADHYA PRADESH,SIDHI,FATTE BAHADUR SINGH MARKAM,GONDVANA GANTANTRA PARTY,0,POST GRADUATE,63,,
MADHYA PRADESH,SIDHI,GYANI JAISWAL,IND,0,8TH PASS,35,1026900,0
MADHYA PRADESH,SIDHI,LALAN,IND,0,8TH PASS,40,1823,0
MADHYA PRADESH,SIDHI,NIRMALA PRAJAPATI,AKHIL BHARTIYA GONDWANA PARTY,0,LITERATE,45,8419799,55000
MADHYA PRADESH,SIDHI,RAKESH,IND,0,POST GRADUATE,44,10128000,0
MADHYA PRADESH,SIDHI,RAM DAS,PEOPLES PARTY OF INDIA (DEMOCRATIC),0,10TH PASS,65,,
MADHYA PRADESH,SIDHI,RAM KRIPAL BASOR,RPI(A),0,ILLITERATE,41,220250,0
MADHYA PRADESH,SIDHI,RAM LAL PANIKA,BSP,0,12TH PASS,48,30814000,0
MADHYA PRADESH,SIDHI,RAM RAHEES KOL,CPI(ML) RED STAR,0,12TH PASS,40,,
MADHYA PRADESH,SIDHI,RAMADHAR,SAPAKS PARTY,0,5TH PASS,58,447600,0
MADHYA PRADESH,SIDHI,RAMAWATAR VISHWAKARMA,IND,1,5TH PASS,63,2080600,550000
MADHYA PRADESH,SIDHI,RAMRAJ,IND,0,POST GRADUATE,0,13737000,0
MADHYA PRADESH,SIDHI,RAMSAHAY,IND,0,LITERATE,49,6134,0
MADHYA PRADESH,SIDHI,SANJAY KUMAR NAMDEO,CPI,4,10TH PASS,42,1176000,0
MADHYA PRADESH,SIDHI,SHYAM LAL,BHARTIYA SHAKTI CHETNA PARTY,0,12TH PASS,47,10268000,300000
MADHYA PRADESH,TIKAMGARH,VIRENDRA KUMAR,BJP,0,DOCTORATE,65,21503766,1974216
MADHYA PRADESH,TIKAMGARH,AHIRWAR SHRIPAT SHIKSHAK,POORVANCHAL RASHTRIYA CONGRESS,0,12TH PASS,47,917000,0
MADHYA PRADESH,TIKAMGARH,JITENDRA BANSHKAR,IND,0,10TH PASS,33,170000,0
MADHYA PRADESH,TIKAMGARH,KAMTA PRASAD,PRAGATISHIL SAMAJWADI PARTY (LOHIA),0,POST GRADUATE,51,,
MADHYA PRADESH,TIKAMGARH,KIRAN SINGH AHIRWAR,INC,0,POST GRADUATE,47,36507983,2500000
MADHYA PRADESH,TIKAMGARH,NANDRAM PRAJAPATI,ADARSH NYAY RAKSHAK PARTY,0,POST GRADUATE,48,1225800,0
MADHYA PRADESH,TIKAMGARH,NARAYAN DAS JATAV,MADHYA PRADESH JAN VIKAS PARTY,0,12TH PASS,4,,
MADHYA PRADESH,TIKAMGARH,PRAMOD PRAJAPATI,IND,0,12TH PASS,30,26163,0
MADHYA PRADESH,TIKAMGARH,R.B. PRAJAPATI ADVOCATE,IND,0,GRADUATE PROFESSIONAL,39,414000,0
MADHYA PRADESH,TIKAMGARH,SHOBHA VALMIKI,IND,0,GRADUATE,72,2146000,28000
MADHYA PRADESH,TIKAMGARH,SHRIRAM NAGAR,SAPAKS PARTY,0,POST GRADUATE,59,670000,590000
MADHYA PRADESH,TIKAMGARH,SURESH KUMAR KORI,IND,0,5TH PASS,52,,
MADHYA PRADESH,TIKAMGARH,SURJEET CHADAR,BHARTIYA SHAKTI CHETNA PARTY,0,5TH PASS,33,45000,0
MADHYA PRADESH,UJJAIN,ANIL FIROJIYA,BJP,0,12TH PASS,47,26417937,3203766
MADHYA PRADESH,UJJAIN,AMBARAM PARMAR CHANDRAVANSHI,IND,0,8TH PASS,72,4016303,0
MADHYA PRADESH,UJJAIN,BABULAL MALVIYA,INC,1,5TH PASS,56,,
MADHYA PRADESH,UJJAIN,BANESINGH PARMAR,IND,0,5TH PASS,39,109326,94341
MADHYA PRADESH,UJJAIN,DR. SAGAR SOLANKI,IND,0,GRADUATE,38,923000,87000
MADHYA PRADESH,UJJAIN,MAHESH MARMAT,SHS,1,8TH PASS,38,,
MADHYA PRADESH,UJJAIN,RAMCHANDRA PARMAR,BAHUJAN MUKTI PARTY,1,10TH PASS,61,1260081,0
MADHYA PRADESH,UJJAIN,SATISH PARMAR,BSP,0,12TH PASS,45,5813661,1050000
MADHYA PRADESH,VIDISHA,RAMAKANT BHARGAVA,BJP,0,12TH PASS,66,30032282,3332012
MADHYA PRADESH,VIDISHA,ANIL MALVIYA PATRAKAR,IND,0,POST GRADUATE,33,1970453,432101
MADHYA PRADESH,VIDISHA,DEVENDRA SINGH CHOUHAN,IND,0,GRADUATE,41,33443000,1390000
MADHYA PRADESH,VIDISHA,GEETAWALI ER. P.S. AHIRWAR,BSP,0,GRADUATE,51,,
MADHYA PRADESH,VIDISHA,MADAN LAL BHADORIYA,PRAJATANTRIK SAMADHAN PARTY,0,12TH PASS,47,652000,0
MADHYA PRADESH,VIDISHA,MAHANT PRATAP GIRI,IND,0,LITERATE,38,300000,0
MADHYA PRADESH,VIDISHA,MO. TALAT KHAN,IND,0,12TH PASS,48,,
MADHYA PRADESH,VIDISHA,NAVEEN JATAV,IND,0,10TH PASS,32,3313000,700000
MADHYA PRADESH,VIDISHA,SHAILENDRA KUMAR,IND,0,12TH PASS,40,6716000,0
MADHYA PRADESH,VIDISHA,SHAILENDRA RAMESHCHANDRA PATEL,INC,0,POST GRADUATE,43,130523815,1677179
MADHYA PRADESH,VIDISHA,SUDHIR KUMAR,IND,0,GRADUATE,52,,
MADHYA PRADESH,VIDISHA,VIVEK,IND,0,GRADUATE,37,208519,20000
MAHARASHTRA,AHMEDNAGAR,SUJAY RADHAKRISHNA VIKHE,BJP,0,DOCTORATE,37,168664576,2623964
MAHARASHTRA,AHMEDNAGAR,APPASAHEB NAVNATH PALVE,IND,0,GRADUATE PROFESSIONAL,32,130000,115000
MAHARASHTRA,AHMEDNAGAR,BHASKAR FAKIRA PATOLE,IND,0,10TH PASS,38,290540,0
MAHARASHTRA,AHMEDNAGAR,DATTATRAYA APPA WAGHMODE,IND,0,5TH PASS,50,,
MAHARASHTRA,AHMEDNAGAR,DHIRAJ MOTILAL BATADE,RIGHT TO RECALL PARTY,0,12TH PASS,31,22000,0
MAHARASHTRA,AHMEDNAGAR,FARUKH ISMAIL SHAIKH,BHARATIYA PRAJA SURAJYA PAKSHA,0,8TH PASS,36,1792478,560000
MAHARASHTRA,AHMEDNAGAR,KALIRAM BAHIRU POPALGHAT,BHARTIYA NAVJAWAN SENA (PAKSHA),0,10TH PASS,67,,
MAHARASHTRA,AHMEDNAGAR,KAMAL DASHRATH SAWANT,IND,1,GRADUATE PROFESSIONAL,61,21164925,1504720
MAHARASHTRA,AHMEDNAGAR,RAMNATH GAHININATH GOLHAR,IND,0,12TH PASS,54,66085000,28000000
MAHARASHTRA,AHMEDNAGAR,SANDIP LAXMAN SAKAT,IND,1,10TH PASS,38,24600,0
MAHARASHTRA,AHMEDNAGAR,SANGRAM ARUNKAKA JAGTAP,NCP,1,GRADUATE,34,94488381,32549132
MAHARASHTRA,AHMEDNAGAR,SANJAY DAGDU SAWANT,BAHUJAN MUKTI PARTY,0,5TH PASS,25,,
MAHARASHTRA,AHMEDNAGAR,SANJIV BABAN BHOR,IND,10,OTHERS,44,10811146,3222409
MAHARASHTRA,AHMEDNAGAR,SHAIKH ABID MOHAMMAD HANIF,IND,0,12TH PASS,46,337684,804254
MAHARASHTRA,AHMEDNAGAR,SHRIDHAR JAKHUJI DAREKAR,IND,0,GRADUATE,64,,
MAHARASHTRA,AHMEDNAGAR,SUDHAKAR LAXMAN AVHAD,VANCHIT BAHUJAN AAGHADI,0,GRADUATE,62,13949000,1400000
MAHARASHTRA,AHMEDNAGAR,WAKALE NAMDEO ARJUN,BSP,0,GRADUATE PROFESSIONAL,51,180749234,250000
MAHARASHTRA,AKOLA,SANJAY SHAMRAO DHOTRE,BJP,1,GRADUATE PROFESSIONAL,60,77153230,14985774
MAHARASHTRA,AKOLA,AMBEDKAR PRAKASH YASHWANT,VANCHIT BAHUJAN AAGHADI,0,GRADUATE PROFESSIONAL,64,58722916,0
MAHARASHTRA,AKOLA,ARUN KANKAR WANKHEDE,PEOPLES PARTY OF INDIA (DEMOCRATIC),0,10TH PASS,63,7335000,125000
MAHARASHTRA,AKOLA,ARUN MANOHAR THAKARE,IND,0,10TH PASS,61,,
MAHARASHTRA,AKOLA,GAJANAN ONKAR HARNE,IND,0,12TH PASS,50,4270000,0
MAHARASHTRA,AKOLA,HIDAYATULLA BARAKATULLA PATEL,INC,1,10TH PASS,60,14947292,483635
MAHARASHTRA,AKOLA,KAMBLE BHANUDAS CHOKHOBA,BSP,0,12TH PASS,50,,
MAHARASHTRA,AKOLA,MURLIDHAR LALSINGH PAWAR,IND,0,POST GRADUATE,60,4771400,0
MAHARASHTRA,AKOLA,PRAVIN CHANDRAKANT KAURPURIYA,IND,0,GRADUATE PROFESSIONAL,44,540000,0
MAHARASHTRA,AKOLA,SAU. PRAVINA LAXMAN BHATKAR,BAHUJAN MUKTI PARTY,0,GRADUATE PROFESSIONAL,58,16726329,1200000
MAHARASHTRA,AMRAVATI,NAVNEET RAVI RANA,IND,1,10TH PASS,33,124554656,70576979
MAHARASHTRA,AMRAVATI,AMBADAS SHAMRAO WANKHADE,IND,0,8TH PASS,49,879500,0
MAHARASHTRA,AMRAVATI,ANANDRAO VITHOBA ADSUL,SHS,2,GRADUATE,71,44015877,8545894
MAHARASHTRA,AMRAVATI,ANIL NAMDEVRAO JAMNEKAR,IND,0,12TH PASS,54,,
MAHARASHTRA,AMRAVATI,ARUN MOTIRAMJI WANKHADE,BSP,3,12TH PASS,56,338097138,6600000
MAHARASHTRA,AMRAVATI,DNYANESHWAR KASHIRAO MANKAR,IND,0,10TH PASS,57,701417,0
MAHARASHTRA,AMRAVATI,GADE VINOD MILIND,AMBEDKARIST REPUBLICAN PARTY,0,12TH PASS,41,,
MAHARASHTRA,AMRAVATI,GUNAVANT DEOPARE,VANCHIT BAHUJAN AAGHADI,2,OTHERS,47,351944996,79139288
MAHARASHTRA,AMRAVATI,KURWADE MEENAKSHI SOMESHWAR,IND,0,8TH PASS,38,7130500,250000
MAHARASHTRA,AMRAVATI,NILESH ANANDRAO PATIL,AMBEDKARITE PARTY OF INDIA,0,12TH PASS,44,599000,0
MAHARASHTRA,AMRAVATI,NILIMA NITIN BHATKAR,PEOPLES PARTY OF INDIA (DEMOCRATIC),0,GRADUATE PROFESSIONAL,44,,
MAHARASHTRA,AMRAVATI,PANCHSHILA VIJAY MOHOD,BAHUJAN MUKTI PARTY,0,GRADUATE,59,5452000,400000
MAHARASHTRA,AMRAVATI,PANKAJ LILADHAR MESHRAM,IND,0,GRADUATE,47,2625300,0
MAHARASHTRA,AMRAVATI,PRAMOD LAXMAN MESHRAM,IND,0,POST GRADUATE,43,,
MAHARASHTRA,AMRAVATI,PRAVIN MAHADEO SARODE,IND,0,12TH PASS,31,15000,0
MAHARASHTRA,AMRAVATI,RAHULBHAU LAXMANRAO MOHOD,IND,1,8TH PASS,44,2700000,225500
MAHARASHTRA,AMRAVATI,RAJU SHAMRAOJI MANKAR,IND,0,5TH PASS,52,212100,0
MAHARASHTRA,AMRAVATI,SANJAY HIRAMANJI ATHWALE,BAHUJAN MAHA PARTY,1,12TH PASS,55,1292000,130000
MAHARASHTRA,AMRAVATI,SHRIKANT ULHAS RAIBOLE,IND,0,GRADUATE,32,,
MAHARASHTRA,AMRAVATI,SONONE RAJU MAHADEO,IND,0,GRADUATE,48,6177000,0
MAHARASHTRA,AMRAVATI,VIJAY YASHVANT VILHEKAR,IND,0,OTHERS,61,28391641,144625
MAHARASHTRA,AMRAVATI,VILAS SHESHRAO THORAT,IND,0,12TH PASS,51,,
MAHARASHTRA,AURANGABAD,IMTIAZ JALEEL SYED,AIMIM,4,POST GRADUATE,50,,
MAHARASHTRA,AURANGABAD,ARVIND KISANRAO KAMBLE,BAHUJAN REPUBLICAN SOCIALIST PARTY,0,GRADUATE,27,75000,0
MAHARASHTRA,AURANGABAD,DIPALI LALAJI MISAL,BAHUJAN MUKTI PARTY,0,POST GRADUATE,26,260000,1180000
MAHARASHTRA,AURANGABAD,FULARE SURESH ASARAM,IND,2,12TH PASS,38,,
MAHARASHTRA,AURANGABAD,HABIB GAYAS SHAIKH,AMBEDKAR NATIONAL CONGRESS,0,10TH PASS,53,295000,6000
MAHARASHTRA,AURANGABAD,HARSHWARDHANDADA RAIBHANJI JADHAV,IND,2,GRADUATE,41,123952399,11017453
MAHARASHTRA,AURANGABAD,JAGAN BABURAO SALVE,IND,0,POST GRADUATE,42,13000,150000
MAHARASHTRA,AURANGABAD,JAYA BALU RAJKUNDAL,BSP,0,POST GRADUATE,54,5225000,0
MAHARASHTRA,AURANGABAD,KHAN AEJAZ AHEMAD,IND,1,12TH PASS,44,1028150,0
MAHARASHTRA,AURANGABAD,KUNJBIHARI JUGALKISHOR AGRAWAL,PRAGATISHIL SAMAJWADI PARTY (LOHIA),5,GRADUATE,60,39193159,6174351
MAHARASHTRA,AURANGABAD,KURANGAL SANJAY BABURAO,IND,0,10TH PASS,48,,
MAHARASHTRA,AURANGABAD,MADHUKAR BANSI MAGARE,PEOPLES PARTY OF INDIA (DEMOCRATIC),0,GRADUATE,62,9211318,2440135
MAHARASHTRA,AURANGABAD,MAHAMAD JAKIR ABDUL KADAR,BHARAT PRABHAT PARTY,0,12TH PASS,43,229500,0
MAHARASHTRA,AURANGABAD,MOHAMMAD MOHASIN,NAVBHARAT NIRMAN PARTY,0,10TH PASS,29,,
MAHARASHTRA,AURANGABAD,RAVINDRA BHANUDAS KALE,IND,0,10TH PASS,39,917481,0
MAHARASHTRA,AURANGABAD,SANGITA KALYANRAO NIRMAL,IND,0,OTHERS,42,565000,29000
MAHARASHTRA,AURANGABAD,SHAIKH NADIM SHAIKH KARIM,BAHUJAN MAHA PARTY,0,12TH PASS,45,4100000,0
MAHARASHTRA,AURANGABAD,SUBHASH KISANRAO PATIL,MAHARASHTRA SWABHIMAAN PAKSH,2,GRADUATE,57,23789960,4839442
MAHARASHTRA,AURANGABAD,TRIBHUVAN MADHUKAR PADMAKAR,IND,0,12TH PASS,51,,
MAHARASHTRA,AURANGABAD,UTTAM DHANU RATHOD,AASRA LOKMANCH PARTY,0,10TH PASS,65,257559,65536
MAHARASHTRA,AURANGABAD,ZAMBAD SUBHASH MANAKCHAND,INC,0,12TH PASS,56,339452909,198464347
MAHARASHTRA,BARAMATI,SUPRIYA SADANAND SULE,NCP,0,GRADUATE,49,1408888704,5500000
MAHARASHTRA,BARAMATI,ADV.GIRISH MADAN PATIL,IND,0,GRADUATE,35,550000,0
MAHARASHTRA,BARAMATI,ALANKRUTA ABHIJEET AWADE-BICHUKALE,IND,0,POST GRADUATE,39,442102,0
MAHARASHTRA,BARAMATI,DASHRATH NANA RAUT,BHARATIYA PRAJA SURAJYA PAKSHA,0,8TH PASS,58,,
MAHARASHTRA,BARAMATI,DEEPAK SHANTARAM WATVISAVE,IND,0,DOCTORATE,45,51484500,2690000
MAHARASHTRA,BARAMATI,DR. BALASAHEB ARJUN POL,IND,3,GRADUATE PROFESSIONAL,47,204055,283000
MAHARASHTRA,BARAMATI,HEMANT BABURAO KOLEKAR PATIL,IND,1,8TH PASS,48,,
MAHARASHTRA,BARAMATI,KANCHAN RAHUL KUL,BJP,0,GRADUATE,34,47572790,2250279
MAHARASHTRA,BARAMATI,MANGESH NILKANTH VANSHIV,BSP,0,POST GRADUATE,41,5775000,0
MAHARASHTRA,BARAMATI,SANJAY SHINDE,BAHUJAN MUKTI PARTY,0,12TH PASS,38,35722,15000
MAHARASHTRA,BARAMATI,SAVITA BHIMRAO KADALE,HINDUSTAN JANTA PARTY,0,LITERATE,35,3350000,0
MAHARASHTRA,BARAMATI,SHIVAJI RAMBHAU NANDKHILE,IND,2,ILLITERATE,54,,
MAHARASHTRA,BARAMATI,SURESH BABURAO VEER,IND,0,10TH PASS,72,3694590,138000
MAHARASHTRA,BARAMATI,ULHAS MUGUT CHORMALE,IND,0,10TH PASS,46,,
MAHARASHTRA,BARAMATI,VIJAYNATH RAMCHANDRA CHANDERE,IND,0,POST GRADUATE,40,3732391,105775
MAHARASHTRA,BARAMATI,VISHVANATH SITARAM GARGADE,IND,0,10TH PASS,57,161600,75000
MAHARASHTRA,BEED,PRITAM GOPINATHRAO MUNDE,BJP,1,POST GRADUATE,36,167477926,98833794
MAHARASHTRA,BEED,ADV. SHARAD BAHINAJI KAMBLE,IND,0,POST GRADUATE,39,180000,0
MAHARASHTRA,BEED,ANWAR KHAN MIRZA KHAN,IND,5,GRADUATE,38,60000,0
MAHARASHTRA,BEED,ASHOK BHAGOJI THORAT,HUM BHARTIYA PARTY,0,8TH PASS,37,,
MAHARASHTRA,BEED,BAJARANG MANOHAR SONWANE,NCP,1,GRADUATE,48,160776182,8488691
MAHARASHTRA,BEED,BAJRANG DIGAMBAR SONWANE,IND,0,LITERATE,68,1208541,13500
MAHARASHTRA,BEED,CHAVAN SAMPAT RAMSING,IND,1,POST GRADUATE,57,,
MAHARASHTRA,BEED,GALEBKHAN JABBARKHAN PATHAN,IND,0,5TH PASS,50,20000,0
MAHARASHTRA,BEED,GANESH NAVNATHRAO KARANDE,MAHARASHTRA KRANTI SENA,0,POST GRADUATE,33,235000,0
MAHARASHTRA,BEED,JAMIR BASHIR SHAIKH,IND,0,10TH PASS,40,220000,0
MAHARASHTRA,BEED,JUBER MUNSHI KURESHI,IND,0,LITERATE,40,1350000,0
MAHARASHTRA,BEED,KALIDAS PANDHARINATH AAPET,IND,1,12TH PASS,52,,
MAHARASHTRA,BEED,KALYAN BHANUDAS GURAV,BHARATIYA PRAJA SURAJYA PAKSHA,0,12TH PASS,73,50000,0
MAHARASHTRA,BEED,KHAN MAJHAR HABIB,IND,0,8TH PASS,44,1712000,150000
MAHARASHTRA,BEED,KOLEKAR GANESH BHAUSAHEB,IND,0,12TH PASS,32,,
MAHARASHTRA,BEED,MUJEEB NAIMODDIN INAMDAR,IND,0,10TH PASS,30,56000,0
MAHARASHTRA,BEED,NISAR AHEMAD,IND,0,10TH PASS,62,220000,0
MAHARASHTRA,BEED,PATHAN MUSAKHAN YUNUSKHAN,IND,0,GRADUATE,46,616000,16000
MAHARASHTRA,BEED,PATHAN SARFARZKHAN MAHETABKHAN,IND,0,10TH PASS,33,51000,0
MAHARASHTRA,BEED,PATIL YASHASHRI PRAMOD,IND,0,12TH PASS,27,,
MAHARASHTRA,BEED,RAJESHKUMAR ANNASAHEB BHADGALE,IND,0,12TH PASS,39,67000,0
MAHARASHTRA,BEED,RAMESH RAMKISAN GAVHANE,DALIT SOSHIT PICHHARA VARG ADHIKAR DAL,0,12TH PASS,25,,
MAHARASHTRA,BEED,SADEK MUNIRODDIN SHAIKH,BAHUJAN REPUBLICAN SOCIALIST PARTY,0,OTHERS,31,373000,0
MAHARASHTRA,BEED,SAJAN RAEES CHAODHRI,IND,0,5TH PASS,29,130000,0
MAHARASHTRA,BEED,SAYYAD MINHAJ,IND,0,12TH PASS,44,880000,105000
MAHARASHTRA,BEED,SHAIKH SADEK SHAIKH IBRAHIM,IND,0,8TH PASS,35,445500,107800
MAHARASHTRA,BEED,SHAIKH YASHED SHAIKH TAYYAB,IND,0,GRADUATE PROFESSIONAL,33,,
MAHARASHTRA,BEED,SHINDE CHANDRAPRAKASH GANPATRAO,AMBEDKARITE PARTY OF INDIA,0,10TH PASS,63,1945137,0
MAHARASHTRA,BEED,SHIVAJI NARAYNRAO KAWATHEKAR,IND,0,10TH PASS,55,,200000
MAHARASHTRA,BEED,TUKARAM VYANKATI CHATE,IND,0,5TH PASS,64,,
MAHARASHTRA,BEED,VEER SHESHERAO CHOKHOBA,IND,0,GRADUATE,58,,0
MAHARASHTRA,BEED,VIJAY RANGNATH SALVE,IND,0,GRADUATE,46,211614,0
MAHARASHTRA,BHANDARA GONDIYA,SUNIL BABURAO MENDHE,BJP,2,OTHERS,50,,
MAHARASHTRA,BHANDARA GONDIYA,BHIMRAO DURYODHAN BORKAR,PEOPLES PARTY OF INDIA (DEMOCRATIC),0,POST GRADUATE,67,61036926,383856
MAHARASHTRA,BHANDARA GONDIYA,DEVIDAS SANTUJI LANJEWAR,IND,0,GRADUATE,61,4780376,0
MAHARASHTRA,BHANDARA GONDIYA,DR. SUNIL SAMPAT CHAWALE,IND,0,DOCTORATE,50,,
MAHARASHTRA,BHANDARA GONDIYA,DR. VIJAYA RAJESH NANDURKAR,BSP,0,GRADUATE PROFESSIONAL,37,36343297,3616000
MAHARASHTRA,BHANDARA GONDIYA,GAJBHIYE PRAMOD HIRAMAN,IND,2,GRADUATE,46,113000,0
MAHARASHTRA,BHANDARA GONDIYA,KALCHURI NILESH,IND,0,10TH PASS,45,,
MAHARASHTRA,BHANDARA GONDIYA,MARASKOLHE BHOJRAJ ISULAL,BHARTIYA SHAKTI CHETNA PARTY,0,8TH PASS,47,820000,0
MAHARASHTRA,BHANDARA GONDIYA,NANA JAIRAM,NCP,0,10TH PASS,64,57462818,2050134
MAHARASHTRA,BHANDARA GONDIYA,PATLE RAJENDRA SAHASRAM,IND,2,OTHERS,56,32513000,7500000
MAHARASHTRA,BHANDARA GONDIYA,SUHAS ANIL FUNDE,IND,0,POST GRADUATE,29,150000,0
MAHARASHTRA,BHIWANDI,KAPIL MORESHWAR PATIL,BJP,0,GRADUATE,58,418850781,5645459
MAHARASHTRA,BHIWANDI,ANSARI MUMTAZ ABDUL SATTAR,BAHUJAN REPUBLICAN SOCIALIST PARTY,0,8TH PASS,44,776000,0
MAHARASHTRA,BHIWANDI,ARUN DAMODAR SAVANT,VANCHIT BAHUJAN AAGHADI,0,DOCTORATE,69,50883853,0
MAHARASHTRA,BHIWANDI,BALARAM VITTHAL MHATRE,IND,0,LITERATE,57,,
MAHARASHTRA,BHIWANDI,DR. NOORUDDIN NIZAM ANSARI,SP,1,GRADUATE PROFESSIONAL,44,223828092,0
MAHARASHTRA,BHIWANDI,ENGINEER NAVID BETAB,IND,0,GRADUATE,41,510275000,0
MAHARASHTRA,BHIWANDI,FEROZ ABDURRAHIM SHAIKH,JAN ADHIKAR PARTY,0,GRADUATE PROFESSIONAL,46,,
MAHARASHTRA,BHIWANDI,KAPIL JAYHIND PATIL,IND,0,8TH PASS,35,1592197,175000
MAHARASHTRA,BHIWANDI,KISHOR RAMBHAUJI KINKAR,BHARAT PRABHAT PARTY,1,GRADUATE,48,14553801,500000
MAHARASHTRA,BHIWANDI,KU. NITESH RAGHUNATH JADHAV,IND,2,12TH PASS,27,834000,0
MAHARASHTRA,BHIWANDI,SANJAY GANAPAT WAGH,BHARTIYA TRIBAL PARTY,0,12TH PASS,28,,
MAHARASHTRA,BHIWANDI,SHR. DEEPAK PANDHARINATH KHAMBEKAR,IND,0,10TH PASS,53,1947893,0
MAHARASHTRA,BHIWANDI,SUHAS DHANANJAY BONDE,IND,1,12TH PASS,47,72595476,2767246
MAHARASHTRA,BHIWANDI,TAWARE SURESH KASHINATH,INC,1,12TH PASS,62,,
MAHARASHTRA,BULDHANA,PRATAPRAO GANPATRAO JADHAV,SHS,3,12TH PASS,58,116272966,735482
MAHARASHTRA,BULDHANA,A. HAFEEZ A. AZIZ,BSP,0,12TH PASS,39,1166769,700000
MAHARASHTRA,BULDHANA,ANANTA DATTA PURI,IND,0,10TH PASS,34,1699000,40000
MAHARASHTRA,BULDHANA,BALIRAM BHAGWAN SIRASKAR,VANCHIT BAHUJAN AAGHADI,2,8TH PASS,57,,
MAHARASHTRA,BULDHANA,DINKAR TUKARAM SAMBARE,IND,0,10TH PASS,66,31962000,0
MAHARASHTRA,BULDHANA,DR. RAJENDRA BHASKARRAV SHINGNE,NCP,1,GRADUATE PROFESSIONAL,58,95350365,21940000
MAHARASHTRA,BULDHANA,GAJANAN UTTAM SHANTABAI,IND,0,10TH PASS,38,,
MAHARASHTRA,BULDHANA,PRATAP PANDHARINATH PATIL,BAHUJAN MUKTI PARTY,0,8TH PASS,50,4996000,0
MAHARASHTRA,BULDHANA,VIKAS PRAKASH NANDVE,IND,1,12TH PASS,27,,0
MAHARASHTRA,BULDHANA,WAMANRAO GANPATRAO AKHARE,IND,0,5TH PASS,62,3525622,0
MAHARASHTRA,CHANDRAPUR,DHANORKAR SURESH NARAYAN,INC,5,12TH PASS,43,137455342,22752880
MAHARASHTRA,CHANDRAPUR,AHIR HANSRAJ GANGARAMJI,BJP,0,10TH PASS,64,18300860,45386
MAHARASHTRA,CHANDRAPUR,ARVIND NANAJI RAUT,IND,1,10TH PASS,59,6367803,1501577
MAHARASHTRA,CHANDRAPUR,DASHRATH PANDURANG MADAVI,BAHUJAN REPUBLICAN SOCIALIST PARTY,0,GRADUATE,60,,
MAHARASHTRA,CHANDRAPUR,GAUTAM GANPAT NAGRALE,BAHUJAN MUKTI PARTY,0,GRADUATE,58,5581000,202010
MAHARASHTRA,CHANDRAPUR,MADHUKAR VITHAL NISTANE,"PROUTIST BLOC, INDIA",1,GRADUATE,54,,
MAHARASHTRA,CHANDRAPUR,MILIND PRALHAD DAHIWALE,IND,0,10TH PASS,39,407500,0
MAHARASHTRA,CHANDRAPUR,NAMDEO KESHAO KINNAKE,IND,0,5TH PASS,61,3155000,300000
MAHARASHTRA,CHANDRAPUR,NITESH ANANDRAO DONGRE,AMBEDKARITE PARTY OF INDIA,0,12TH PASS,33,124000,125000
MAHARASHTRA,CHANDRAPUR,RAJENDRA KRISHNARAO HAJARE,IND,0,GRADUATE,54,,0
MAHARASHTRA,CHANDRAPUR,RAJENDRA SHRIRAMJI MAHADOLE,VANCHIT BAHUJAN AAGHADI,2,GRADUATE PROFESSIONAL,48,,
MAHARASHTRA,CHANDRAPUR,SUSHIL WASNIK,BSP,0,12TH PASS,54,10485000,20000
MAHARASHTRA,DHULE,SUBHASH RAMRAO BHAMRE,BJP,2,POST GRADUATE,66,158651112,1000000
MAHARASHTRA,DHULE,ANIL ANNA,LOKSANGRAM,8,10TH PASS,70,33766982,28126960
MAHARASHTRA,DHULE,ANIL RAMDAS JADHAV,BALIRAJA PARTY,1,10TH PASS,25,117000,0
MAHARASHTRA,DHULE,BHAMRE SUBHASH SHANKAR,IND,0,10TH PASS,48,,
MAHARASHTRA,DHULE,DHIRAJ PRAKASH CHORADIYA,IND,0,GRADUATE PROFESSIONAL,65,1380636,0
MAHARASHTRA,DHULE,DILIP BHAIDAS PATIL,BAHUJAN MUKTI PARTY,0,12TH PASS,48,1579000,0
MAHARASHTRA,DHULE,DINESH PUNAMCHAND KOLI,IND,0,OTHERS,29,,
MAHARASHTRA,DHULE,DIPAK KHANDU AMRUTKAR,IND,0,8TH PASS,44,3950446,0
MAHARASHTRA,DHULE,DNYANESHWAR BALIRAM DHEKALE,IND,0,8TH PASS,42,1290000,550000
MAHARASHTRA,DHULE,IRFAN MO ISAHAK,IND,0,POST GRADUATE,30,475000,0
MAHARASHTRA,DHULE,KASMI KAMAL HASHIM MOHAMMAD AAJMI,IND,0,OTHERS,50,53556808,0
MAHARASHTRA,DHULE,KUNAL ROHIDAS PATIL,INC,1,GRADUATE,45,,
MAHARASHTRA,DHULE,MERAJ BI HUSAIN KHAN,IND,0,5TH PASS,49,730000,0
MAHARASHTRA,DHULE,MEVATI HEENA YUSUFBHAI,BHARTIYA KISAN PARTY,0,GRADUATE,45,75000,0
MAHARASHTRA,DHULE,MO. ISMAIL ANSARI,BHARATIYA MINORITIES SURAKSHA MAHASANGH,0,GRADUATE,57,,
MAHARASHTRA,DHULE,MOHAMMED RIZWAN MOHAMMED AKBAR,IND,3,LITERATE,45,2972522,0
MAHARASHTRA,DHULE,NABI AHAMAD AHMADULLA,VANCHIT BAHUJAN AAGHADI,1,5TH PASS,46,117652383,0
MAHARASHTRA,DHULE,NASIM KHAN RAUF KHAN,IND,0,5TH PASS,38,390000,0
MAHARASHTRA,DHULE,NITIN BABURAO KHARE,IND,0,POST GRADUATE,33,135000,0
MAHARASHTRA,DHULE,PANDHARINATH CHAITRAM MORE,BHARTIYA TRIBAL PARTY,0,POST GRADUATE,36,,
MAHARASHTRA,DHULE,PINJARI JAINUDDIN HUSAIN,BAHUJAN MAHA PARTY,1,10TH PASS,38,778020,380000
MAHARASHTRA,DHULE,SALIM KASAM PINJARI,IND,0,8TH PASS,56,6025000,0
MAHARASHTRA,DHULE,SANJAY YASHWANT APARANTI,BSP,0,POST GRADUATE,59,,
MAHARASHTRA,DHULE,SITARAM BHAGA WAGH,BAHUJAN REPUBLICAN SOCIALIST PARTY,0,12TH PASS,47,1230000,450000
MAHARASHTRA,DHULE,TAHER SATTAR KHATIK,RASHTRIYA MARATHA PARTY,0,GRADUATE,49,67252185,200000
MAHARASHTRA,DINDORI,BHARTI PAWAR,BJP,0,GRADUATE PROFESSIONAL,40,,
MAHARASHTRA,DINDORI,ASHOK JADHAV,BSP,0,GRADUATE PROFESSIONAL,46,3123759,1477024
MAHARASHTRA,DINDORI,BAPU KELU BARDE,VANCHIT BAHUJAN AAGHADI,0,10TH PASS,53,3360369,220000
MAHARASHTRA,DINDORI,DADASAHEB PAWAR,RASHTRIYA MARATHA PARTY,0,10TH PASS,30,103000,104500
MAHARASHTRA,DINDORI,DATTU BARDE,BHARTIYA TRIBAL PARTY,0,GRADUATE,54,224000,0
MAHARASHTRA,DINDORI,DHANRAJ MAHALE,NCP,1,12TH PASS,44,,
MAHARASHTRA,DINDORI,GAVIT JIVA,CPI(M),7,GRADUATE,70,22228892,683365
MAHARASHTRA,DINDORI,TIKARAM BAGUL,IND,0,POST GRADUATE,65,29971003,0
MAHARASHTRA,GADCHIROLI CHIMUR,ASHOK MAHADEVRAO NETE,BJP,0,12TH PASS,55,50136369,15682840
MAHARASHTRA,GADCHIROLI CHIMUR,DEORAO MONBA NANNAWARE,AMBEDKARITE PARTY OF INDIA,0,GRADUATE PROFESSIONAL,59,4892338,550000
MAHARASHTRA,GADCHIROLI CHIMUR,HARICHANDRA NAGOJI MANGAM,BSP,0,12TH PASS,44,,
MAHARASHTRA,GADCHIROLI CHIMUR,NAMDEO DALLUJI USENDI,INC,0,POST GRADUATE,48,16211186,2153155
MAHARASHTRA,GADCHIROLI CHIMUR,RAMESHKUMAR BABURAOJI GAJBE,VANCHIT BAHUJAN AAGHADI,0,POST GRADUATE,66,10709012,600000
MAHARASHTRA,HATKANANGLE,DHAIRYASHIL SAMBHAJIRAO MANE,SHS,0,GRADUATE,38,47771462,41599959
MAHARASHTRA,HATKANANGLE,AITAWADE VIDYASAGAR DEVAPPA,IND,0,LITERATE,73,160000,0
MAHARASHTRA,HATKANANGLE,AJAY PRAKASH KURANE,BSP,0,GRADUATE,44,3515450,0
MAHARASHTRA,HATKANANGLE,ANANDRAO VASANTRAO SARNAIK (FOUJI BAPU),IND,0,8TH PASS,58,,
MAHARASHTRA,HATKANANGLE,ASLAM BADSHAHAJI SAYYAD,VANCHIT BAHUJAN AAGHADI,0,5TH PASS,56,23211678,3782280
MAHARASHTRA,HATKANANGLE,DR. NITIN UDAL BHAT,IND,0,GRADUATE PROFESSIONAL,34,,
MAHARASHTRA,HATKANANGLE,DR.PRASHANT DNYANESHWAR GANGAVANE,BAHUJAN REPUBLICAN SOCIALIST PARTY,1,DOCTORATE,36,62448988,95000
MAHARASHTRA,HATKANANGLE,KAMBLE VISHWAS ANANDA,IND,0,GRADUATE,53,762500,0
MAHARASHTRA,HATKANANGLE,MADAN VAJIR SARDAR,BAHUJAN MUKTI PARTY,0,10TH PASS,40,646000,0
MAHARASHTRA,HATKANANGLE,MAHADEV JAGANNATH JAGADALE,IND,0,10TH PASS,35,127200,88000
MAHARASHTRA,HATKANANGLE,PATIL RAGHUNATH RAMCHANDRA,IND,9,GRADUATE PROFESSIONAL,68,,
MAHARASHTRA,HATKANANGLE,RAJU MUJIKRAO SHETTY,BAHUJAN MAHA PARTY,0,10TH PASS,67,4236134,0
MAHARASHTRA,HATKANANGLE,SANGRAMSINH JAYSINGRAO GAIKWAD,IND,0,GRADUATE,61,2790155,0
MAHARASHTRA,HATKANANGLE,SANJAY GHANSHYAM AGRAWAL,IND,0,12TH PASS,49,,
MAHARASHTRA,HATKANANGLE,SHETTY RAJU ANNA,SWABHIMANI PAKSHA,15,10TH PASS,51,24421392,774059
MAHARASHTRA,HATKANANGLE,VIJAY BHAGWAN CHOUGULE,IND,0,10TH PASS,42,3245678,100000
MAHARASHTRA,HINGOLI,PATIL HEMANT SHRIRAM,SHS,0,GRADUATE,48,,
MAHARASHTRA,HINGOLI,ABDUL KADIR MASTAN SAYYED,IND,0,8TH PASS,45,700000,0
MAHARASHTRA,HINGOLI,ALTAF AHMED,IUML,0,GRADUATE,48,6726405,580000
MAHARASHTRA,HINGOLI,ASADKHAN MOHAMMEDKHAN,BAHUJAN REPUBLICAN SOCIALIST PARTY,0,LITERATE,57,,
MAHARASHTRA,HINGOLI,DEVJI GANGARAM ASOLE,IND,0,5TH PASS,65,128000,0
MAHARASHTRA,HINGOLI,DR. DHANVE DATTA MAROTI,BSP,2,GRADUATE PROFESSIONAL,60,33048000,0
MAHARASHTRA,HINGOLI,GAJANAN HARIBHAU BHALERAO,IND,3,10TH PASS,36,,
MAHARASHTRA,HINGOLI,JAYWANTA VISHWAMBHAR WANOLE,IND,3,POST GRADUATE,34,1244000,0
MAHARASHTRA,HINGOLI,KAMBLE TRISHALA MILIND,IND,0,12TH PASS,37,2892431,474321
MAHARASHTRA,HINGOLI,MAROTRAO KANHOBARAO HUKKE PATIL,IND,0,GRADUATE PROFESSIONAL,43,2250000,48000
MAHARASHTRA,HINGOLI,MOHAN FATTUSING RATHOD,VANCHIT BAHUJAN AAGHADI,0,POST GRADUATE,60,11050000,800000
MAHARASHTRA,HINGOLI,PATRAKAR P SATTAR KHAN KASIM KHA,IND,0,12TH PASS,54,300000,0
MAHARASHTRA,HINGOLI,PRAKASH VITTHALRAO GHUNNAR,IND,0,OTHERS,60,10397000,300000
MAHARASHTRA,HINGOLI,SANDESH RAMCHANDRA CHAVAN,IND,0,POST GRADUATE,44,,
MAHARASHTRA,HINGOLI,SANDIP NIKHATE,IND,0,GRADUATE,35,1155000,0
MAHARASHTRA,HINGOLI,SANTOSH MAROTI BOINWAD,IND,0,8TH PASS,37,1309000,0
MAHARASHTRA,HINGOLI,SUBHASH MAROTI WANKHEDE,IND,0,LITERATE,55,2221000,100000
MAHARASHTRA,HINGOLI,SUBHASH NAGORAO WANKHEDE,HUM BHARTIYA PARTY,0,5TH PASS,58,1538900,100000
MAHARASHTRA,HINGOLI,SUBHASH PARASRAM WANKHEDE,BAHUJAN MAHA PARTY,0,LITERATE,59,,
MAHARASHTRA,HINGOLI,SUBHASH VITTHAL WANKHEDE,IND,0,8TH PASS,48,2121000,0
MAHARASHTRA,HINGOLI,SUNIL DASHRATH INGOLE,IND,1,8TH PASS,38,198000,0
MAHARASHTRA,HINGOLI,UTTAM BHAGAJI KAMBLE,PRABUDDHA REPUBLICAN PARTY,0,POST GRADUATE,51,,
MAHARASHTRA,HINGOLI,UTTAM MAROTI DHABE,AKHAND HIND PARTY,0,ILLITERATE,70,,0
MAHARASHTRA,HINGOLI,VARSHA SHIVAJIRAO DEVSARKAR,BAHUJAN MUKTI PARTY,1,10TH PASS,41,20194509,3991000
MAHARASHTRA,HINGOLI,WASANT KISAN PAIKRAO,IND,0,GRADUATE PROFESSIONAL,59,23560000,260000
MAHARASHTRA,JALGAON,UNMESH BHAIYYASAHEB PATIL,BJP,1,GRADUATE PROFESSIONAL,41,12324604,2529954
MAHARASHTRA,JALGAON,ANANT PRABHAKAR MAHAJAN,IND,0,GRADUATE,36,1062696,0
MAHARASHTRA,JALGAON,ANJALI RATNAKAR BAVISKAR,VANCHIT BAHUJAN AAGHADI,0,GRADUATE,50,20388746,3665000
MAHARASHTRA,JALGAON,GULABRAO BABURAO DEOKAR,NCP,2,10TH PASS,63,,
MAHARASHTRA,JALGAON,ISHWAR DAYARAM MORE,BAHUJAN MUKTI PARTY,2,GRADUATE,54,8625000,1000000
MAHARASHTRA,JALGAON,LALIT GAURISHANKAR SHARMA (BUNTY),IND,0,10TH PASS,34,2322463,0
MAHARASHTRA,JALGAON,MOHAN SHANKAR BIRHADE,RASHTRIYA SAMAJWADI PARTY (SECULAR),0,10TH PASS,53,,
MAHARASHTRA,JALGAON,MUKESH RAJESH KURIL,IND,0,GRADUATE,38,571087,38984
MAHARASHTRA,JALGAON,ONKARABA CHENSING JADHAV,IND,0,12TH PASS,56,143000,0
MAHARASHTRA,JALGAON,SANCHETI RUPESH PARASMAL,IND,0,GRADUATE PROFESSIONAL,40,892000,30000
MAHARASHTRA,JALGAON,SANT SHRI MAHAHANSAJI MAHARAJ PATIL,HINDUSTHAN NIRMAN DAL,3,8TH PASS,43,1102452,0
MAHARASHTRA,JALGAON,SHARAD GORAKH BHAMRE (SUTAR),RASHTRIYA JANSHAKTI PARTY (SECULAR),0,5TH PASS,32,,
MAHARASHTRA,JALGAON,SUBHASH SHIVLAL KHAIRNAR,IND,0,GRADUATE,64,2020000,0
MAHARASHTRA,JALNA,DANVE RAOSAHEB DADARAO,BJP,2,GRADUATE,65,229557992,2400000
MAHARASHTRA,JALNA,ADV. YOGESH DATTU GULLAPELLI,IND,0,POST GRADUATE,29,408188,0
MAHARASHTRA,JALNA,AHEMAD RAHIM SHAIKH,IND,0,12TH PASS,49,,0
MAHARASHTRA,JALNA,ANITA LALCHAND KHANDADE (RAJPUT),IND,0,10TH PASS,38,,
MAHARASHTRA,JALNA,ANNASAHEB DEVIDASRAO UGALE,IND,0,ILLITERATE,51,474300,0
MAHARASHTRA,JALNA,ARUN CHINTAMAN CHAVHAN,IND,0,GRADUATE,32,58100,0
MAHARASHTRA,JALNA,AUTADE VILAS KESHAVRAO,INC,3,12TH PASS,50,,
MAHARASHTRA,JALNA,FEROZ ALI,BAHUJAN MUKTI PARTY,0,10TH PASS,59,100000,0
MAHARASHTRA,JALNA,MAHENDRA KACHARU SONWANE,BSP,0,10TH PASS,39,10357300,2200000
MAHARASHTRA,JALNA,NADE DNYANESHWAR DAGDUJI,IND,1,8TH PASS,52,135000,0
MAHARASHTRA,JALNA,PRAMOD BABURAO KHARAT,BAHUJAN REPUBLICAN SOCIALIST PARTY,0,8TH PASS,49,,
MAHARASHTRA,JALNA,RAJU ASHOK GAWALI,IND,0,12TH PASS,30,756334,0
MAHARASHTRA,JALNA,RATAN AASARAM LANDGE,IND,0,ILLITERATE,39,126000,0
MAHARASHTRA,JALNA,SAPKAL LILABAI DHARMA,RASHTRIYA MAHILA PARTY,0,ILLITERATE,55,,
MAHARASHTRA,JALNA,SHAHADEV MAHADEV PALVE,IND,1,GRADUATE,35,457602,0
MAHARASHTRA,JALNA,SHARADCHANDRA GANPATRAO WANKHEDE,VANCHIT BAHUJAN AAGHADI,2,POST GRADUATE,65,23282500,0
MAHARASHTRA,JALNA,TRIMABAK BABURAO JADHAV,SWATANTRA BHARAT PAKSHA,0,GRADUATE PROFESSIONAL,64,17352944,3248000
MAHARASHTRA,JALNA,UTTAM DHANU RATHOD,AASRA LOKMANCH PARTY,0,10TH PASS,65,257559,65536
MAHARASHTRA,KALYAN,DR. SHRIKANT EKNATH SHINDE,SHS,1,POST GRADUATE,32,19616515,1241233
MAHARASHTRA,KALYAN,AJAYSHYAM RAMLAKHAN MAURYA,IND,0,8TH PASS,47,7411000,0
MAHARASHTRA,KALYAN,AMRISH RAJ MORAJKAR,IND,0,OTHERS,33,377489,100000
MAHARASHTRA,KALYAN,ASMITA PUSHKAR PURANIK,IND,1,OTHERS,40,,
MAHARASHTRA,KALYAN,BABAJI BALARAM PATIL,NCP,1,10TH PASS,52,421863127,3587200
MAHARASHTRA,KALYAN,CHANDRAKANT MOTE,IND,0,10TH PASS,57,11406293,3242933
MAHARASHTRA,KALYAN,DINKAR RANGNATH PALAKE,IND,0,5TH PASS,64,,
MAHARASHTRA,KALYAN,DR. SURESH ABHIMAN GAWAI,BHARAT PRABHAT PARTY,0,GRADUATE PROFESSIONAL,50,12092643,1500000
MAHARASHTRA,KALYAN,HABIBUR REHAMAN OBBADUR KHAN,PEACE PARTY,0,10TH PASS,59,5887500,0
MAHARASHTRA,KALYAN,HARESH SAMBHAJI BRAMHANE,BAHUJAN REPUBLICAN SOCIALIST PARTY,0,12TH PASS,43,61800,0
MAHARASHTRA,KALYAN,JAFARULLAH GULAM RAB SAYYAD,IND,0,POST GRADUATE,36,,
MAHARASHTRA,KALYAN,MILIND KASHINATH KAMBLE,BHARAT JAN AADHAR PARTY,0,GRADUATE,35,2892431,474321
MAHARASHTRA,KALYAN,MOHD. YUSUF MOHD. FAROOK KHAN,IND,0,8TH PASS,40,279000,0
MAHARASHTRA,KALYAN,MUNIR AHMAD ANSARI,IUML,1,8TH PASS,45,,
MAHARASHTRA,KALYAN,NAFIS AHAMAD ANSARI,IND,0,8TH PASS,42,863000,218304
MAHARASHTRA,KALYAN,NARENDRA VAMAN MORE,IND,0,GRADUATE,55,9700000,0
MAHARASHTRA,KALYAN,SANJAY RAMRAO HEDAOO,VANCHIT BAHUJAN AAGHADI,3,12TH PASS,54,260000,814407
MAHARASHTRA,KALYAN,SANTOSH BHIKAJI BHALERAO,AMBEDKARITE PARTY OF INDIA,0,POST GRADUATE,41,15031500,2222000
MAHARASHTRA,KALYAN,SHIVA KRISHNAMURTHY IYER,IND,1,POST GRADUATE,57,,
MAHARASHTRA,KALYAN,SONALI ASHOK GANGAVANE,IND,0,12TH PASS,34,572515,0
MAHARASHTRA,KALYAN,SUHAS DHANANJAY BONDE,IND,1,12TH PASS,47,72595476,2767246
MAHARASHTRA,KALYAN,VASIM ALI NAZIR ALI SAYYED,IND,3,GRADUATE,40,,
MAHARASHTRA,KALYAN,VINAY DUBEY,IND,3,12TH PASS,33,2214355,0
MAHARASHTRA,KALYAN,VINOD MANOHAR SALVE,BHARTIYA KISAN PARTY,0,5TH PASS,45,17997,0
MAHARASHTRA,KOLHAPUR,SANJAY SADASHIVRAO MANDLIK,SHS,0,POST GRADUATE,54,95171892,10580414
MAHARASHTRA,KOLHAPUR,ARUNA MOHAN MALI,VANCHIT BAHUJAN AAGHADI,1,DOCTORATE,37,964227,0
MAHARASHTRA,KOLHAPUR,BAJIRAO SADASHIV NAIK,IND,2,12TH PASS,39,570000,300000
MAHARASHTRA,KOLHAPUR,DAYANAND MARUTI KAMBLE,BAHUJAN REPUBLICAN SOCIALIST PARTY,0,12TH PASS,47,,
MAHARASHTRA,KOLHAPUR,DHANANJAY MAHADIK,NCP,4,GRADUATE,47,663140000,135455000
MAHARASHTRA,KOLHAPUR,DUNDAPPA KUNDAPPA SHRIKANT SIR,BSP,0,POST GRADUATE,68,1232317,250000
MAHARASHTRA,KOLHAPUR,KISAN KERABA KATKAR,BALIRAJA PARTY,0,10TH PASS,64,,
MAHARASHTRA,KOLHAPUR,MANE ARVIND BHIVA,IND,0,12TH PASS,51,862900,1100000
MAHARASHTRA,KOLHAPUR,MULLA MUSHTAK AJIJ,IND,0,12TH PASS,48,99500,40000
MAHARASHTRA,KOLHAPUR,RAJENDRA BALASO KOLI (GALATAGE),IND,0,5TH PASS,55,114000,0
MAHARASHTRA,KOLHAPUR,SANDEEP BHAIRAVNATH KOGALE,IND,0,POST GRADUATE,33,3774357,109000
MAHARASHTRA,KOLHAPUR,SANDEEP GUNDOPANT SANKPAL,IND,0,10TH PASS,38,,
MAHARASHTRA,KOLHAPUR,SIDDHARTH ABASO NAGARATNA,BAHUJAN MUKTI PARTY,0,12TH PASS,49,3250200,0
MAHARASHTRA,KOLHAPUR,YUVRAJ BHIMRAO DESAI,IND,0,POST GRADUATE,35,,
MAHARASHTRA,LATUR,SUDHAKAR TUKARAM SHRANGARE,BJP,0,10TH PASS,57,286478302,100250602
MAHARASHTRA,LATUR,ARUN RAMRAO SONTAKKE,BAHUJAN REPUBLICAN SOCIALIST PARTY,0,12TH PASS,60,360000,0
MAHARASHTRA,LATUR,DATTU PRABHAKAR KARANJIKAR,BAHUJAN MUKTI PARTY,0,12TH PASS,40,3785000,0
MAHARASHTRA,LATUR,KAMANT MACHINDRA GUNAJI,INC,0,POST GRADUATE,59,,
MAHARASHTRA,LATUR,MADHUKAR SAMBHAJI KAMBLE,IND,0,GRADUATE,65,7178804,0
MAHARASHTRA,LATUR,PAPITA RAOSAHEB RANDIVE,IND,0,12TH PASS,37,,200000
MAHARASHTRA,LATUR,RAMESH NIVRATI KAMBALE,IND,0,5TH PASS,48,,
MAHARASHTRA,LATUR,RAMRAO GARKAR,VANCHIT BAHUJAN AAGHADI,0,POST GRADUATE,59,14323873,540000
MAHARASHTRA,LATUR,RUPESH SHAMRAO SHANKE,SWATANTRA BHARAT PAKSHA,0,12TH PASS,26,260000,18000
MAHARASHTRA,MADHA,RANJEETSINHA HINDURAO NAIK NIMBALKAR,BJP,2,12TH PASS,42,1275160578,896315287
MAHARASHTRA,MADHA,AAPPA AABA LOKARE,BSP,0,8TH PASS,48,9790000,0
MAHARASHTRA,MADHA,ADV. SACHIN BHASKAR JORE,IND,3,OTHERS,36,5626000,1565000
MAHARASHTRA,MADHA,ADV. VIJAYANAND SHANKARRAO SHINDE,IND,0,GRADUATE PROFESSIONAL,62,,
MAHARASHTRA,MADHA,AJINATH LAXMAN KEVATE,IND,0,POST GRADUATE,46,1964870,165856
MAHARASHTRA,MADHA,AJINKYA AAKARAM SALUNKHE,IND,0,POST GRADUATE,27,50000,0
MAHARASHTRA,MADHA,ANNASO SUKHADEV MASKE,IND,2,OTHERS,53,,
MAHARASHTRA,MADHA,AWARE SIDDHESHWAR BHARAT,IND,3,12TH PASS,27,886370,0
MAHARASHTRA,MADHA,BRAMHAKUMARI PRAMILABEN,AKHIL BHARTIYA EKATA PARTY,3,10TH PASS,58,2856000,0
MAHARASHTRA,MADHA,DAULAT UMAJI SHITOLE,IND,0,LITERATE,43,62512874,112981121
MAHARASHTRA,MADHA,DILIP RAMCHANDRA JADHAV,IND,0,10TH PASS,50,1224000,320000
MAHARASHTRA,MADHA,MARUTI SHIVRAM KESKAR,BAHUJAN AZAD PARTY,1,GRADUATE PROFESSIONAL,63,,
MAHARASHTRA,MADHA,MOHAN VISHNU RAUT,IND,3,12TH PASS,35,1592565,854841
MAHARASHTRA,MADHA,NANASAHEB RAMHARI YADAV,BHARATIYA PRAJA SURAJYA PAKSHA,0,10TH PASS,39,2957500,1522000
MAHARASHTRA,MADHA,NANDU SAMBHAJI MORE,IND,2,12TH PASS,46,,
MAHARASHTRA,MADHA,NAVNATH BHIMRAO PATIL,HINDUSTHAN PRAJA PAKSHA,2,GRADUATE,32,9327127,185000
MAHARASHTRA,MADHA,RAMCHANDRA MAYYAPPA GHUTUKADE,BAHUJAN REPUBLICAN SOCIALIST PARTY,0,GRADUATE PROFESSIONAL,27,239250,0
MAHARASHTRA,MADHA,ROHIT MORE,IND,0,GRADUATE PROFESSIONAL,37,4431500,3600000
MAHARASHTRA,MADHA,SACHIN DNYANESHWAR PADALKAR,IND,0,8TH PASS,30,,
MAHARASHTRA,MADHA,SANDIP JANARADHAN KHARAT,IND,0,12TH PASS,39,1000000,50000
MAHARASHTRA,MADHA,SANDIP VITTHAL POL,IND,0,12TH PASS,46,2722865,0
MAHARASHTRA,MADHA,SANJAYMAMA VITTALRAO SHINDE,NCP,1,GRADUATE,50,,
MAHARASHTRA,MADHA,SANTOSH BALASAHEB BICHUKALE,IND,0,POST GRADUATE,33,6232500,220300
MAHARASHTRA,MADHA,SAVITA ANKUSH AIWLE,IND,0,8TH PASS,40,657950,0
MAHARASHTRA,MADHA,SUNIL GUNDA JADHAV,BAHUJAN MUKTI PARTY,0,8TH PASS,37,267452,430000
MAHARASHTRA,MADHA,VIJAYRAJ BALASAHEB MANE DESHMUKH,IND,0,OTHERS,27,116400,70000
MAHARASHTRA,MADHA,VIJAYRAO MORE,VANCHIT BAHUJAN AAGHADI,1,GRADUATE PROFESSIONAL,78,,
MAHARASHTRA,MADHA,VISHVAMBHAR NARAYAN KASHID,IND,2,GRADUATE,65,45919662,0
MAHARASHTRA,MAVAL,SHRIRANG CHANDU BARNE,SHS,3,8TH PASS,55,1023310134,416612
MAHARASHTRA,MAVAL,AJAY HANUMANT LONDHE,IND,1,12TH PASS,34,79339,390000
MAHARASHTRA,MAVAL,AMRUTA ABHIJIT APTE,IND,0,12TH PASS,33,217372,0
MAHARASHTRA,MAVAL,BALKRUSHNA DHANAJI GHARAT,IND,0,5TH PASS,54,,
MAHARASHTRA,MAVAL,DR. SOMNATH ARJUN POL,IND,3,GRADUATE PROFESSIONAL,47,204055,283000
MAHARASHTRA,MAVAL,JAGDISH SHAMRAO SONAWANE,KRANTI KARI JAI HIND SENA,1,GRADUATE,63,40140000,0
MAHARASHTRA,MAVAL,JAYA SANJAY PATIL,AMBEDKARITE PARTY OF INDIA,1,OTHERS,32,,
MAHARASHTRA,MAVAL,MADAN SHIVAJI PATIL,BHARATIYA PRAJA SURAJYA PAKSHA,0,10TH PASS,57,1305000,0
MAHARASHTRA,MAVAL,NAVNATH VISHWANATH DUDHAL,IND,0,POST GRADUATE,57,13905000,1800000
MAHARASHTRA,MAVAL,PARTH AJIT PAWAR,NCP,0,GRADUATE,29,201239333,93613295
MAHARASHTRA,MAVAL,PRAKASH BHIVAJI MAHADIK,BHARTIYA NAVJAWAN SENA (PAKSHA),0,8TH PASS,70,75000,0
MAHARASHTRA,MAVAL,PRASHANT GANPAT DESHMUKH,IND,0,GRADUATE,34,,
MAHARASHTRA,MAVAL,RAJARAM NARAYAN PATIL,VANCHIT BAHUJAN AAGHADI,0,OTHERS,47,6525572,534788
MAHARASHTRA,MAVAL,RAJENDRA MARUTI KATE,IND,0,12TH PASS,50,6435000,0
MAHARASHTRA,MAVAL,RAKESH PRABHAKAR CHAVAN,IND,0,8TH PASS,45,,
MAHARASHTRA,MAVAL,SANJAY KISAN KANADE,BSP,0,GRADUATE PROFESSIONAL,49,14166972,2061198
MAHARASHTRA,MAVAL,SURAJ ASHOKRAO KHANDARE,IND,0,POST GRADUATE,28,584675,542009
MAHARASHTRA,MAVAL,SURESH SHRIPATI TAUR,IND,0,12TH PASS,49,9950000,600000
MAHARASHTRA,MAVAL,VIJAY HANUMANT RANDIL,IND,0,12TH PASS,36,,
MAHARASHTRA,MUMBAI NORTH,GOPAL CHINNAYA SHETTY,BJP,9,5TH PASS,65,,
MAHARASHTRA,MUMBAI NORTH,AKHTAR SHAIKH,IND,0,10TH PASS,63,6053152,340000
MAHARASHTRA,MUMBAI NORTH,AMOL ASHOKRAO JADHAV,IND,2,GRADUATE,30,186600,400000
MAHARASHTRA,MUMBAI NORTH,ANDREW JOHN FERNANDES,HUM BHARTIYA PARTY,0,POST GRADUATE,58,,
MAHARASHTRA,MUMBAI NORTH,ANKUSHRAO SHIVAJIRAO PATIL,RASHTRIYA MARATHA PARTY,0,GRADUATE,51,3685000,175000
MAHARASHTRA,MUMBAI NORTH,BHAGVATIDAN KARNIDAN GADHAVI,IND,1,GRADUATE,74,13800830,0
MAHARASHTRA,MUMBAI NORTH,CHHANNU SAHADEWRAO SONTAKKEY,BHARAT PRABHAT PARTY,0,GRADUATE,57,,
MAHARASHTRA,MUMBAI NORTH,DR. RAIES KHAN,IND,0,GRADUATE PROFESSIONAL,46,26614900,0
MAHARASHTRA,MUMBAI NORTH,FATEH MOHAMMAD MANSOORI SHAIKH,BHARTIYA LOKMAT RASHTRWADI PARTY,2,5TH PASS,64,25642574,0
MAHARASHTRA,MUMBAI NORTH,MANOJKUMAR JAYPRAKASH SINGH,BSP,0,12TH PASS,36,21685000,20708842
MAHARASHTRA,MUMBAI NORTH,MILIND SHANKAR REPE,IND,0,OTHERS,57,20900183,7170000
MAHARASHTRA,MUMBAI NORTH,MOHAMMAD AZAD ANSARI,IND,0,8TH PASS,47,,
MAHARASHTRA,MUMBAI NORTH,PAWAN KUMAR PANDEY,SARVODAYA BHARAT PARTY,1,DOCTORATE,44,55543198,1196000
MAHARASHTRA,MUMBAI NORTH,RANJIT BAJRANGI TIWARI,NAITIK PARTY,0,5TH PASS,43,1172000,0
MAHARASHTRA,MUMBAI NORTH,SAMAYSINGH ANAND CHANDA LIYA,BAHUJAN MUKTI PARTY,0,5TH PASS,52,,
MAHARASHTRA,MUMBAI NORTH,SUNIL UTTAMRAO THORAT,VANCHIT BAHUJAN AAGHADI,0,GRADUATE,48,890000,60000
MAHARASHTRA,MUMBAI NORTH,URMILA SHRIKANT MATONDKAR,INC,0,12TH PASS,48,689063226,1894201
MAHARASHTRA,MUMBAI NORTH CENTRAL,POONAM VAJENDLA RAO,BJP,2,OTHERS,38,,
MAHARASHTRA,MUMBAI NORTH CENTRAL,ABDUL REHMAN ANJARIA,VANCHIT BAHUJAN AAGHADI,0,DOCTORATE,46,1000402,1709730
MAHARASHTRA,MUMBAI NORTH CENTRAL,AKSHAY KACHRU SANAP,IND,0,12TH PASS,27,171000,100000
MAHARASHTRA,MUMBAI NORTH CENTRAL,ANKUSH RAMCHANDRA KARANDE,IND,0,5TH PASS,60,,
MAHARASHTRA,MUMBAI NORTH CENTRAL,DUTT PRIYA SUNIL,INC,0,GRADUATE,52,962096603,36057947
MAHARASHTRA,MUMBAI NORTH CENTRAL,FEROZ ABDURRAHIM SHAIKH,JAN ADHIKAR PARTY,0,POST GRADUATE,46,9878738,236327
MAHARASHTRA,MUMBAI NORTH CENTRAL,IMRAN MUSTAFA KHAN,BSP,0,GRADUATE,39,,
MAHARASHTRA,MUMBAI NORTH CENTRAL,JOY NAGESH BHOSALE,IND,0,12TH PASS,49,8761000,800000
MAHARASHTRA,MUMBAI NORTH CENTRAL,MEHENDI IQBAL HASAN SAYYED,AMBEDKAR NATIONAL CONGRESS,0,8TH PASS,33,531200,0
MAHARASHTRA,MUMBAI NORTH CENTRAL,MOHAMMAD MEHMOOD SYED SHAH,ALL INDIA MINORITIES FRONT,0,12TH PASS,47,1150550,200000
MAHARASHTRA,MUMBAI NORTH CENTRAL,MOHD. YAHIYA SIDDIQUE,IND,0,5TH PASS,36,37364,0
MAHARASHTRA,MUMBAI NORTH CENTRAL,MOHOMMAD MOBIN SHAIKH,PEACE PARTY,0,10TH PASS,44,,
MAHARASHTRA,MUMBAI NORTH CENTRAL,NOORUDDIN AFTAB AZIMUDDIN SAYYED,IND,1,8TH PASS,48,899830,260300
MAHARASHTRA,MUMBAI NORTH CENTRAL,PANDEY HARSHVARDHAN RAMSURESH,IND,0,GRADUATE,29,8511000,5429000
MAHARASHTRA,MUMBAI NORTH CENTRAL,RAJESH BHAVSAR,BHARTIYA MANAVADHIKAAR FEDERAL PARTY,5,12TH PASS,52,69417,0
MAHARASHTRA,MUMBAI NORTH CENTRAL,SAGAR NIVRUTTI KALE,IND,0,GRADUATE,27,1500,0
MAHARASHTRA,MUMBAI NORTH CENTRAL,VANSH BAHADUR YADAV,IND,0,GRADUATE PROFESSIONAL,54,11319000,0
MAHARASHTRA,MUMBAI NORTH EAST,MANOJ KISHORBHAI KOTAK,BJP,2,10TH PASS,46,54661944,2048000
MAHARASHTRA,MUMBAI NORTH EAST,AIYYAR GANESH,BAHUJAN MAHA PARTY,0,GRADUATE PROFESSIONAL,54,41428196,2650010
MAHARASHTRA,MUMBAI NORTH EAST,ANIL HEBBAR KONI,IND,1,GRADUATE PROFESSIONAL,54,39684894,4059581
MAHARASHTRA,MUMBAI NORTH EAST,BABAN SOPAN THOKE,IND,0,GRADUATE,25,,
MAHARASHTRA,MUMBAI NORTH EAST,BHASKAR MOHAN GOUD,IND,1,GRADUATE,36,2199000,8000000
MAHARASHTRA,MUMBAI NORTH EAST,DANDGE SUKHADEV CHANDU,AMBEDKARITE PARTY OF INDIA,0,LITERATE,63,20000,0
MAHARASHTRA,MUMBAI NORTH EAST,DAYANAND JAGNNATH SOHANI,IND,2,12TH PASS,45,,
MAHARASHTRA,MUMBAI NORTH EAST,DEEPAK DIGAMBAR SHINDE,IND,0,POST GRADUATE,42,4298872,3700000
MAHARASHTRA,MUMBAI NORTH EAST,JATIN RANGRAO HARNE,IND,1,12TH PASS,44,2028,0
MAHARASHTRA,MUMBAI NORTH EAST,JITENDRA KUMAR NANKU PAL,IND,0,12TH PASS,47,65000,39400
MAHARASHTRA,MUMBAI NORTH EAST,NIHARIKA PRAKASHCHANDRA KHONDALAY,VANCHIT BAHUJAN AAGHADI,0,GRADUATE,50,,
MAHARASHTRA,MUMBAI NORTH EAST,NILESH RAMCHANDRA KUDTARKAR,IND,0,10TH PASS,27,90000,0
MAHARASHTRA,MUMBAI NORTH EAST,NUTAN SINGH,AAPKI APNI PARTY (PEOPLES),0,GRADUATE,34,199000,68257
MAHARASHTRA,MUMBAI NORTH EAST,PATIL SANJAY DINA,NCP,1,GRADUATE,50,,
MAHARASHTRA,MUMBAI NORTH EAST,PRAVIN CHANDRAKANT KEDARE,IND,1,12TH PASS,48,1008627,0
MAHARASHTRA,MUMBAI NORTH EAST,RAKESH SAMBHAJI RAUL,IND,0,GRADUATE PROFESSIONAL,45,2862,0
MAHARASHTRA,MUMBAI NORTH EAST,SHAHAJIRAO DHONDIBA THORAT,IND,1,10TH PASS,55,750953,250000
MAHARASHTRA,MUMBAI NORTH EAST,SHAHENAZ BEGAM MO.SIRAJ KHAN,RASHTRIYA ULAMA COUNCIL,0,ILLITERATE,43,322403,96836
MAHARASHTRA,MUMBAI NORTH EAST,SHAHIN PARVEEN SHAKIL AHAMAD KHAN,IND,0,GRADUATE,44,,
MAHARASHTRA,MUMBAI NORTH EAST,SHRIKANT SUBURAO SHINDE,BAHUJAN MUKTI PARTY,0,POST GRADUATE,34,1214989,0
MAHARASHTRA,MUMBAI NORTH EAST,SNEHA RAVINDRA KURHADE,IND,0,8TH PASS,50,4220000,2880000
MAHARASHTRA,MUMBAI NORTH EAST,SUSHMA MOTILAL MAURYA,JAN ADHIKAR PARTY,0,10TH PASS,38,,
MAHARASHTRA,MUMBAI NORTH EAST,VIJAY JANARDAN SHIKTODE,BAHUJAN REPUBLICAN SOCIALIST PARTY,0,POST GRADUATE,55,8788000,0
MAHARASHTRA,MUMBAI NORTH EAST,VINOD NARAYAN CHAUGULE,SANATAN SANSKRITI RAKSHA DAL,0,12TH PASS,41,11335126,8502053
MAHARASHTRA,MUMBAI NORTH WEST,GAJANAN CHANDRAKANT KIRTIKAR,SHS,0,GRADUATE,75,105392000,4032000
MAHARASHTRA,MUMBAI NORTH WEST,ABUSALIM ARUNHUQ SHANK,RASHTRIYA ULAMA COUNCIL,0,10TH PASS,48,264600,0
MAHARASHTRA,MUMBAI NORTH WEST,AFTAB MASHWOOD KHAN,IND,0,8TH PASS,43,8062800,0
MAHARASHTRA,MUMBAI NORTH WEST,AJAY DUBEY,JAN ADHIKAR PARTY,0,POST GRADUATE,29,,
MAHARASHTRA,MUMBAI NORTH WEST,ARORA SURINDER MOHAN,BHARAT JAN AADHAR PARTY,0,GRADUATE,64,336682905,212666
MAHARASHTRA,MUMBAI NORTH WEST,CHANDRASHEKHAR SHARMA,BHARTIYA MANAVADHIKAAR FEDERAL PARTY,1,OTHERS,42,9403436,0
MAHARASHTRA,MUMBAI NORTH WEST,CHHAYA SUNIL TIWARI,JANATA CONGRESS,0,8TH PASS,41,,
MAHARASHTRA,MUMBAI NORTH WEST,DHARMENDRA SHRIRAM PAL,RASHTRAVADI KRANTI DAL,0,10TH PASS,42,485000,0
MAHARASHTRA,MUMBAI NORTH WEST,MADAN BANWARILAL AGRAWAL,IND,0,GRADUATE,55,61831318,32000000
MAHARASHTRA,MUMBAI NORTH WEST,MITESH VARSHNEY,IND,1,POST GRADUATE,27,186373,0
MAHARASHTRA,MUMBAI NORTH WEST,PRABHAKAR TARAPADO SADHU,IND,0,8TH PASS,47,,
MAHARASHTRA,MUMBAI NORTH WEST,SANJAY NIRUPAM,INC,11,GRADUATE,54,122093505,8399569
MAHARASHTRA,MUMBAI NORTH WEST,SANJAY VISHWANATH SAKPAL,IND,0,GRADUATE,48,70000,0
MAHARASHTRA,MUMBAI NORTH WEST,SHAKUNTALA KUSHALKAR,PRABUDDHA REPUBLICAN PARTY,0,ILLITERATE,47,,
MAHARASHTRA,MUMBAI NORTH WEST,SHASHIKANT KUNDLIK KADAM,IND,1,GRADUATE PROFESSIONAL,46,18952783,300000
MAHARASHTRA,MUMBAI NORTH WEST,SONKAMBLE GAJANAN TUKARAM,IND,0,GRADUATE,33,141658,0
MAHARASHTRA,MUMBAI NORTH WEST,SURESH SUNDAR SHETTY,VANCHIT BAHUJAN AAGHADI,0,8TH PASS,46,95452500,4342000
MAHARASHTRA,MUMBAI NORTH WEST,VIJAY MAROTHI KOYALE,RASHTRIYA MARATHA PARTY,0,8TH PASS,49,6525000,500000
MAHARASHTRA,MUMBAI NORTH WEST,VIJENDRA KUMAR RAI,IND,1,POST GRADUATE,37,,
MAHARASHTRA,MUMBAI SOUTH,ARVIND SAWANT,SHS,1,GRADUATE,67,,
MAHARASHTRA,MUMBAI SOUTH,ABBAS CHHATRIWALA,JAN ADHIKAR PARTY,0,10TH PASS,43,5040147,0
MAHARASHTRA,MUMBAI SOUTH,ADV. SAHIL SHAH,BHARTIYA MANAVADHIKAAR FEDERAL PARTY,0,GRADUATE PROFESSIONAL,27,762030,0
MAHARASHTRA,MUMBAI SOUTH,DEORA MILIND,INC,0,GRADUATE,43,793200422,49681435
MAHARASHTRA,MUMBAI SOUTH,DR. ANIL KUMAR CHOUDHARI,VANCHIT BAHUJAN AAGHADI,0,OTHERS,68,101100914,992020
MAHARASHTRA,MUMBAI SOUTH,HAMIR VINJUDA,BAHUJAN REPUBLICAN SOCIALIST PARTY,0,10TH PASS,65,,
MAHARASHTRA,MUMBAI SOUTH,IRFAN AHMED SHAIKH,AMBEDKARITE PARTY OF INDIA,0,GRADUATE,65,54000,0
MAHARASHTRA,MUMBAI SOUTH,RAJESH .B. DAYAL,IND,0,12TH PASS,42,5000,0
MAHARASHTRA,MUMBAI SOUTH,SAI SHRIVASTAV,IND,0,GRADUATE PROFESSIONAL,29,966367,0
MAHARASHTRA,MUMBAI SOUTH,SHANKAR SONAWANE,IND,0,10TH PASS,51,5820000,280000
MAHARASHTRA,MUMBAI SOUTH,SHEHBAJ RATHOD,JAI MAHA BHARATH PARTY,1,5TH PASS,48,,
MAHARASHTRA,MUMBAI SOUTH,SURESH KUMAR GAUTAM,BSP,0,10TH PASS,47,2056000,2152400
MAHARASHTRA,MUMBAI SOUTH CENTRAL,RAHUL RAMESH SHEWALE,SHS,0,OTHERS,47,18881363,7778954
MAHARASHTRA,MUMBAI SOUTH CENTRAL,ADV. MAHENDRA TULSHIRAM BHINGARDIVE,ANTI CORRUPTION DYNAMIC PARTY,0,GRADUATE PROFESSIONAL,42,12510000,850000
MAHARASHTRA,MUMBAI SOUTH CENTRAL,AHMED SHAKIL SAGIR AHMED SHAIKH,BSP,1,5TH PASS,41,3647388,0
MAHARASHTRA,MUMBAI SOUTH CENTRAL,ANITA KIRAN PATOLE,IND,0,8TH PASS,39,,
MAHARASHTRA,MUMBAI SOUTH CENTRAL,BADDY HEMANTKUMAR REDDY,BAHUJAN MUKTI PARTY,0,GRADUATE,50,12170003,85200
MAHARASHTRA,MUMBAI SOUTH CENTRAL,BALASAHEB JAGANNATH SABLE,BHARTIYA MANAVADHIKAAR FEDERAL PARTY,0,10TH PASS,48,606142,80000
MAHARASHTRA,MUMBAI SOUTH CENTRAL,DALVI RAJU SAHEBRAO,IND,0,GRADUATE,48,,
MAHARASHTRA,MUMBAI SOUTH CENTRAL,DEEPAK BHAGOJI KAMBLE,AMBEDKARITE PARTY OF INDIA,0,10TH PASS,67,391500,0
MAHARASHTRA,MUMBAI SOUTH CENTRAL,EKNATH MAHADEV GAIKWAD,INC,0,10TH PASS,79,218952482,25590000
MAHARASHTRA,MUMBAI SOUTH CENTRAL,MOHAMMAD HAYAT MOHAMMAD HUSAIN SHAIKH,PEACE PARTY,0,5TH PASS,54,1043188,350000
MAHARASHTRA,MUMBAI SOUTH CENTRAL,SANJAY SUSHIL BHOSALE,VANCHIT BAHUJAN AAGHADI,3,GRADUATE PROFESSIONAL,51,,
MAHARASHTRA,MUMBAI SOUTH CENTRAL,SANTOSH SHRIVASTAV,IND,0,10TH PASS,37,207000,0
MAHARASHTRA,MUMBAI SOUTH CENTRAL,SHEETAL BHARAT SASANE,IND,0,8TH PASS,34,501700,0
MAHARASHTRA,MUMBAI SOUTH CENTRAL,VIKAS MARUTI ROKADE,IND,0,5TH PASS,53,,
MAHARASHTRA,MUMBAI SOUTH CENTRAL,YOGANAND NADAR,AAPKI APNI PARTY (PEOPLES),0,GRADUATE,34,528996,180000
MAHARASHTRA,MUMBAI SOUTH CENTRAL,YOGESH VITTHAL MORE,BAHUJAN REPUBLICAN SOCIALIST PARTY,0,GRADUATE PROFESSIONAL,38,10612636,157000
MAHARASHTRA,NAGPUR,NITIN JAIRAM GADKARI,BJP,4,GRADUATE PROFESSIONAL,62,187916075,40729055
MAHARASHTRA,NAGPUR,ADV. ULHAS SHALIKARAM DUPARE,IND,0,GRADUATE PROFESSIONAL,53,146000,0
MAHARASHTRA,NAGPUR,ADV. VIJAYA DILIP BAGDE,AMBEDKARITE PARTY OF INDIA,0,GRADUATE PROFESSIONAL,43,218000,0
MAHARASHTRA,NAGPUR,ALI ASHFAQUE AHMED,BAHUJAN MUKTI PARTY,0,GRADUATE PROFESSIONAL,48,,
MAHARASHTRA,NAGPUR,ASIM ALI,MINORITIES DEMOCRATIC PARTY,1,10TH PASS,28,162000,2000
MAHARASHTRA,NAGPUR,COMRADE YOGESH KRISHNARAO THAKARE,CPI(ML) RED STAR,0,12TH PASS,43,3506000,0
MAHARASHTRA,NAGPUR,DIKSHITA ANAND TEMBHURNE,DESH JANHIT PARTY,0,GRADUATE,32,,
MAHARASHTRA,NAGPUR,DIPAK LAXMANRAO MASKE,IND,0,12TH PASS,43,4559259,16191
MAHARASHTRA,NAGPUR,DR. MANISHA BANGAR,PEOPLES PARTY OF INDIA (DEMOCRATIC),0,GRADUATE PROFESSIONAL,49,14951925,1906973
MAHARASHTRA,NAGPUR,GOPALKUMAR GANESHU KASHYAP,CHHATTISGARH SWABHIMAN MANCH,0,12TH PASS,38,75000,0
MAHARASHTRA,NAGPUR,KARTIK GENDALAL DOKE,IND,0,12TH PASS,40,,0
MAHARASHTRA,NAGPUR,MANE SURESH TATOBA,BAHUJAN REPUBLICAN SOCIALIST PARTY,0,DOCTORATE,58,,
MAHARASHTRA,NAGPUR,MANOHAR ALIAS SAGAR PUNDLIKRAO DABRASE,VANCHIT BAHUJAN AAGHADI,0,GRADUATE,47,4197060,0
MAHARASHTRA,NAGPUR,MANOJ KOTHUJI BAWANE,IND,0,12TH PASS,43,2179000,300000
MAHARASHTRA,NAGPUR,MOHAMMAD JAMAL,BSP,0,10TH PASS,47,,
MAHARASHTRA,NAGPUR,NANABHAU FALGUNRAO PATOLE,INC,4,12TH PASS,56,22160504,1155060
MAHARASHTRA,NAGPUR,PRAFULLA MANIKCHAND BHANGE,IND,0,12TH PASS,49,7220000,1200000
MAHARASHTRA,NAGPUR,RUBEN DOMNIK FRANCIS,IND,0,12TH PASS,44,100000,100000
MAHARASHTRA,NAGPUR,SACHIN HARIDAS SOMKUWAR,IND,0,12TH PASS,42,,
MAHARASHTRA,NAGPUR,SACHIN JAGORAO PATIL,IND,4,10TH PASS,46,30000,0
MAHARASHTRA,NAGPUR,SAHIL BALCHAND TURKAR,BHARTIYA MANVADHIKAAR FEDERAL PARTY,0,10TH PASS,38,1362050,0
MAHARASHTRA,NAGPUR,SHRIDHAR NARAYAN SALVE,RASHTRIYA JANSAMBHAVNA PARTY,0,GRADUATE,47,,
MAHARASHTRA,NAGPUR,SIDDHARTH ASARAM KURVE,IND,0,POST GRADUATE,60,50000,0
MAHARASHTRA,NAGPUR,SUNIL SURYABHAN KAWADE,IND,0,10TH PASS,56,217000,25000
MAHARASHTRA,NAGPUR,VANITA JITENDRA RAUT,AKHIL BHARATIYA MANAVATA PAKSHA,0,8TH PASS,37,618945,14406
MAHARASHTRA,NAGPUR,VITTHHAL NANAJI GAIKWAD,HUM BHARTIYA PARTY,0,12TH PASS,64,3842634,30000
MAHARASHTRA,NANDED,CHIKHALIKAR PRATAP GOVINDRAO,BJP,0,12TH PASS,57,,
MAHARASHTRA,NANDED,ABDUL RAIS AHMED ABDUL JABBAR,AMBEDKAR NATIONAL CONGRESS,1,5TH PASS,51,,0
MAHARASHTRA,NANDED,ABDUL SAMAD,SP,0,12TH PASS,62,6351722,6110332
MAHARASHTRA,NANDED,ASHOK SHANKARRAO CHAVAN,IND,0,8TH PASS,28,,
MAHARASHTRA,NANDED,ASHOKRAO SHANKARRAO CHAVAN,INC,3,POST GRADUATE,60,500037964,48525290
MAHARASHTRA,NANDED,BHINGE YASHPAL NARSINGHRAO,VANCHIT BAHUJAN AAGHADI,0,DOCTORATE,42,8817999,2050000
MAHARASHTRA,NANDED,KADAM SHRIRANG UTTOMRAO,IND,0,10TH PASS,30,2241500,0
MAHARASHTRA,NANDED,MADHAVRAO SAMBHAJI GAIKWAD,IND,0,8TH PASS,59,1320045,0
MAHARASHTRA,NANDED,MANISH DATTATRAY WADJE,IND,0,12TH PASS,45,650500000,27200000
MAHARASHTRA,NANDED,MOHAN ANANDRAO WAGHMARE,BAHUJAN MUKTI PARTY,0,10TH PASS,36,,0
MAHARASHTRA,NANDED,RANJIT GANGADHARRAO DESHMUKH,IND,0,GRADUATE,32,,
MAHARASHTRA,NANDED,SHIVANAND ASHOKRAO DESHMUKH,IND,0,POST GRADUATE,30,13137,0
MAHARASHTRA,NANDED,SUNIL MANOHAR SONSALE,BAHUJAN REPUBLICAN SOCIALIST PARTY,0,10TH PASS,37,120000,0
MAHARASHTRA,NANDURBAR,HEENA VIJAYKUMAR GAVIT,BJP,0,POST GRADUATE,31,271634532,15291251
MAHARASHTRA,NANDURBAR,ADV. K. C. PADAVI,INC,0,POST GRADUATE,61,45236068,3237933
MAHARASHTRA,NANDURBAR,AJAY KARAMSING GAVIT,IND,0,12TH PASS,25,78340,0
MAHARASHTRA,NANDURBAR,ANTURLIKAR SUSHIL SURESH,VANCHIT BAHUJAN AAGHADI,0,POST GRADUATE,33,,
MAHARASHTRA,NANDURBAR,ARJUNSING DIWANSING VASAVE,IND,0,GRADUATE,54,1651102,0
MAHARASHTRA,NANDURBAR,ASHOK DAULATSING PADVI,IND,0,10TH PASS,42,1692000,300000
MAHARASHTRA,NANDURBAR,DR. NATAWADKAR SUHAS JAYANT,IND,0,GRADUATE PROFESSIONAL,58,,
MAHARASHTRA,NANDURBAR,KOLI ANANDA SUKALAL,IND,2,8TH PASS,52,204757,2177500
MAHARASHTRA,NANDURBAR,REKHA SURESH DESAI,BSP,0,12TH PASS,29,741000,0
MAHARASHTRA,NANDURBAR,SANDIP ABHIMANYU VALVI,BAHUJAN MUKTI PARTY,0,GRADUATE,42,81625,0
MAHARASHTRA,NASHIK,HEMANT TUKARAM GODSE,SHS,1,OTHERS,49,,
MAHARASHTRA,NASHIK,ADV. KOKATE MANIKRAO SHIVAJIRAO,IND,1,GRADUATE PROFESSIONAL,61,214414506,46737153
MAHARASHTRA,NASHIK,ADV. VAIBHAV SHANTARAM AHIRE,BSP,0,GRADUATE PROFESSIONAL,39,991506,0
MAHARASHTRA,NASHIK,AHER SHARAD KERU,IND,0,GRADUATE,30,,
MAHARASHTRA,NASHIK,DEVIDAS PIRAJI SARKATE,IND,0,10TH PASS,45,60000,0
MAHARASHTRA,NASHIK,DHANANJAY ANIL BHAWSAR,IND,0,12TH PASS,39,3542372,2962930
MAHARASHTRA,NASHIK,JAWALE SONIYA RAMNATH,BHARTIYA TRIBAL PARTY,0,12TH PASS,40,3729500,1389941
MAHARASHTRA,NASHIK,KEDAR SINDHUBAI RAVINDRA,IND,0,5TH PASS,55,5923410,700000
MAHARASHTRA,NASHIK,PRAKASH GIRIDHAR KANOJE,IND,0,12TH PASS,51,980202,200000
MAHARASHTRA,NASHIK,PRIYANKA RAMRAO SHIROLE,IND,0,GRADUATE,28,,0
MAHARASHTRA,NASHIK,SAMEER MAGAN BHUJBAL,NCP,16,10TH PASS,45,,
MAHARASHTRA,NASHIK,SANJAY SUKHDEV GHODKE,BAHUJAN REPUBLICAN SOCIALIST PARTY,0,OTHERS,48,3291484,2350000
MAHARASHTRA,NASHIK,SHARAD DAMU DHANRAO,IND,0,12TH PASS,40,165000,0
MAHARASHTRA,NASHIK,SHIVNATH VITHOBA KASAR,BAHUJAN MUKTI PARTY,0,10TH PASS,54,,
MAHARASHTRA,NASHIK,SUDHIR SHRIDHAR DESHMUKH,IND,1,POST GRADUATE,58,15447971,500000
MAHARASHTRA,NASHIK,VILAS MADHUKAR DESALE (PATIL),IND,0,10TH PASS,46,25701660,0
MAHARASHTRA,OSMANABAD,OMPRAKASH BHUPALSINH ALIAS PAVAN RAJENIMBALKAR,SHS,4,12TH PASS,35,,
MAHARASHTRA,OSMANABAD,ANNASAHEB RAMCHANDRA RATHOD,BHARTIYA BAHUJAN KRANTI DAL,4,12TH PASS,50,1382000,170
MAHARASHTRA,OSMANABAD,ARJUN (DADA) SALGAR,VANCHIT BAHUJAN AAGHADI,3,8TH PASS,39,45000,1100000
MAHARASHTRA,OSMANABAD,ARYANRAJE KISANRAO SHINDE,IND,0,GRADUATE PROFESSIONAL,38,,
MAHARASHTRA,OSMANABAD,DEEPAK MAHADEV TATE,BHAPASE PARTY,0,10TH PASS,36,1278500,0
MAHARASHTRA,OSMANABAD,DR. SHIVAJI PANDHARINATH OMAN,BSP,0,GRADUATE PROFESSIONAL,62,9190000,90000
MAHARASHTRA,OSMANABAD,DR.VASANT RAGHUNATH MUNDE,IND,0,GRADUATE,72,,
MAHARASHTRA,OSMANABAD,GORE NETAJI NAGNATHRAO,IND,1,OTHERS,62,33532000,4400000
MAHARASHTRA,OSMANABAD,JAGANNATH NIVRUTTI MUNDE,IND,0,GRADUATE,41,16924103,1300000
MAHARASHTRA,OSMANABAD,PHULSURE VISHWANTH SADASHIV,KRANTI KARI JAI HIND SENA,0,GRADUATE,67,6030156,0
MAHARASHTRA,OSMANABAD,RANAJAGJITSINHA PADMASINH PATIL,NCP,4,GRADUATE PROFESSIONAL,47,412022397,101327317
MAHARASHTRA,OSMANABAD,SAYYAD SULTAN LADKHAN,IND,0,10TH PASS,46,,
MAHARASHTRA,OSMANABAD,SHANKAR PANDURANG GAIKWAD,IND,0,GRADUATE,33,4919328,0
MAHARASHTRA,OSMANABAD,TUKARAM DASRAO GANGAWANE,IND,0,10TH PASS,68,3050000,530000
MAHARASHTRA,PALGHAR,GAVIT RAJENDRA DHEDYA,SHS,0,GRADUATE,51,87616920,30223375
MAHARASHTRA,PALGHAR,BALIRAM SUKUR JADHAV,BAHUJAN VIKAS AAGHADI,3,8TH PASS,63,20285716,0
MAHARASHTRA,PALGHAR,BHONDAVE TAI MARUTI,IND,0,LITERATE,55,5493405,1500000
MAHARASHTRA,PALGHAR,DATTARAM JAYRAM KARBAT,IND,1,8TH PASS,55,,
MAHARASHTRA,PALGHAR,DEVRAM ZIPAR KURKUTE,AMBEDKARITE PARTY OF INDIA,0,12TH PASS,43,2420000,0
MAHARASHTRA,PALGHAR,RAJU DAMU LADE,IND,0,8TH PASS,39,,
MAHARASHTRA,PALGHAR,SANJAY LAXMAN TAMBDA,BSP,0,8TH PASS,43,840700,0
MAHARASHTRA,PALGHAR,SANJAY RAMA KOHKERA,BAHUJAN MUKTI PARTY,0,GRADUATE,32,3004847,0
MAHARASHTRA,PALGHAR,SURESH ARJUN PADAVI,VANCHIT BAHUJAN AAGHADI,2,5TH PASS,34,5790689,0
MAHARASHTRA,PALGHAR,SWAPNIL MAHADEV KOLI,IND,0,10TH PASS,49,46205437,815000
MAHARASHTRA,PALGHAR,VISHNU KAKADYA PADAVI,IND,1,10TH PASS,41,,
MAHARASHTRA,PARBHANI,JADHAV SANJAY (BANDU) HARIBHAU,SHS,6,10TH PASS,52,41040011,4519583
MAHARASHTRA,PARBHANI,ALAMGIR MOHAMMAD KHAN,VANCHIT BAHUJAN AAGHADI,1,GRADUATE,38,19410000,0
MAHARASHTRA,PARBHANI,BOBADE SAKHARAM GYANBA,IND,0,GRADUATE,43,1097350,0
MAHARASHTRA,PARBHANI,DR.APPASAHEB ONKAR KADAM,SWATANTRA BHARAT PAKSHA,0,GRADUATE PROFESSIONAL,54,,
MAHARASHTRA,PARBHANI,DR.VAIJNATH SITARAM PHAD,BSP,1,DOCTORATE,62,128100000,3027384
MAHARASHTRA,PARBHANI,GOVIND RAMRAO DESHMUKH,IND,1,8TH PASS,37,1243347,0
MAHARASHTRA,PARBHANI,HARISHCHANDRA DATTU PATIL,SANGHARSH SENA,0,GRADUATE,59,,
MAHARASHTRA,PARBHANI,KISHOR BABURAO MUNNEMANIK,IND,0,12TH PASS,35,221100,220000
MAHARASHTRA,PARBHANI,RAJAN RAMCHANDRA KSHIRSAGAR,CPI,15,GRADUATE,52,5854206,990000
MAHARASHTRA,PARBHANI,RAJESH UTTAMRAO VITEKAR,NCP,0,GRADUATE,39,52628119,4678811
MAHARASHTRA,PARBHANI,SANGITA KALYANRAO NIRMAL,IND,0,LITERATE,42,,
MAHARASHTRA,PARBHANI,SANTOSH GOVIND RATHOD,BHARTIYA BAHUJAN KRANTI DAL,0,GRADUATE,35,1607000,50000
MAHARASHTRA,PARBHANI,SHAIKH SALIM SHAIKH IBRAHIM,BAHUJAN MAHA PARTY,0,5TH PASS,45,50000,0
MAHARASHTRA,PARBHANI,SUBHASH ASHOKRAO AMBHORE (DUDHGAONKAR),AMBEDKAR NATIONAL CONGRESS,0,OTHERS,31,,
MAHARASHTRA,PARBHANI,UTTAMRAO PANDURANGRAO RATHOD,BAHUJAN MUKTI PARTY,0,GRADUATE PROFESSIONAL,66,9588650,0
MAHARASHTRA,PARBHANI,YASHWANT RAMBHAU KASBE,BAHUJAN REPUBLICAN SOCIALIST PARTY,0,POST GRADUATE,51,1405000,300000
MAHARASHTRA,PUNE,GIRISH BHALCHANDRA BAPAT,BJP,1,GRADUATE,68,57959302,1793891
MAHARASHTRA,PUNE,ADV. KUMAR DEVBA KALEL PATIL,IND,0,GRADUATE PROFESSIONAL,38,306000,432900
MAHARASHTRA,PUNE,ADV. MAHESH GAJENDRAGADKAR,SWARNA BHARAT PARTY,0,POST GRADUATE,57,16457070,94000
MAHARASHTRA,PUNE,ADV. RAMESH DEVARAM DHARMAVAT,PEOPLE’S UNION PARTY,0,GRADUATE PROFESSIONAL,37,,
MAHARASHTRA,PUNE,AMOL ALIAS YABES S. TUJARE,IND,3,12TH PASS,34,25000,0
MAHARASHTRA,PUNE,AMOL JAYRAJ SHINDE,HUM BHARTIYA PARTY,0,POST GRADUATE,32,390000,0
MAHARASHTRA,PUNE,ANAND PRAKASH VANJAPE,IND,0,OTHERS,43,,
MAHARASHTRA,PUNE,BALASAHEB MISAL PATIL,BAHUJAN MUKTI PARTY,0,GRADUATE,44,1925349,80000
MAHARASHTRA,PUNE,CHANDRAKANT PARMESHWAR SAWANT,IND,0,12TH PASS,46,5886000,4391625
MAHARASHTRA,PUNE,HEMANT BABURAO KOLEKAR PATIL ALIAS HEMANT PATIL,IND,1,8TH PASS,48,50595000,900000
MAHARASHTRA,PUNE,JADHAV ANIL NARAYAN,VANCHIT BAHUJAN AAGHADI,1,12TH PASS,35,,
MAHARASHTRA,PUNE,JAFAR KHURSID CHOUDHARI,IND,0,5TH PASS,58,215000,400000
MAHARASHTRA,PUNE,JAVED SHABBIR SAYYED,IND,0,8TH PASS,43,100000,0
MAHARASHTRA,PUNE,JOHNSON VASANT KOLHAPURE,IND,0,8TH PASS,49,,
MAHARASHTRA,PUNE,KRUPAL PALUSKAR,PRABUDDHA REPUBLICAN PARTY,0,POST GRADUATE,33,552000,0
MAHARASHTRA,PUNE,KSHIRSAGAR KANCHAN DEVDAS,IND,0,GRADUATE,48,1355000,0
MAHARASHTRA,PUNE,NIKHIL UMESH ZINGADE,BHARATIYA PRAJA SURAJYA PAKSHA,0,POST GRADUATE,33,2750000,2300000
MAHARASHTRA,PUNE,PROF. NALAWADE HANMANT MAHADEO,AMBEDKARITE PARTY OF INDIA,0,POST GRADUATE,49,4700000,3100000
MAHARASHTRA,PUNE,RAHUL VISHWAS JOSHI,IND,0,GRADUATE,42,,
MAHARASHTRA,PUNE,RAJESH SURENDRAKUMAR AGARWAL,HAMARI APNI PARTY,1,GRADUATE PROFESSIONAL,48,42151794,2851036
MAHARASHTRA,PUNE,RAKESH PRABHAKAR CHAVAN,IND,0,8TH PASS,45,20608100,600000
MAHARASHTRA,PUNE,RAVINDRA BANSIRAM MAHAPURE,IND,0,LITERATE,52,,
MAHARASHTRA,PUNE,SANJAY BABURAO JADHAV,IND,0,10TH PASS,47,2215000,165000
MAHARASHTRA,PUNE,SAYYAD RAJ FAIYAZ,BHARTIYA KISAN PARTY,0,GRADUATE,42,5200000,3650000
MAHARASHTRA,PUNE,SUHAS POPAT GAJARMAL,RASHTRIYA JANSHAKTI PARTY (SECULAR),0,12TH PASS,33,771,22000
MAHARASHTRA,PUNE,UTTAM PANDURANG SHINDE,BSP,1,GRADUATE,52,245310000,0
MAHARASHTRA,RAIGAD,TATKARE SUNIL DATTATRAY,NCP,0,OTHERS,64,127487277,3221073
MAHARASHTRA,RAIGAD,ANANT GANGARAM GEETE,SHS,0,10TH PASS,67,54422110,21341268
MAHARASHTRA,RAIGAD,AVINASH VASANT PATIL,IND,0,5TH PASS,53,4000,0
MAHARASHTRA,RAIGAD,GAJENDRA PARSHURAM TURBADKAR,KRANTI KARI JAI HIND SENA,0,12TH PASS,50,,
MAHARASHTRA,RAIGAD,GHAG SANJAY ARJUN,IND,3,10TH PASS,47,21864480,3550000
MAHARASHTRA,RAIGAD,MADHUKAR MAHADEV KHAMKAR,IND,0,10TH PASS,42,1938900,0
MAHARASHTRA,RAIGAD,MILIND BHAGURAM SALVI,BSP,2,8TH PASS,61,,
MAHARASHTRA,RAIGAD,MUNAFAR JAINUBHIDIN CHOUDHARY,IND,0,5TH PASS,44,1095000,500000
MAHARASHTRA,RAIGAD,NATHURAM BHAGURAM HATE,BAHUJAN MUKTI PARTY,0,10TH PASS,58,9146178,840000
MAHARASHTRA,RAIGAD,SUBHASH JANARDAN PATIL,IND,0,10TH PASS,50,2862500,0
MAHARASHTRA,RAIGAD,SUMAN BHASKAR KOLI,VANCHIT BAHUJAN AAGHADI,0,5TH PASS,61,11042707,519330
MAHARASHTRA,RAIGAD,SUNIL PANDURANG TATKARE,IND,0,8TH PASS,43,,
MAHARASHTRA,RAIGAD,SUNIL SAKHARAM TATKARE,IND,0,8TH PASS,43,1032988,266000
MAHARASHTRA,RAIGAD,YOGESH KADAM,IND,0,12TH PASS,29,,
MAHARASHTRA,RAMTEK,KRUPAL BALAJI TUMANE,SHS,0,GRADUATE,53,,
MAHARASHTRA,RAMTEK,ANIL MAHADEO DHONE,IND,0,8TH PASS,54,9495186,2100000
MAHARASHTRA,RAMTEK,ARCHANA CHANDRAKUMAR UKEY,RASHTRIYA JANSAMBHAVNA PARTY,0,12TH PASS,45,52000,0
MAHARASHTRA,RAMTEK,BANDU RAMCHANDRA MESHRAM,CPI(ML) RED STAR,0,12TH PASS,51,,
MAHARASHTRA,RAMTEK,CHANDRABHAN BALIRAM RAMTEKE,RASHTRIYA JANSURAJYA PARTY,0,12TH PASS,57,7455000,150000
MAHARASHTRA,RAMTEK,GAUTAM SHRIRAM WASNIK,IND,0,5TH PASS,44,925000,100000
MAHARASHTRA,RAMTEK,KANTESHWAR KHUSHALJI TUMANE,IND,0,10TH PASS,32,,
MAHARASHTRA,RAMTEK,KIRAN PREMKUMAR RODGE,VANCHIT BAHUJAN AAGHADI,0,LITERATE,58,8100000,0
MAHARASHTRA,RAMTEK,KISHORE UTTAMRAO GAJBHIYE,INC,0,POST GRADUATE,61,76190424,259920
MAHARASHTRA,RAMTEK,LAXMAN JYOTIK KANHEKAR,PEOPLES PARTY OF INDIA (DEMOCRATIC),0,DOCTORATE,62,7456820,0
MAHARASHTRA,RAMTEK,NATTHU MADHAV LOKHANDE,IND,0,DOCTORATE,70,9920000,0
MAHARASHTRA,RAMTEK,SANDESH BHIORAM BHALEKAR,IND,0,GRADUATE PROFESSIONAL,68,,
MAHARASHTRA,RAMTEK,SHAILESH SAMBHAJI JANBANDHU,SUCI(C),0,12TH PASS,44,2791420,0
MAHARASHTRA,RAMTEK,SONALI RAVINDRA BAGDE,IND,0,GRADUATE PROFESSIONAL,34,15000,0
MAHARASHTRA,RAMTEK,SUBHASH DHARMDAS GAJBHIYE,BSP,0,10TH PASS,29,,
MAHARASHTRA,RAMTEK,VINOD BHIWAJI PATIL,AMBEDKARITE PARTY OF INDIA,0,10TH PASS,51,498000,0
MAHARASHTRA,RATNAGIRI SINDHUDURG,VINAYAK BHAURAO RAUT,SHS,3,POST GRADUATE,65,50660534,2830000
MAHARASHTRA,RATNAGIRI SINDHUDURG,ADV. SANJAY SHARAD GANGNAIK,SAMAJWADI FORWARD BLOC,0,GRADUATE PROFESSIONAL,51,11829351,0
MAHARASHTRA,RATNAGIRI SINDHUDURG,AMBERKAR PANDHARINATH VIDYADHAR,IND,1,8TH PASS,39,5621192,0
MAHARASHTRA,RATNAGIRI SINDHUDURG,BHIKURAM KASHIRAM PALKAR,BAHUJAN MUKTI PARTY,0,GRADUATE,63,,
MAHARASHTRA,RATNAGIRI SINDHUDURG,KISHOR SIDU VARAK,BSP,2,12TH PASS,29,924800,160000
MAHARASHTRA,RATNAGIRI SINDHUDURG,MARUTI RAMCHANDRA JOSHI,VANCHIT BAHUJAN AAGHADI,0,8TH PASS,74,3493826,0
MAHARASHTRA,RATNAGIRI SINDHUDURG,NARAYAN DASHARATH GAVAS,IND,0,GRADUATE PROFESSIONAL,41,,
MAHARASHTRA,RATNAGIRI SINDHUDURG,NAVINCHANDRA BHALCHANDRA BANDIVADEKAR,INC,0,10TH PASS,62,124520857,16820672
MAHARASHTRA,RATNAGIRI SINDHUDURG,NILESH BHIKAJI BHATADE,IND,0,GRADUATE,28,316000,0
MAHARASHTRA,RATNAGIRI SINDHUDURG,RAJESH DILIPKUMAR JADHAV,BAHUJAN REPUBLICAN SOCIALIST PARTY,0,GRADUATE,33,202000,0
MAHARASHTRA,RATNAGIRI SINDHUDURG,VINAYAK LAVU RAUT,IND,1,8TH PASS,48,,
MAHARASHTRA,RAVER,KHADSE RAKSHA NIKHIL,BJP,0,GRADUATE,31,,
MAHARASHTRA,RAVER,ADAKMOL ROHIDAS RAMESH,AMBEDKARITE PARTY OF INDIA,0,12TH PASS,41,226000,0
MAHARASHTRA,RAVER,AJIT NAMDAR TADVI,RASTRIYA AAM JAN SEVA PARTY,0,8TH PASS,31,15000,0
MAHARASHTRA,RAVER,D. D. WANI [PHOTOGRAPHER],IND,0,10TH PASS,58,,
MAHARASHTRA,RAVER,DR.ULHAS VASUDEO PATIL,INC,1,POST GRADUATE,59,198503281,4508413
MAHARASHTRA,RAVER,GAURAV DAMODAR SURWADE,IND,0,10TH PASS,35,105000,0
MAHARASHTRA,RAVER,MADHUKAR SOPAN PATIL,HINDUSTAN JANTA PARTY,0,GRADUATE,70,50000,0
MAHARASHTRA,RAVER,NAZMIN SHAIKH RAMJAN,IND,0,8TH PASS,33,,0
MAHARASHTRA,RAVER,ROSHAN AARA SADIQUE ALI,IUML,0,12TH PASS,37,1626675,958112
MAHARASHTRA,RAVER,TAWAR VIJAY JAGAN,IND,0,10TH PASS,42,,0
MAHARASHTRA,RAVER,YOGENDRA VITHTHAL KOLATE,BSP,1,DOCTORATE,41,,
MAHARASHTRA,SANGLI,SANJAYKAKA PATIL,BJP,1,10TH PASS,54,191192187,23345328
MAHARASHTRA,SANGLI,ABHIJIT VAMANRAO AWADE-BICHUKLE,IND,2,GRADUATE,43,441102,0
MAHARASHTRA,SANGLI,ADHIK SAMPAT CHANNE,IND,2,GRADUATE,39,665000,0
MAHARASHTRA,SANGLI,BHAKTRAJ RAGHUNATH THIGALE,IND,0,8TH PASS,54,,
MAHARASHTRA,SANGLI,DATTATRAY PANDIT PATIL,IND,0,5TH PASS,47,3771000,10000
MAHARASHTRA,SANGLI,GOPICHAND KUNDLIK PADALKAR,VANCHIT BAHUJAN AAGHADI,5,12TH PASS,36,10372000,42000
MAHARASHTRA,SANGLI,HIMMAT PANDURANG KOLI,IND,1,OTHERS,47,,
MAHARASHTRA,SANGLI,NALAGE ANANDA SHANKAR,BALIRAJA PARTY,1,12TH PASS,50,126260,90000
MAHARASHTRA,SANGLI,NARAYAN CHANDAR MULIK,IND,3,8TH PASS,75,7068279,152000
MAHARASHTRA,SANGLI,RAJENDRA NAMDEV KAVTHEKAR,BAHUJAN MUKTI PARTY,0,GRADUATE PROFESSIONAL,43,14900000,4900000
MAHARASHTRA,SANGLI,SHANKAR MARTAND MANE,BSP,4,10TH PASS,31,,
MAHARASHTRA,SATARA,BHONSLE SHRIMANT CHHATRAPATI UDAYANRAJE PRATAPASINH MAHARAJ,NCP,8,12TH PASS,53,,
MAHARASHTRA,SATARA,ABHIJIT WAMANRAO -BICHUKALE,IND,2,GRADUATE,43,324408,0
MAHARASHTRA,SATARA,ANANDA RAMESH THORAWADE,BSP,0,GRADUATE,39,3855260,10408891
MAHARASHTRA,SATARA,DILIP SHREERANG JAGTAP,BAHUJAN REPUBLICAN SOCIALIST PARTY,0,GRADUATE PROFESSIONAL,48,1305600,283500
MAHARASHTRA,SATARA,NARENDRA ANNASAHEB PATIL,SHS,4,12TH PASS,44,152801213,51954358
MAHARASHTRA,SATARA,PANJABRAO MAHADEV PATIL,IND,1,5TH PASS,53,,
MAHARASHTRA,SATARA,SAGAR SHARAD BHISE,IND,2,8TH PASS,31,1487000,1000000
MAHARASHTRA,SATARA,SAHDEV KERAPPA AIWALE,VANCHIT BAHUJAN AAGHADI,0,GRADUATE PROFESSIONAL,63,1427313,400000
BYE ELECTION ON 21-10-2019 : MAHARASHTRA,SATARA,SHRINIWAS DADASAHEB PATIL,NCP,0,POST GRADUATE,78,,
BYE ELECTION ON 21-10-2019 : MAHARASHTRA,SATARA,ADV. SHIVAJIRAO JADHAV ALIAS KAVIVARY SUSHILKUMAR BHOSAREKAR,IND,0,GRADUATE PROFESSIONAL,48,52370000,0
BYE ELECTION ON 21-10-2019 : MAHARASHTRA,SATARA,ALANKRUTA ABHIJIT BICHUKALE,IND,0,POST GRADUATE,40,445321,0
BYE ELECTION ON 21-10-2019 : MAHARASHTRA,SATARA,CHANDRKANT TATU KHANDAIT,VANCHIT BAHUJAN AAGHADI,0,GRADUATE,51,,
BYE ELECTION ON 21-10-2019 : MAHARASHTRA,SATARA,SHIVAJI NARAYAN BHOSALE,IND,0,12TH PASS,48,36116000,400000
BYE ELECTION ON 21-10-2019 : MAHARASHTRA,SATARA,SHRIMANT CHH. UDYANRAJE PRATAPSINHMAHARAJ BHONSLE,BJP,8,12TH PASS,53,2011705843,18281463
BYE ELECTION ON 21-10-2019 : MAHARASHTRA,SATARA,VENKATESHWAR MAHA SWAMIJI (KATAKADHOND D.G.),HINDUSTAN JANTA PARTY,0,GRADUATE,32,9,99000
MAHARASHTRA,SHIRDI,SADASHIV KISAN LOKHANDE,SHS,1,10TH PASS,57,113710526,205100
MAHARASHTRA,SHIRDI,ADV. AMOLIK GOVIND BABURAO,IND,0,GRADUATE PROFESSIONAL,67,2419200,400000
MAHARASHTRA,SHIRDI,ASHOK ANAJI WAKCHAURE,IND,6,POST GRADUATE,50,6006000,0
MAHARASHTRA,SHIRDI,ASHOK JAGDISH JADHAV,RASHTRIYA MARATHA PARTY,0,GRADUATE,56,,
MAHARASHTRA,SHIRDI,BANSI BHAURAO SATPUTE,CPI,1,GRADUATE PROFESSIONAL,58,13605985,1622993
MAHARASHTRA,SHIRDI,BAPU PARAJI RANDHIR,IND,0,GRADUATE,53,6185000,270000
MAHARASHTRA,SHIRDI,BORAGE SHANKAR HARIBHAU,IND,0,GRADUATE,50,,
MAHARASHTRA,SHIRDI,GANPAT MACHINDRA MORE,IND,0,GRADUATE,51,2099072,45000
MAHARASHTRA,SHIRDI,KAMBLE BHAUSAHEB MALHARI,INC,1,OTHERS,64,26419995,1935504
MAHARASHTRA,SHIRDI,PRADIP SUNIL SARODE,IND,9,12TH PASS,32,113801,0
MAHARASHTRA,SHIRDI,PRAKASH KACHARU AAHER,BAHUJAN REPUBLICAN SOCIALIST PARTY,1,POST GRADUATE,55,7258501,85000
MAHARASHTRA,SHIRDI,SACHIN SADASHIV GAWANDE,IND,0,GRADUATE,27,,
MAHARASHTRA,SHIRDI,SAMPAT KHANDU SAMINDAR,IND,0,GRADUATE,66,2168164,0
MAHARASHTRA,SHIRDI,SANJAY LAXMAN SUKHDAN,VANCHIT BAHUJAN AAGHADI,2,GRADUATE,39,,
MAHARASHTRA,SHIRDI,SUBHASH DADA TRIBHUWAN,IND,1,5TH PASS,45,2927000,2220000
MAHARASHTRA,SHIRDI,SURESH EKNATH JAGDHANE,BSP,0,OTHERS,58,16277083,0
MAHARASHTRA,SHIRDI,WAKCHAURE BHAUSAHEB JAYRAM,IND,0,LITERATE,51,2957808,289450
MAHARASHTRA,SHIRDI,WAKCHAURE BHAUSAHEB RAJARAM,IND,0,GRADUATE PROFESSIONAL,69,89493665,6141795
MAHARASHTRA,SHIRUR,AMOL RAMSING KOLHE,NCP,0,GRADUATE PROFESSIONAL,38,43351521,1488116
MAHARASHTRA,SHIRUR,AADHALRAO SHIVAJI DATTATREY,SHS,10,OTHERS,64,290165511,49898166
MAHARASHTRA,SHIRUR,BALASAHEB JAYSINGH GHADAGE,IND,1,10TH PASS,59,,
MAHARASHTRA,SHIRUR,BHAU RAMCHANDRA AADAGALE,IND,0,10TH PASS,59,10549500,35000
MAHARASHTRA,SHIRUR,CHHAYA PRABHAKAR SOLANKE,IND,0,GRADUATE,29,7822405,750000
MAHARASHTRA,SHIRUR,GANGADHAR NATHU YADAV,IND,0,POST GRADUATE,43,,
MAHARASHTRA,SHIRUR,GHARE MOHAN DAMODAR,BALIRAJA PARTY,0,8TH PASS,52,13986000,4000000
MAHARASHTRA,SHIRUR,KAGADI JAMIRKHAN AFZAL,BSP,4,GRADUATE,44,42840000,5700000
MAHARASHTRA,SHIRUR,OVHAL RAHUL RAGHUNATH,VANCHIT BAHUJAN AAGHADI,2,8TH PASS,36,1199794,60000
MAHARASHTRA,SHIRUR,RAEESA SHAKIL SHAIKH,BHARTIYA KISAN PARTY,0,POST GRADUATE,45,5190000,3650000
MAHARASHTRA,SHIRUR,SAMSHAD ANWAR ANSARI,IND,0,12TH PASS,30,,
MAHARASHTRA,SHIRUR,SANJAY BABA BANSODE,BHARTIYA BAHUJAN KRANTI DAL,0,8TH PASS,42,15361250,170000
MAHARASHTRA,SHIRUR,SANJAY LAXMAN PADWAL,BHARTIYA NAVJAWAN SENA (PAKSHA),0,10TH PASS,50,225000,0
MAHARASHTRA,SHIRUR,SHAHID FARUKH SHAIKH,IND,0,5TH PASS,38,,
MAHARASHTRA,SHIRUR,SHASHIKANT RAJARAM DESAI,HAMARI APNI PARTY,0,12TH PASS,48,6326504,0
MAHARASHTRA,SHIRUR,SHIVAJI UTTAMRAO PAWAR,IND,0,12TH PASS,31,4773000,2355000
MAHARASHTRA,SHIRUR,SOMNATH HIRAMAN MALI,BAHUJAN REPUBLICAN SOCIALIST PARTY,6,8TH PASS,47,56300,75000
MAHARASHTRA,SHIRUR,SONALI THORAT,IND,0,8TH PASS,35,3300690,9200
MAHARASHTRA,SHIRUR,VAHIDA SHAHENU SHAIKH,IND,0,10TH PASS,38,,
MAHARASHTRA,SHIRUR,VIKAS RAJARAM AASHTUL,IND,0,8TH PASS,41,23000,0
MAHARASHTRA,SHIRUR,VINOD VASANT CHANDGUDE,IND,1,POST GRADUATE,34,4485000,1300000
MAHARASHTRA,SOLAPUR,SHRI. SHA. BRA. DR. JAY SIDDESHWAR SHIVACHRYA MAHASWAMIJI,BJP,0,GRADUATE,63,,
MAHARASHTRA,SOLAPUR,AD. KARANDE MANISHA MANOHAR,IND,0,GRADUATE PROFESSIONAL,37,20000,0
MAHARASHTRA,SOLAPUR,AD. VIKRAM UTTAM KASABE,IND,0,POST GRADUATE,43,99924,0
MAHARASHTRA,SOLAPUR,PROF. DR. OHAL ARJUN GENA,BAHUJAN MUKTI PARTY,0,DOCTORATE,52,,
MAHARASHTRA,SOLAPUR,SHRI AMBEDKAR PRAKASH YASHWANT,VANCHIT BAHUJAN AAGHADI,0,GRADUATE PROFESSIONAL,64,58722916,0
MAHARASHTRA,SOLAPUR,SHRI ASHOK BHAGAVAN UGHADE,IND,0,8TH PASS,65,393000,0
MAHARASHTRA,SOLAPUR,SHRI BHISE KRISHNA NAGNATH,BAHUJAN MAHA PARTY,0,12TH PASS,34,,
MAHARASHTRA,SOLAPUR,SHRI GAYDHANKAR VISHNU SHIDRAM,BHARATIYA PRAJA SURAJYA PAKSHA,0,GRADUATE,34,56100,0
MAHARASHTRA,SOLAPUR,SHRI KHANDARE SUDARSHAN RAYCHAND,IND,0,12TH PASS,33,2114000,20000
MAHARASHTRA,SOLAPUR,SHRI PATOLE MALHARI GULAB,IND,0,10TH PASS,70,373280,0
MAHARASHTRA,SOLAPUR,SHRI SHINDE SUSHILKUMAR SAMBHAJIRAO,INC,0,GRADUATE PROFESSIONAL,77,380358711,4750000
MAHARASHTRA,SOLAPUR,SHRIVENKATESWAR MAHA SWAMIJI (KATAKDHOND. D. G.),HINDUSTAN JANTA PARTY,0,GRADUATE,31,9,45000
MAHARASHTRA,THANE,RAJAN BABURAO VICHARE,SHS,9,12TH PASS,57,181441465,54080733
MAHARASHTRA,THANE,AJAY BABURAM GUPTA,BHARAT JAN AADHAR PARTY,0,GRADUATE,48,46237825,22322000
MAHARASHTRA,THANE,ANAND PRAKASH PARANJPE,NCP,11,POST GRADUATE,45,117277230,52183748
MAHARASHTRA,THANE,BRAMHADEV RAMBAKSHI PANDEY,SARVODAYA BHARAT PARTY,0,12TH PASS,36,,
MAHARASHTRA,THANE,DIGAMBAR YALAPPA BANSODE,IND,0,5TH PASS,55,1640000,0
MAHARASHTRA,THANE,DILIP PRABHAKAR ALONI,AKHIL BHARATIYA JAN SANGH,0,POST GRADUATE,63,11444000,0
MAHARASHTRA,THANE,DR. AKSHAY ANANT ZODGE,IND,0,POST GRADUATE,32,,
MAHARASHTRA,THANE,HEMANT KISAN PATIL,SANATAN SANSKRITI RAKSHA DAL,0,8TH PASS,45,27149433,245000
MAHARASHTRA,THANE,MADHAVILATA DINESHKUMAR MAURYA,JAN ADHIKAR PARTY,0,12TH PASS,42,9969620,8450000
MAHARASHTRA,THANE,OMKAR NATH TIWARI,HINDUSTHAN NIRMAN DAL,0,GRADUATE,32,841300,189156
MAHARASHTRA,THANE,OMPRAKASH SHRILAL PAL,IND,1,10TH PASS,35,3210000,0
MAHARASHTRA,THANE,POKHARKAR VINOD LAXMAN,IND,1,10TH PASS,35,,
MAHARASHTRA,THANE,PRABHAKAR ANANT JADHAV,BAHUJAN REPUBLICAN SOCIALIST PARTY,0,10TH PASS,63,9888423,0
MAHARASHTRA,THANE,RAJESH SIDHANNA KAMBLE,BAHUJAN MUKTI PARTY,0,GRADUATE,40,,
MAHARASHTRA,THANE,RAJESHCHANNA BAIJNATH JAISWAR,BSP,0,10TH PASS,48,4088000,2108675
MAHARASHTRA,THANE,RAMESH KUMAR SHRIVASTAV,IND,0,5TH PASS,63,6015000,0
MAHARASHTRA,THANE,SUBHASHCHANDRA RATANDEO JHA,SARDAR VALLABHBHAI PATEL PARTY,0,GRADUATE,50,12280000,111000
MAHARASHTRA,THANE,SUDHAKAR NARAYAN SHINDE,AMBEDKARITE PARTY OF INDIA,1,GRADUATE,65,17195035,0
MAHARASHTRA,THANE,SURENDRAKUMAR JAIN,NAITIK PARTY,0,10TH PASS,50,,
MAHARASHTRA,THANE,USMAN MOOSA SHAIKH,BAHUJAN MAHA PARTY,0,10TH PASS,47,299538,50000
MAHARASHTRA,THANE,VITTHAL NATHA CHAVAN,IND,0,8TH PASS,38,,0
MAHARASHTRA,WARDHA,RAMDAS CHANDRABHANJI TADAS,BJP,0,10TH PASS,65,65807822,8961387
MAHARASHTRA,WARDHA,ADV. BHASKAR MAROTRAO NEWARE,IND,0,POST GRADUATE,43,135345,0
MAHARASHTRA,WARDHA,ARVIND SHAMRAO LILLORE,IND,0,OTHERS,40,247887,0
MAHARASHTRA,WARDHA,CHARULATA KHAJANSING TOKAS,INC,0,GRADUATE PROFESSIONAL,53,,
MAHARASHTRA,WARDHA,DHANRAJ KOTIRAM VANJARI,VANCHIT BAHUJAN AAGHADI,1,POST GRADUATE,63,97629000,0
MAHARASHTRA,WARDHA,DNYANESHWAR LAXAMNRAO WAKUDKAR,LOKJAGAR PARTY,2,POST GRADUATE,62,17597448,150000
MAHARASHTRA,WARDHA,GADHAVE PRAVIN RAMESHWARRAO,AMBEDKARIST REPUBLICAN PARTY,0,10TH PASS,34,,
MAHARASHTRA,WARDHA,GANESH KISANRAO LADE,AMBEDKARITE PARTY OF INDIA,0,12TH PASS,42,189000,0
MAHARASHTRA,WARDHA,JAGDISH UDDHAVRAO WANKHEDE,BAHUJAN MUKTI PARTY,0,10TH PASS,35,40000,0
MAHARASHTRA,WARDHA,RAJESH MAROTRAO BALPANDE,IND,0,GRADUATE PROFESSIONAL,43,8019000,0
MAHARASHTRA,WARDHA,SHAILESHKUMAR PREMKISHORJI AGRAWAL,BSP,1,POST GRADUATE,37,,
MAHARASHTRA,WARDHA,UMESH SADASHIV NEWARE,IND,0,10TH PASS,42,124000,32138
MAHARASHTRA,WARDHA,ZITRUJI CHANDRUJI BORUTKAR,IND,0,GRADUATE PROFESSIONAL,63,19528934,1600000
MAHARASHTRA,YAVATMAL WASHIM,BHAVANA PUNDLIKRAO GAWALI,SHS,3,GRADUATE,46,,
MAHARASHTRA,YAVATMAL WASHIM,ANIL JAYRAM RATHOD,IND,0,POST GRADUATE,43,4890000,1020000
MAHARASHTRA,YAVATMAL WASHIM,ANKIT MOHAN CHANDAK,IND,0,GRADUATE PROFESSIONAL,27,29963000,580000
MAHARASHTRA,YAVATMAL WASHIM,DR. RAJIV AGRAWAL,IND,0,GRADUATE,54,8762000,1400000
MAHARASHTRA,YAVATMAL WASHIM,NARESH MAHADEV GHUGHANE,IND,0,8TH PASS,42,725000,400000
MAHARASHTRA,YAVATMAL WASHIM,NOORALI MAHEBOOB ALI SHAH,IND,0,10TH PASS,55,,
MAHARASHTRA,YAVATMAL WASHIM,PARASHRAM BHAOSING ADE,IND,0,POST GRADUATE,64,187301769,417919
MAHARASHTRA,YAVATMAL WASHIM,PAWAR RAMESH GORSING,IND,0,12TH PASS,64,40000,100000
MAHARASHTRA,YAVATMAL WASHIM,PREMASAI MAHARAJ,IND,6,5TH PASS,28,4900000,0
MAHARASHTRA,YAVATMAL WASHIM,PUNDLIK BALIRAM RATHOD,SANMAN RAJKIYA PAKSHA,0,12TH PASS,47,14113000,750000
MAHARASHTRA,YAVATMAL WASHIM,PURUSHOTTAM DOMAJI BHAJGHAWARE,RASHTRIYA BAHUJAN CONGRESS PARTY,0,12TH PASS,58,,
MAHARASHTRA,YAVATMAL WASHIM,RAJESH BHAURAOJI RAUT,GONDVANA GANTANTRA PARTY,0,10TH PASS,41,210000,40000
MAHARASHTRA,YAVATMAL WASHIM,RAMRAO SAWAI PAWAR,IND,0,10TH PASS,47,4810000,275000
MAHARASHTRA,YAVATMAL WASHIM,RAVI SAMPATRAO JADHAO,BAHUJAN MUKTI PARTY,0,GRADUATE PROFESSIONAL,73,,
MAHARASHTRA,YAVATMAL WASHIM,SALIM SHAH SULEMAN SHAH,IND,6,LITERATE,49,1010000,0
MAHARASHTRA,YAVATMAL WASHIM,SAMEER ARUNRAO DESHPANDE,IND,0,OTHERS,87,264000,90000
MAHARASHTRA,YAVATMAL WASHIM,SHAIKH JAVED SHAIKH MUSHTAQ,IND,3,8TH PASS,43,11422000,0
MAHARASHTRA,YAVATMAL WASHIM,SIMPAL RAJKUMAR RATHOD,IND,0,POST GRADUATE,42,913631,235000
MAHARASHTRA,YAVATMAL WASHIM,THAKRE MANIKRAO GOVINDRAO,INC,0,12TH PASS,64,,
MAHARASHTRA,YAVATMAL WASHIM,UTTAM BHAGAJI KAMBLE,PRABUDDHA REPUBLICAN PARTY,0,POST GRADUATE,51,,0
MAHARASHTRA,YAVATMAL WASHIM,VAISHALI SUDHAKAR YEDE,PRAHAR JANSHAKTI PARTY,0,10TH PASS,28,1168500,9000
MANIPUR,INNER MANIPUR,DR RAJKUMAR RANJAN SINGH,BJP,0,DOCTORATE,67,19616174,0
MANIPUR,INNER MANIPUR,DR. GURUMAYUM TONSANA SHARMA,MANIPUR DEMOCRATIC PEOPLES FRONT,0,DOCTORATE,69,12452000,0
MANIPUR,INNER MANIPUR,MD. ILIYASH KHAN,IND,0,12TH PASS,34,,
MANIPUR,INNER MANIPUR,MOIRANGTHEM NARA SINGH,CPI,0,GRADUATE PROFESSIONAL,69,3558822,5589692
MANIPUR,INNER MANIPUR,MOIRANGTHEM TOTOMSHANA NONGSHABA,IND,0,12TH PASS,41,1500,0
MANIPUR,INNER MANIPUR,OINAM JUGINDRO SINGH,MANIPUR PEOPLES PARTY,1,12TH PASS,68,,
MANIPUR,INNER MANIPUR,OINAM NABAKISHORE SINGH,INC,1,POST GRADUATE,59,17867003,1401257
MANIPUR,INNER MANIPUR,R.K. ANAND,NORTH EAST INDIA DEVELOPMENT PARTY,0,GRADUATE PROFESSIONAL,59,5266941,2963600
MANIPUR,INNER MANIPUR,SENJAM NANDESHWORE SINGH,RASHTRIYA JANHIT SANGHARSH PARTY,0,GRADUATE,60,2258269,0
MANIPUR,INNER MANIPUR,WAHENGBAM POBITRA SINGH,IND,1,12TH PASS,42,130022,52379
MANIPUR,OUTER MANIPUR,LORHO S. PFOZE,NPF,0,GRADUATE PROFESSIONAL,59,13709352,0
MANIPUR,OUTER MANIPUR,ANGAM KARUNG KOM,NCP,0,GRADUATE,63,470000,1460000
MANIPUR,OUTER MANIPUR,ASHANG KASAR,NORTH EAST INDIA DEVELOPMENT PARTY,0,POST GRADUATE,43,13563720,0
MANIPUR,OUTER MANIPUR,HANGKHANPAU TAITHUL,JD(U),0,POST GRADUATE,55,,
MANIPUR,OUTER MANIPUR,HOULIM SHOKHOPAO MATE,BJP,0,12TH PASS,36,16891558,0
MANIPUR,OUTER MANIPUR,K. JAMES,INC,2,GRADUATE,56,129198371,21839605
MANIPUR,OUTER MANIPUR,LEIKHAN KAIPU,IND,0,8TH PASS,54,,
MANIPUR,OUTER MANIPUR,THANGMINLIEN KIPGEN,NPP,0,12TH PASS,64,6663739,575332
MEGHALAYA,SHILLONG,VINCENT H. PALA,INC,0,GRADUATE PROFESSIONAL,51,,
MEGHALAYA,SHILLONG,JEMINO MAWTHOH,UNITED DEMOCRATIC PARTY,0,DOCTORATE,54,11432184,1178370
MEGHALAYA,SHILLONG,ROMEO PHIRA RANI,IND,0,12TH PASS,51,11097844,0
MEGHALAYA,SHILLONG,SAMUEL HASHAH,IND,0,12TH PASS,32,,
MEGHALAYA,SHILLONG,SANBOR SHULLAI,BJP,0,10TH PASS,52,66168175,0
MEGHALAYA,SHILLONG,T.H.S. BONNEY,IND,0,POST GRADUATE,58,53758447,1269345
MEGHALAYA,TURA,AGATHA K. SANGMA,NPP,0,POST GRADUATE,38,29406813,0
MEGHALAYA,TURA,DR. MUKUL SANGMA,INC,0,GRADUATE PROFESSIONAL,53,136735735,3408159
MEGHALAYA,TURA,RIKMAN GARREY MOMIN,BJP,0,OTHERS,55,,
MIZORAM,MIZORAM,C LALROSANGA,MNF,0,GRADUATE,62,131201374,0
MIZORAM,MIZORAM,LAL HRIATRENGA CHHANGTE,IND,0,GRADUATE PROFESSIONAL,54,13499370,2500000
MIZORAM,MIZORAM,LALNGHINGLOVA HMAR,IND,0,POST GRADUATE,41,,
MIZORAM,MIZORAM,LALTHLAMUANI,IND,0,ILLITERATE,63,4435455,500000
MIZORAM,MIZORAM,NIRUPAM CHAKMA,BJP,0,GRADUATE PROFESSIONAL,59,15655480,1016188
MIZORAM,MIZORAM,TBC LALVENCHHUNGA,PRISM PARTY,0,10TH PASS,36,,
NAGALAND,NAGALAND,TOKHEHO YEPTHOMI,NATIONALIST DEMOCRATIC PROGRESSIVE PARTY,0,GRADUATE,62,128117474,18600000
NAGALAND,NAGALAND,DR. M M THROMWA KONYAK,IND,0,DOCTORATE,40,1100000,0
NAGALAND,NAGALAND,HAYITHUNG TUNGOE,NPP,0,POST GRADUATE,38,1265882,0
NAGALAND,NAGALAND,K L CHISHI,INC,0,GRADUATE PROFESSIONAL,75,,
NATIONAL CAPITAL TERRITORY OF DELHI,CHANDNI CHOWK,HARSH VARDHAN,BJP,0,POST GRADUATE,64,,
NATIONAL CAPITAL TERRITORY OF DELHI,CHANDNI CHOWK,ANIL KUMAR,RASHTRIYA RASHTRAWADI PARTY,0,GRADUATE,37,2125449,125000
NATIONAL CAPITAL TERRITORY OF DELHI,CHANDNI CHOWK,ASHOK KUMAR,RPI(A),0,10TH PASS,67,21000000,0
NATIONAL CAPITAL TERRITORY OF DELHI,CHANDNI CHOWK,DEEPTI CHOPRA,PRISM PARTY,0,GRADUATE,52,,
NATIONAL CAPITAL TERRITORY OF DELHI,CHANDNI CHOWK,DHEER SINGH,RASHTRIYA JANSAMBHAVNA PARTY,0,GRADUATE,36,20000,0
NATIONAL CAPITAL TERRITORY OF DELHI,CHANDNI CHOWK,FARHADEEBA,IND,0,10TH PASS,38,277000,250000
NATIONAL CAPITAL TERRITORY OF DELHI,CHANDNI CHOWK,INDER SEN,RASHTRIYA SAMRASTA PARTY,0,10TH PASS,36,4500001,50368
NATIONAL CAPITAL TERRITORY OF DELHI,CHANDNI CHOWK,JAI PRAKASH AGARWAL,INC,0,GRADUATE,74,96159175,0
NATIONAL CAPITAL TERRITORY OF DELHI,CHANDNI CHOWK,KAMAL KISHOR,PEOPLES PARTY OF INDIA (DEMOCRATIC),0,GRADUATE,67,8550331,0
NATIONAL CAPITAL TERRITORY OF DELHI,CHANDNI CHOWK,MOHD. IRFAN JAVED QURESHI,EKTA SAMAJ PARTY,2,GRADUATE,57,350000,0
NATIONAL CAPITAL TERRITORY OF DELHI,CHANDNI CHOWK,MUNNA LAL,IND,0,10TH PASS,37,,
NATIONAL CAPITAL TERRITORY OF DELHI,CHANDNI CHOWK,PANKAJ GUPTA,IND,0,10TH PASS,57,2597720,0
NATIONAL CAPITAL TERRITORY OF DELHI,CHANDNI CHOWK,PANKAJ KUMAR GUPTA,AAP,0,GRADUATE PROFESSIONAL,52,204351194,737055
NATIONAL CAPITAL TERRITORY OF DELHI,CHANDNI CHOWK,RAVI KUMAR,IND,0,GRADUATE,33,,
NATIONAL CAPITAL TERRITORY OF DELHI,CHANDNI CHOWK,RAVINDRA,KANSHIRAM BAHUJAN DAL,0,8TH PASS,43,6443204,0
NATIONAL CAPITAL TERRITORY OF DELHI,CHANDNI CHOWK,SAMEER MIRZA,BHARAT PRABHAT PARTY,0,12TH PASS,29,660200,0
NATIONAL CAPITAL TERRITORY OF DELHI,CHANDNI CHOWK,SAURABH RANJAN,PYRAMID PARTY OF INDIA,0,GRADUATE PROFESSIONAL,33,312000,0
NATIONAL CAPITAL TERRITORY OF DELHI,CHANDNI CHOWK,SHAHID ALI,BSP,0,GRADUATE PROFESSIONAL,46,30825000,4173296
NATIONAL CAPITAL TERRITORY OF DELHI,CHANDNI CHOWK,SHARESTHA ARORA,MAZDOOR KIRAYEDAR VIKAS PARTY,0,12TH PASS,42,,
NATIONAL CAPITAL TERRITORY OF DELHI,CHANDNI CHOWK,SOHAN LAL SHARMA,RASHTRA NIRMAN PARTY,0,GRADUATE PROFESSIONAL,78,25440,0
NATIONAL CAPITAL TERRITORY OF DELHI,CHANDNI CHOWK,SUMAN DEVI,BHARAT LOK SEWAK PARTY,0,GRADUATE,53,130000,0
NATIONAL CAPITAL TERRITORY OF DELHI,CHANDNI CHOWK,VIRENDER PRATAP SINGH,AAPKI APNI PARTY (PEOPLES),0,5TH PASS,38,,
NATIONAL CAPITAL TERRITORY OF DELHI,CHANDNI CHOWK,VISHAL KHANNA,SANATAN SANSKRITI RAKSHA DAL,1,10TH PASS,37,3810000,271500
NATIONAL CAPITAL TERRITORY OF DELHI,EAST DELHI,GAUTAM GAMBHIR,BJP,1,12TH PASS,37,,
NATIONAL CAPITAL TERRITORY OF DELHI,EAST DELHI,AJAY CHAUDHARY,AAPKI APNI PARTY (PEOPLES),0,12TH PASS,42,559000,180000
NATIONAL CAPITAL TERRITORY OF DELHI,EAST DELHI,AMANULLAH AHMED,BHARTIYA INSAN PARTY,0,10TH PASS,34,7944500,0
NATIONAL CAPITAL TERRITORY OF DELHI,EAST DELHI,ANUPAM TRIPATHI,BHARTIYA KISAN PARTY,0,GRADUATE PROFESSIONAL,38,,
NATIONAL CAPITAL TERRITORY OF DELHI,EAST DELHI,ARVINDER SINGH LOVELY,INC,0,GRADUATE,50,50452066,0
NATIONAL CAPITAL TERRITORY OF DELHI,EAST DELHI,ASHOK SURANA,IND,0,GRADUATE,44,112354277,2250000
NATIONAL CAPITAL TERRITORY OF DELHI,EAST DELHI,ATISHI,AAP,1,POST GRADUATE,37,,
NATIONAL CAPITAL TERRITORY OF DELHI,EAST DELHI,D. DURGA PRASAD,CHALLENGERS PARTY,0,GRADUATE PROFESSIONAL,53,47138000,0
NATIONAL CAPITAL TERRITORY OF DELHI,EAST DELHI,DEEPTI NADELLA,PYRAMID PARTY OF INDIA,0,POST GRADUATE,38,9062141,0
NATIONAL CAPITAL TERRITORY OF DELHI,EAST DELHI,HAFIZ BURHANUDDIN,THE NATIONAL ROAD MAP PARTY OF INDIA,0,POST GRADUATE,57,6645000,0
NATIONAL CAPITAL TERRITORY OF DELHI,EAST DELHI,HARBALWINDER SINGH,IND,0,POST GRADUATE,38,143303628,0
NATIONAL CAPITAL TERRITORY OF DELHI,EAST DELHI,HITESH KUMAR,JAI PRAKASH JANATA DAL,0,POST GRADUATE,38,,
NATIONAL CAPITAL TERRITORY OF DELHI,EAST DELHI,KRISHAN SINGH CHAUHAN,PEOPLES PARTY OF INDIA (DEMOCRATIC),0,DOCTORATE,56,26415314,750832
NATIONAL CAPITAL TERRITORY OF DELHI,EAST DELHI,MANJEET SINGH,RASHTRA NIRMAN PARTY,0,GRADUATE PROFESSIONAL,31,6240443,230501
NATIONAL CAPITAL TERRITORY OF DELHI,EAST DELHI,MANJU CHHIBBER,RPI(A),0,GRADUATE,64,,
NATIONAL CAPITAL TERRITORY OF DELHI,EAST DELHI,MANOJ KUMAR GUPTA,IND,0,POST GRADUATE,42,35324,0
NATIONAL CAPITAL TERRITORY OF DELHI,EAST DELHI,MOHAN LAL SHARMA,SATYA BAHUMAT PARTY,0,POST GRADUATE,72,20428012,0
NATIONAL CAPITAL TERRITORY OF DELHI,EAST DELHI,NEERU MONGIA,PRISM PARTY,0,GRADUATE PROFESSIONAL,40,21370288,1980000
NATIONAL CAPITAL TERRITORY OF DELHI,EAST DELHI,RAHIMUDDIN SHAH,IND,0,10TH PASS,39,938785,0
NATIONAL CAPITAL TERRITORY OF DELHI,EAST DELHI,RAJ KUMAR DHINGIYA,IND,0,POST GRADUATE,40,,
NATIONAL CAPITAL TERRITORY OF DELHI,EAST DELHI,RAVI KUMAR,IND,0,GRADUATE,53,39705621,334500
NATIONAL CAPITAL TERRITORY OF DELHI,EAST DELHI,SANJAY KUMAR,BSP,0,12TH PASS,48,4693400,845000
NATIONAL CAPITAL TERRITORY OF DELHI,EAST DELHI,SATISH KUMAR PRAJAPATI,MAZDOOR KIRAYEDAR VIKAS PARTY,0,8TH PASS,48,,
NATIONAL CAPITAL TERRITORY OF DELHI,EAST DELHI,SHIV KUMAR,IND,0,5TH PASS,45,1198000,0
NATIONAL CAPITAL TERRITORY OF DELHI,EAST DELHI,SURENDER GUPTA,NATIONAL APNI PARTY,0,5TH PASS,43,590000,0
NATIONAL CAPITAL TERRITORY OF DELHI,NEW DELHI,MEENAKASHI LEKHI,BJP,0,GRADUATE PROFESSIONAL,51,361441689,7938378
NATIONAL CAPITAL TERRITORY OF DELHI,NEW DELHI,AASHISH S SAXENA,IND,0,POST GRADUATE,39,2680000,242000
NATIONAL CAPITAL TERRITORY OF DELHI,NEW DELHI,AJAY KUMAR LAL,IND,0,POST GRADUATE,60,46731242,4301374
NATIONAL CAPITAL TERRITORY OF DELHI,NEW DELHI,AJAY MAKAN,INC,0,POST GRADUATE,55,,
NATIONAL CAPITAL TERRITORY OF DELHI,NEW DELHI,BRIJESH GOYAL,AAP,0,GRADUATE,43,9594156,3285554
NATIONAL CAPITAL TERRITORY OF DELHI,NEW DELHI,DILIP SINGH KOTHARI,IND,0,POST GRADUATE,59,5852977,0
NATIONAL CAPITAL TERRITORY OF DELHI,NEW DELHI,HARKRISHAN DAS NIJHAWAN,IND,1,12TH PASS,56,,
NATIONAL CAPITAL TERRITORY OF DELHI,NEW DELHI,JITENDRA RAUT,AKHIL BHARATIYA MANAVATA PAKSHA,1,GRADUATE,40,649510,14406
NATIONAL CAPITAL TERRITORY OF DELHI,NEW DELHI,K SREEKRISHNA,JAMMU & KASHMIR NATIONAL PANTHERS PARTY,0,POST GRADUATE,49,59282,0
NATIONAL CAPITAL TERRITORY OF DELHI,NEW DELHI,LAL JI,AKHAND RASHTRAWADI PARTY,1,GRADUATE,49,6494000,170000
NATIONAL CAPITAL TERRITORY OF DELHI,NEW DELHI,NAVEEN KUMAR,RASHTRIYA SAMRASTA PARTY,0,GRADUATE PROFESSIONAL,44,,
NATIONAL CAPITAL TERRITORY OF DELHI,NEW DELHI,NILANJAN BANERJEE,BHARAT LOK SEWAK PARTY,0,12TH PASS,41,60000,0
NATIONAL CAPITAL TERRITORY OF DELHI,NEW DELHI,PRIYANKA BHARIHOKE,IND,0,POST GRADUATE,33,3832340,0
NATIONAL CAPITAL TERRITORY OF DELHI,NEW DELHI,RAJ KARAN,CORRUPTION ABOLITION PARTY,0,10TH PASS,61,,
NATIONAL CAPITAL TERRITORY OF DELHI,NEW DELHI,RAJ SHEKHAR GUNTI,PRISM PARTY,0,GRADUATE,44,492771,2601000
NATIONAL CAPITAL TERRITORY OF DELHI,NEW DELHI,RAJESH SATIYA,SANATAN SANSKRITI RAKSHA DAL,0,POST GRADUATE,36,62108,43326
NATIONAL CAPITAL TERRITORY OF DELHI,NEW DELHI,RAVINDER PAUL SEHGAL,PYRAMID PARTY OF INDIA,0,POST GRADUATE,70,45725073,73782
NATIONAL CAPITAL TERRITORY OF DELHI,NEW DELHI,SREE NIVASAN RAMAMOORTHY,IND,0,GRADUATE PROFESSIONAL,57,9996766,0
NATIONAL CAPITAL TERRITORY OF DELHI,NEW DELHI,SUNIL,AAPKI APNI PARTY (PEOPLES),0,8TH PASS,36,,
NATIONAL CAPITAL TERRITORY OF DELHI,NEW DELHI,SUNIL KUMAR,PEOPLES PARTY OF INDIA (DEMOCRATIC),0,POST GRADUATE,47,11664371,1761306
NATIONAL CAPITAL TERRITORY OF DELHI,NEW DELHI,SURESH KUMAR,IND,0,GRADUATE,41,1376000,0
NATIONAL CAPITAL TERRITORY OF DELHI,NEW DELHI,SWADESH KUMAR OHR,ATULYA BHARAT PARTY,0,GRADUATE,77,,
NATIONAL CAPITAL TERRITORY OF DELHI,NEW DELHI,UMESH CHANDRA GAUR,RPI(A),0,DOCTORATE,51,3901922,0
NATIONAL CAPITAL TERRITORY OF DELHI,NEW DELHI,UPENDRA,ANJAAN AADMI PARTY,0,GRADUATE PROFESSIONAL,31,1024406,0
NATIONAL CAPITAL TERRITORY OF DELHI,NORTH EAST DELHI,MANOJ TIWARI,BJP,3,POST GRADUATE,48,244067031,13618755
NATIONAL CAPITAL TERRITORY OF DELHI,NORTH EAST DELHI,ABHINAV KUMAR,SANYUKT VIKAS PARTY,0,GRADUATE,32,1167520,0
NATIONAL CAPITAL TERRITORY OF DELHI,NORTH EAST DELHI,AJAY BHAI,RIGHT TO RECALL PARTY,0,10TH PASS,35,14088213,8750871
NATIONAL CAPITAL TERRITORY OF DELHI,NORTH EAST DELHI,AMIT KUMAR SHARMA,SANJHI VIRASAT PARTY,0,GRADUATE,43,,
NATIONAL CAPITAL TERRITORY OF DELHI,NORTH EAST DELHI,AMRENDER KUMAR,IND,0,10TH PASS,30,2590450,250000
NATIONAL CAPITAL TERRITORY OF DELHI,NORTH EAST DELHI,ANIL KUMAR YADAV,IND,0,GRADUATE,27,222218,0
NATIONAL CAPITAL TERRITORY OF DELHI,NORTH EAST DELHI,ANURUDDH KUMAR DUBE,BHARAT LOK SEWAK PARTY,1,10TH PASS,39,,
NATIONAL CAPITAL TERRITORY OF DELHI,NORTH EAST DELHI,D DURGA PRASAD,CHALLENGERS PARTY,0,GRADUATE PROFESSIONAL,53,47138000,0
NATIONAL CAPITAL TERRITORY OF DELHI,NORTH EAST DELHI,DAN BAHADUR YADAV,BHARTIYA JANTA DAL (INTEGRATED),0,GRADUATE PROFESSIONAL,43,4305100,0
NATIONAL CAPITAL TERRITORY OF DELHI,NORTH EAST DELHI,J. K. JAIN,JAI PRAKASH JANATA DAL,0,GRADUATE PROFESSIONAL,61,12182945,0
NATIONAL CAPITAL TERRITORY OF DELHI,NORTH EAST DELHI,MAHENDER PASWAN,MAZDOOR KIRAYEDAR VIKAS PARTY,0,8TH PASS,41,1857000,0
NATIONAL CAPITAL TERRITORY OF DELHI,NORTH EAST DELHI,MAHFOOJ KHAN,IND,0,8TH PASS,42,,
NATIONAL CAPITAL TERRITORY OF DELHI,NORTH EAST DELHI,MANAGER CHAURASIYA,SUCI(C),0,12TH PASS,51,903000,0
NATIONAL CAPITAL TERRITORY OF DELHI,NORTH EAST DELHI,MD AKRAM,IND,0,GRADUATE PROFESSIONAL,34,,
NATIONAL CAPITAL TERRITORY OF DELHI,NORTH EAST DELHI,MOHD HASAN,RPI(A),0,12TH PASS,44,372000,0
NATIONAL CAPITAL TERRITORY OF DELHI,NORTH EAST DELHI,MOHD IRFAN,BHARAT PRABHAT PARTY,0,GRADUATE PROFESSIONAL,41,12463190,0
NATIONAL CAPITAL TERRITORY OF DELHI,NORTH EAST DELHI,PRADESH KUMAR,SARVODAYA PRABHAT PARTY,0,GRADUATE PROFESSIONAL,35,1102410,201238
NATIONAL CAPITAL TERRITORY OF DELHI,NORTH EAST DELHI,RAJVEER SINGH,BSP,0,12TH PASS,43,92354028,40746162
NATIONAL CAPITAL TERRITORY OF DELHI,NORTH EAST DELHI,S N SINGH,IND,1,DOCTORATE,72,,
NATIONAL CAPITAL TERRITORY OF DELHI,NORTH EAST DELHI,SHEILA DIKSHIT,INC,0,POST GRADUATE,81,49285773,0
NATIONAL CAPITAL TERRITORY OF DELHI,NORTH EAST DELHI,SUNIL VISHVAKARMA,AMBEDKAR NATIONAL CONGRESS,0,10TH PASS,47,4502000,682000
NATIONAL CAPITAL TERRITORY OF DELHI,NORTH EAST DELHI,YOGESH SWAMY,IND,0,GRADUATE,36,,
NATIONAL CAPITAL TERRITORY OF DELHI,NORTH WEST DELHI,HANS RAJ HANS,BJP,0,10TH PASS,57,131137732,47897494
NATIONAL CAPITAL TERRITORY OF DELHI,NORTH WEST DELHI,ADITI,IND,1,GRADUATE,25,18505,0
NATIONAL CAPITAL TERRITORY OF DELHI,NORTH WEST DELHI,"CHARAN SINGH ""BABRIK""",IND,0,8TH PASS,50,205330,0
NATIONAL CAPITAL TERRITORY OF DELHI,NORTH WEST DELHI,GAURAV BHATIA,MAZDOOR KIRAYEDAR VIKAS PARTY,0,8TH PASS,31,,
NATIONAL CAPITAL TERRITORY OF DELHI,NORTH WEST DELHI,GUGAN SINGH,AAP,0,8TH PASS,70,12853787,0
NATIONAL CAPITAL TERRITORY OF DELHI,NORTH WEST DELHI,ISHWAR MANSUKH ISHU,SATYA BAHUMAT PARTY,1,8TH PASS,34,,
NATIONAL CAPITAL TERRITORY OF DELHI,NORTH WEST DELHI,MADAN LAL BALMIKI,RASHTRIYA SAMRASTA PARTY,1,10TH PASS,66,2637085,0
NATIONAL CAPITAL TERRITORY OF DELHI,NORTH WEST DELHI,NAVEEN,IND,0,12TH PASS,33,4375000,0
NATIONAL CAPITAL TERRITORY OF DELHI,NORTH WEST DELHI,RAM KUMAR,BHARTIYA PRAGATISHEEL CONGRESS,0,GRADUATE,62,28000,0
NATIONAL CAPITAL TERRITORY OF DELHI,NORTH WEST DELHI,SURESH KUMAR,SOCIALIST JANATA PARTY,0,GRADUATE PROFESSIONAL,65,25320000,0
NATIONAL CAPITAL TERRITORY OF DELHI,SOUTH DELHI,RAMESH BIDHURI,BJP,2,GRADUATE PROFESSIONAL,57,180052708,2038454
NATIONAL CAPITAL TERRITORY OF DELHI,SOUTH DELHI,ADITYA KUMAR NAVEEN,HUM BHARTIYA PARTY,0,12TH PASS,34,2044023,0
NATIONAL CAPITAL TERRITORY OF DELHI,SOUTH DELHI,BIRJU NAYAK,IND,0,GRADUATE,44,4589741,130000
NATIONAL CAPITAL TERRITORY OF DELHI,SOUTH DELHI,DALBIR SINGH MALIK,VOTERS PARTY INTERNATIONAL,0,12TH PASS,56,,
NATIONAL CAPITAL TERRITORY OF DELHI,SOUTH DELHI,DEEPAK KUMAR,AAPKI APNI PARTY (PEOPLES),0,8TH PASS,41,6254000,0
NATIONAL CAPITAL TERRITORY OF DELHI,SOUTH DELHI,DESH KUMAR,AKHIL BHARATIYA JAN SANGH,0,GRADUATE,56,611000,0
NATIONAL CAPITAL TERRITORY OF DELHI,SOUTH DELHI,DILIP KUMAR,SANATAN SANSKRITI RAKSHA DAL,0,GRADUATE,44,,
NATIONAL CAPITAL TERRITORY OF DELHI,SOUTH DELHI,DR. MAHENDER SINGH CHURIYANA,PEOPLES PARTY OF INDIA (DEMOCRATIC),0,POST GRADUATE,61,32015000,1150000
NATIONAL CAPITAL TERRITORY OF DELHI,SOUTH DELHI,DR. SUMAN YADAV,JAI MAHA BHARATH PARTY,0,DOCTORATE,42,24054066,1600000
NATIONAL CAPITAL TERRITORY OF DELHI,SOUTH DELHI,JITENDRA,PRISM PARTY,0,GRADUATE PROFESSIONAL,40,4392289,0
NATIONAL CAPITAL TERRITORY OF DELHI,SOUTH DELHI,K ROSHAN KUMAR,PYRAMID PARTY OF INDIA,0,OTHERS,53,3217000,0
NATIONAL CAPITAL TERRITORY OF DELHI,SOUTH DELHI,MATHEWS,BHARTIYA INSAN PARTY,0,GRADUATE,63,,
NATIONAL CAPITAL TERRITORY OF DELHI,SOUTH DELHI,MOHAN KUMAR GUPTA,MAZDOOR KIRAYEDAR VIKAS PARTY,0,GRADUATE,31,1948254,0
NATIONAL CAPITAL TERRITORY OF DELHI,SOUTH DELHI,NAISE KHAN,IND,0,5TH PASS,60,260500,0
NATIONAL CAPITAL TERRITORY OF DELHI,SOUTH DELHI,NAVANIT,NATIONAL YOUTH PARTY,2,POST GRADUATE,40,,
NATIONAL CAPITAL TERRITORY OF DELHI,SOUTH DELHI,RAGHAV CHADHA,AAP,0,GRADUATE PROFESSIONAL,30,1647954,0
NATIONAL CAPITAL TERRITORY OF DELHI,SOUTH DELHI,RAJENDRA PRASAD GUPTA,PARIVARTAN SAMAJ PARTY,0,POST GRADUATE,49,278181,0
NATIONAL CAPITAL TERRITORY OF DELHI,SOUTH DELHI,ROSHAN KUMAR CHOUDHARY,IND,0,12TH PASS,0,29000,0
NATIONAL CAPITAL TERRITORY OF DELHI,SOUTH DELHI,SANDEEP,RASHTRIYA JAN ADHIKAR PARTY,0,8TH PASS,36,,
NATIONAL CAPITAL TERRITORY OF DELHI,SOUTH DELHI,SIDDHANT GAUTAM,BSP,0,POST GRADUATE,52,7797516,900000
NATIONAL CAPITAL TERRITORY OF DELHI,SOUTH DELHI,SOBRAN SINGH CHAUHAN,RASHTRIYA RASHTRAWADI PARTY,0,GRADUATE,63,5643963,0
NATIONAL CAPITAL TERRITORY OF DELHI,SOUTH DELHI,SUMEDHA BODH,JAN SAMMAN PARTY,0,POST GRADUATE,35,,
NATIONAL CAPITAL TERRITORY OF DELHI,SOUTH DELHI,SUNIL KUMAR,IND,0,10TH PASS,39,2031247,0
NATIONAL CAPITAL TERRITORY OF DELHI,SOUTH DELHI,VIJENDER,INC,0,GRADUATE,33,121525000,31967000
NATIONAL CAPITAL TERRITORY OF DELHI,WEST DELHI,PARVESH SAHIB SINGH,BJP,0,POST GRADUATE,41,155195014,40097329
NATIONAL CAPITAL TERRITORY OF DELHI,WEST DELHI,BAIDYANATH SAH,"PROUTIST BLOC, INDIA",0,GRADUATE PROFESSIONAL,53,5240190,211300
NATIONAL CAPITAL TERRITORY OF DELHI,WEST DELHI,BALBIR SINGH JAKHAR,AAP,0,GRADUATE PROFESSIONAL,47,32894288,4161197
NATIONAL CAPITAL TERRITORY OF DELHI,WEST DELHI,BALBIR SINGH S/O DAYARAM CHAUDHARY,IND,0,GRADUATE,56,,
NATIONAL CAPITAL TERRITORY OF DELHI,WEST DELHI,DAYA NAND VATS,RPI(A),0,POST GRADUATE,62,10570909,0
NATIONAL CAPITAL TERRITORY OF DELHI,WEST DELHI,DHARAMBIR SINGH,RASHTRIYA JANSHAKTI PARTY (SECULAR),0,10TH PASS,57,499904,0
NATIONAL CAPITAL TERRITORY OF DELHI,WEST DELHI,HARSH VARDHAN SHUKLA,IND,0,GRADUATE PROFESSIONAL,26,,
NATIONAL CAPITAL TERRITORY OF DELHI,WEST DELHI,IQBAL SINGH (SONU),IND,1,8TH PASS,45,10436974,0
NATIONAL CAPITAL TERRITORY OF DELHI,WEST DELHI,JANAK RAJ RANA,AKHAND RASHTRAWADI PARTY,0,GRADUATE PROFESSIONAL,57,41572000,700000
NATIONAL CAPITAL TERRITORY OF DELHI,WEST DELHI,M. MISHRA,IND,0,GRADUATE PROFESSIONAL,41,6425058,0
NATIONAL CAPITAL TERRITORY OF DELHI,WEST DELHI,MAHABAL MISHRA,INC,3,12TH PASS,65,450721618,2814393
NATIONAL CAPITAL TERRITORY OF DELHI,WEST DELHI,MANMOHAN SINGH,RASHTRA NIRMAN PARTY,0,POST GRADUATE,58,,
NATIONAL CAPITAL TERRITORY OF DELHI,WEST DELHI,NAVIN CHANDRA DAS,IND,0,GRADUATE,69,8044000,1280000
NATIONAL CAPITAL TERRITORY OF DELHI,WEST DELHI,POONAM,PEOPLES PARTY OF INDIA (DEMOCRATIC),0,GRADUATE,48,,
NATIONAL CAPITAL TERRITORY OF DELHI,WEST DELHI,PRAVESH SHARMA,IND,0,POST GRADUATE,36,5421404,926560
NATIONAL CAPITAL TERRITORY OF DELHI,WEST DELHI,PROBIR DUTTA,SATYA BAHUMAT PARTY,0,POST GRADUATE,44,6093819,0
NATIONAL CAPITAL TERRITORY OF DELHI,WEST DELHI,RAMESH CHAND VERMA,IND,0,5TH PASS,58,9684561,0
NATIONAL CAPITAL TERRITORY OF DELHI,WEST DELHI,SHASHIJEET,NATIONAL YOUTH PARTY,0,12TH PASS,44,1173350,0
NATIONAL CAPITAL TERRITORY OF DELHI,WEST DELHI,SHISH PAL SINGH,PRISM PARTY,0,5TH PASS,64,,
NATIONAL CAPITAL TERRITORY OF DELHI,WEST DELHI,SITA SARAN SEN,BSP,0,10TH PASS,40,15707415,400000
NATIONAL CAPITAL TERRITORY OF DELHI,WEST DELHI,VIKASH KUMAR MOHAL,AAPKI APNI PARTY (PEOPLES),0,12TH PASS,25,108973,25000
ODISHA,ASKA,PRAMILA BISOYI,BJD,0,5TH PASS,70,732470,0
ODISHA,ASKA,ANITA SUBHADARSHINI,BJP,0,POST GRADUATE,47,16175950,17925000
ODISHA,ASKA,CHAKRADHAR SAHU,IND,0,12TH PASS,62,10071000,0
ODISHA,ASKA,K. SHYAMBABU SUBUDHI,IND,0,12TH PASS,83,,
ODISHA,ASKA,PURNA CHANDRA NAYAK,BSP,0,GRADUATE,29,20000,0
ODISHA,ASKA,RAJEEB CHANDRA KHADANGA,AIFB,1,GRADUATE,45,,
ODISHA,ASKA,RAMA KRUSHNA PANDA,CPI,1,POST GRADUATE,47,329980,0
ODISHA,ASKA,SANKAR SAHU,CPI(ML) RED STAR,0,POST GRADUATE,43,541935,0
ODISHA,BALASORE,PRATAP CHANDRA SARANGI,BJP,7,GRADUATE,64,1346236,160
ODISHA,BALASORE,BASANTALATA PATTANAYAK,IND,0,POST GRADUATE,66,4650633,0
ODISHA,BALASORE,HAJI SK ABDUL ISTAR,AITC,0,GRADUATE PROFESSIONAL,51,2521000,0
ODISHA,BALASORE,JADUNATH SETHI,IND,0,GRADUATE,47,,
ODISHA,BALASORE,JAGANNATH DAS,IND,0,GRADUATE,44,1154900,0
ODISHA,BALASORE,MOHAMMED ALLI,AMBEDKAR NATIONAL CONGRESS,0,GRADUATE,54,21321310,0
ODISHA,BALASORE,NAVAJYOTI PATNAIK,INC,0,GRADUATE PROFESSIONAL,46,,
ODISHA,BALASORE,RABINDRA KUMAR JENA,BJD,0,OTHERS,51,726151097,63341667
ODISHA,BALASORE,RAMANATH BARIK,IND,0,12TH PASS,72,2791001,30000
ODISHA,BALASORE,SAROJ KUMAR PANDA,IND,0,GRADUATE,48,238072,0
ODISHA,BALASORE,SUBHASH,PRAGATISHIL SAMAJWADI PARTY (LOHIA),0,GRADUATE,26,,
ODISHA,BARGARH,SURESH PUJARI,BJP,0,POST GRADUATE,58,,
ODISHA,BARGARH,KOUSIKA SUNA,BSP,0,GRADUATE,41,996500,0
ODISHA,BARGARH,KULAMANI URMA,IND,0,10TH PASS,50,50159,0
ODISHA,BARGARH,M D NIZAMUDDIN,IND,1,8TH PASS,34,,
ODISHA,BARGARH,PRADEEP KUMAR DEBTA,INC,5,GRADUATE,51,51024740,13451459
ODISHA,BARGARH,PRASANNA ACHARYA,BJD,0,GRADUATE PROFESSIONAL,69,90051634,3227600
ODISHA,BERHAMPUR,CHANDRA SEKHAR SAHU,BJD,0,10TH PASS,68,,
ODISHA,BERHAMPUR,BHRUGU BAXIPATRA,BJP,4,GRADUATE PROFESSIONAL,44,31044317,1650465
ODISHA,BERHAMPUR,CHAKRADHAR SAHU,IND,0,12TH PASS,62,10071000,0
ODISHA,BERHAMPUR,K. SHYAMBABU SUBUDHI,IND,0,12TH PASS,83,10000,0
ODISHA,BERHAMPUR,SOMANATH BEHERA,SUCI(C),0,POST GRADUATE,40,37000,0
ODISHA,BERHAMPUR,SRIHARI PATNAIK,ODISHA PRAGATI DAL,0,8TH PASS,61,,
ODISHA,BERHAMPUR,TIRUPATI RAO KARANAM,BSP,0,GRADUATE PROFESSIONAL,50,900000,0
ODISHA,BERHAMPUR,V.CHANDRASEKHAR NAIDU,INC,1,GRADUATE,52,360000000,8000
ODISHA,BHADRAK,MANJULATA MANDAL,BJD,0,GRADUATE,42,39417891,8958149
ODISHA,BHADRAK,AVIMANYU SETHI,BJP,0,POST GRADUATE,49,47223493,12150231
ODISHA,BHADRAK,KIRTAN BIHARI MALIK,SUCI(C),0,10TH PASS,65,275400,20000
ODISHA,BHADRAK,LAXMIPRIYA JENA,KALINGA SENA,0,POST GRADUATE,27,,
ODISHA,BHADRAK,MADHUMITA SETHI,INC,0,POST GRADUATE,42,23838000,2384493
ODISHA,BHADRAK,MURALIDHAR JENA,BSP,0,GRADUATE,70,,
ODISHA,BHADRAK,PITAMBER SETHI,IND,0,10TH PASS,62,201448,0
ODISHA,BHADRAK,TILOTTAMA JENA,AITC,0,10TH PASS,47,42924,220700
ODISHA,BHUBANESWAR,APARAJITA SARANGI,BJP,0,GRADUATE,49,31677600,4329959
ODISHA,BHUBANESWAR,ARUP MOHAN PATNAIK,BJD,0,GRADUATE PROFESSIONAL,63,92700106,270000
ODISHA,BHUBANESWAR,BHAKTA SEKHAR RAY,KALINGA SENA,1,10TH PASS,39,,
ODISHA,BHUBANESWAR,BISWANATH RAMACHANDRA,FREETHOUGHT PARTY OF INDIA,0,POST GRADUATE,75,7635586,4800
ODISHA,BHUBANESWAR,BISWANATH ROUT,KRUPAA PARTY,0,POST GRADUATE,61,4250149,0
ODISHA,BHUBANESWAR,JANARDAN PATI,CPI(M),1,GRADUATE PROFESSIONAL,71,,
ODISHA,BHUBANESWAR,JAYANT KUMAR DAS,IND,0,OTHERS,43,5558206,2200000
ODISHA,BHUBANESWAR,LALITA KUMAR NAYAK,BSP,0,GRADUATE PROFESSIONAL,50,1695002,0
ODISHA,BHUBANESWAR,PRAMILA BEHERA,CPI(ML) RED STAR,0,GRADUATE,42,47252,0
ODISHA,BHUBANESWAR,SANJAYA KUMAR SAHOO,IND,0,GRADUATE,34,2108850,0
ODISHA,BHUBANESWAR,SUBHRANSHU SEKHAR PADHI,AITC,3,OTHERS,43,,
ODISHA,BHUBANESWAR,SUSIL KUMAR JENA,IND,0,POST GRADUATE,53,3009216,0
ODISHA,BOLANGIR,SMT. SANGEETA KUMARI SINGH DEO,BJP,0,GRADUATE,57,379590851,7500000
ODISHA,BOLANGIR,DINESH NAG,AMBEDKARITE PARTY OF INDIA,0,GRADUATE PROFESSIONAL,49,1819971,1050000
ODISHA,BOLANGIR,DR BIPIN KUSULIA,IND,0,DOCTORATE,50,1347042,0
ODISHA,BOLANGIR,HRUDANANDA KARUAN,SUCI(C),0,GRADUATE,39,,
ODISHA,BOLANGIR,KALIKESH NARAYAN SINGH DEO,BJD,0,GRADUATE,45,204895169,13342386
ODISHA,BOLANGIR,RANA NAG,BSP,0,GRADUATE,66,11500000,0
ODISHA,BOLANGIR,SAMARENDRA MISHRA,INC,0,POST GRADUATE,45,,
ODISHA,BOLANGIR,SURESH KUMAR PUTEL,BAHUJAN MUKTI PARTY,0,GRADUATE,43,183000,0
ODISHA,CUTTACK,BHARTRUHARI MAHTAB,BJD,0,POST GRADUATE,62,,
ODISHA,CUTTACK,AKSHAYA KUMAR KAR,KRUPAA PARTY,0,GRADUATE,59,35077797,0
ODISHA,CUTTACK,ASHOK PRADHAN,IND,0,5TH PASS,54,2151160,40000
ODISHA,CUTTACK,BISWAJIT GOSWAMI,KALINGA SENA,0,GRADUATE,27,87412,139555
ODISHA,CUTTACK,BRUNDABAN DAS AJAD,IND,3,5TH PASS,55,1255503,0
ODISHA,CUTTACK,PANCHANAN KANUNGO,INC,1,POST GRADUATE,67,,
ODISHA,CUTTACK,PRAKASH MISHRA,BJP,0,POST GRADUATE,63,93102541,0
ODISHA,CUTTACK,PRAMOD KUMAR MALLICK,BSP,0,GRADUATE,46,109000,0
ODISHA,CUTTACK,SANJAYA KUMAR SAHOO,IND,0,GRADUATE,34,1108850,0
ODISHA,CUTTACK,SOMIYA RANJAN DAS,BHARAT PRABHAT PARTY,0,GRADUATE,31,699000,740000
ODISHA,DHENKANAL,MAHESH SAHOO,BJD,1,12TH PASS,58,14529286,0
ODISHA,DHENKANAL,BIJAYA KUMAR BEHERA,AMBEDKARITE PARTY OF INDIA,0,GRADUATE,48,2554667,432000
ODISHA,DHENKANAL,MANASI SWAIN,SUCI(C),1,POST GRADUATE,36,,
ODISHA,DHENKANAL,PRADYUMNA KUMAR NAIK,BSP,0,GRADUATE PROFESSIONAL,43,405000,0
ODISHA,DHENKANAL,PRIYABRATA GARNAIK,HINDUSTHAN NIRMAN DAL,2,POST GRADUATE,39,4198300,320000
ODISHA,DHENKANAL,RAJA KAMAKHYA PRASAD SINGH DEO,INC,0,12TH PASS,77,,
ODISHA,DHENKANAL,RANJAN KUMAR SAHOO,BHARTIYA MANVADHIKAAR FEDERAL PARTY,0,GRADUATE PROFESSIONAL,49,592931,0
ODISHA,DHENKANAL,RUDRANARAYAN PANY,BJP,7,GRADUATE,59,3628704,0
ODISHA,JAGATSINGHPUR,RAJASHREE MALLICK,BJD,0,GRADUATE PROFESSIONAL,55,40023972,1433305
ODISHA,JAGATSINGHPUR,ANIL KUMAR BEHERA,FREETHOUGHT PARTY OF INDIA,0,12TH PASS,29,8002,0
ODISHA,JAGATSINGHPUR,BIBHU PRASAD TARAI,BJP,0,POST GRADUATE,55,5405384,550000
ODISHA,JAGATSINGHPUR,BIBHUTI BHUSAN MAJHI,BSP,0,POST GRADUATE,47,,
ODISHA,JAGATSINGHPUR,DIPAK KUMAR DAS,AKHIL BHARAT HINDU MAHASABHA,0,GRADUATE,32,2007000,0
ODISHA,JAGATSINGHPUR,JAGANNATH MEGH,JAI PRAKASH JANATA DAL,0,GRADUATE,63,230000,100000
ODISHA,JAGATSINGHPUR,PEEYUUSH DAS,AMBEDKARITE PARTY OF INDIA,0,GRADUATE,37,,
ODISHA,JAGATSINGHPUR,PRATIMA MALLICK,INC,0,POST GRADUATE,56,2889737,275000
ODISHA,JAJPUR,SARMISTHA SETHI,BJD,0,POST GRADUATE,45,15837082,0
ODISHA,JAJPUR,AMIYA KANTA MALLICK,BJP,1,10TH PASS,61,24585630,1246347
ODISHA,JAJPUR,BHIMASEN BEHERA,FREETHOUGHT PARTY OF INDIA,1,GRADUATE PROFESSIONAL,54,851718,100
ODISHA,JAJPUR,MANAS JENA,INC,0,POST GRADUATE,50,,
ODISHA,JAJPUR,RANJIT MALIK,BAHUJAN MUKTI PARTY,1,GRADUATE,50,2595147,702386
ODISHA,JAJPUR,SUBASA CHANDRA MALIK,SUCI(C),0,POST GRADUATE,52,,
ODISHA,JAJPUR,SUNAKAR BEHERA,JAI PRAKASH JANATA DAL,0,POST GRADUATE,66,13165120,0
ODISHA,JAJPUR,TILOTTAMA SETHY,"PROUTIST BLOC, INDIA",0,10TH PASS,35,702000,0
ODISHA,KALAHANDI,BASANTA KUMAR PANDA,BJP,3,12TH PASS,58,9547000,0
ODISHA,KALAHANDI,BHAKTA CHARAN DAS,INC,3,GRADUATE PROFESSIONAL,60,16154671,8044387
ODISHA,KALAHANDI,CHHABILAL NIAL,AMBEDKARITE PARTY OF INDIA,0,GRADUATE PROFESSIONAL,42,,
ODISHA,KALAHANDI,HATIRAM DURGA,IND,0,12TH PASS,35,124032,0
ODISHA,KALAHANDI,KAMALINI YADAV,BAHUJAN MUKTI PARTY,0,10TH PASS,43,539221,198800
ODISHA,KALAHANDI,PREMANANDA BAG,BSP,0,GRADUATE,62,,
ODISHA,KALAHANDI,PUSPENDRA SINGH DEO,BJD,0,10TH PASS,52,25884601,456763
ODISHA,KANDHAMAL,ACHYUTANANDA SAMANTA,BJD,0,DOCTORATE,55,1244722,0
ODISHA,KANDHAMAL,AMIR NAYAK,BSP,0,POST GRADUATE,36,,0
ODISHA,KANDHAMAL,MAHAMEGHABAHAN AIRA KHARABELA SWAIN,BJP,0,POST GRADUATE,66,,
ODISHA,KANDHAMAL,MANOJ KUMAR ACHARYA,INC,0,GRADUATE,37,5330945,0
ODISHA,KANDHAMAL,TUNA MALLICK,CPI(ML) RED STAR,0,12TH PASS,27,40320,0
ODISHA,KENDRAPARA,ANUBHAV MOHANTY,BJD,0,GRADUATE,37,22309172,4133506
ODISHA,KENDRAPARA,BAIJAYANT PANDA,BJP,5,GRADUATE PROFESSIONAL,55,574415842,600000
ODISHA,KENDRAPARA,DHARANIDHAR NAYAK,INC,0,POST GRADUATE,65,,
ODISHA,KENDRAPARA,RABINDRA NATH BEHERA,SP,1,POST GRADUATE,54,646016,1401000
ODISHA,KENDRAPARA,SANTOSH KUMAR DAS,IND,0,10TH PASS,36,1742360,51037
ODISHA,KENDRAPARA,SANTOSH KUMAR PATRA,IND,0,12TH PASS,43,,
ODISHA,KENDRAPARA,SRIKANTA SAMAL,KRUPAA PARTY,0,GRADUATE PROFESSIONAL,40,2979883,600000
ODISHA,KEONJHAR,CHANDRANI MURMU,BJD,0,GRADUATE PROFESSIONAL,25,340580,0
ODISHA,KEONJHAR,ANANTA NAYAK,BJP,1,12TH PASS,49,5512006,533728
ODISHA,KEONJHAR,DR. SUDARSHAN LOHAR,RASHTRIYA INDEPNDENT MORCHA,0,GRADUATE PROFESSIONAL,72,,
ODISHA,KEONJHAR,DURGA CHANDRA PINGUA,BSP,0,10TH PASS,31,1355000,80000
ODISHA,KEONJHAR,LALMOHAN HANSDAH,AKHIL BHARAT HINDU MAHASABHA,0,10TH PASS,63,2550000,200000
ODISHA,KEONJHAR,MOHAN KUMAR HEMBRAM,INC,0,POST GRADUATE,43,,
ODISHA,KEONJHAR,PRAFULLA NAYAK,AIFB,0,GRADUATE,41,766500,0
ODISHA,KEONJHAR,RAMESH LAGURI,BAHUJAN MUKTI PARTY,0,POST GRADUATE,35,666227,0
ODISHA,KORAPUT,SAPTAGIRI SANKAR ULAKA,INC,0,GRADUATE PROFESSIONAL,40,37587560,1217963
ODISHA,KORAPUT,BANAMALI MAJHI,AMBEDKARITE PARTY OF INDIA,0,POST GRADUATE,45,170000,0
ODISHA,KORAPUT,BHASKAR MUTUKA,BSP,0,GRADUATE PROFESSIONAL,61,316000,0
ODISHA,KORAPUT,DAMODARA SABAR,CPI(ML)(L),0,8TH PASS,67,,
ODISHA,KORAPUT,JAYARAM PANGI,BJP,0,10TH PASS,63,41944825,4200000
ODISHA,KORAPUT,KAUSALYA HIKAKA,BJD,0,12TH PASS,33,40617427,0
ODISHA,KORAPUT,RAJENDRA KENDRUKA,CPI(ML) RED STAR,1,5TH PASS,27,,
ODISHA,MAYURBHANJ,BISHWESWAR TUDU,BJP,1,10TH PASS,54,,
ODISHA,MAYURBHANJ,ANJANI SOREN,JMM,0,12TH PASS,47,28247881,7196331
ODISHA,MAYURBHANJ,BHARAT CHANDRA SINGH,BAHUJAN MUKTI PARTY,0,10TH PASS,43,554565,856688
ODISHA,MAYURBHANJ,DR DEBASHIS MARNDI,BJD,0,GRADUATE PROFESSIONAL,41,11842615,632703
ODISHA,MAYURBHANJ,NANDA KISHORE KISKU,IND,0,POST GRADUATE,70,620000,0
ODISHA,MAYURBHANJ,PARBATI PURTY,IND,0,POST GRADUATE,47,,
ODISHA,MAYURBHANJ,RABINDRA NATH SINGH,IND,0,POST GRADUATE,59,4960050,3262500
ODISHA,MAYURBHANJ,RAMCHANDRA SINGH,BSP,0,GRADUATE,34,1633409,555000
ODISHA,NABARANGPUR,RAMESH CHANDRA MAJHI,BJD,0,GRADUATE,40,8100600,771000
ODISHA,NABARANGPUR,BALABHADRA MAJHI,BJP,0,GRADUATE,58,87471475,2621246
ODISHA,NABARANGPUR,CHANDRADHWAJ MAJHI,BSP,0,GRADUATE,59,2142479,0
ODISHA,NABARANGPUR,PRADEEP KUMAR MAJHI,INC,10,GRADUATE,43,,
ODISHA,PURI,PINAKI MISRA,BJD,0,GRADUATE PROFESSIONAL,59,1174701344,21932742
ODISHA,PURI,JAYAPRAKASH SETHI,AKHIL BHARAT HINDU MAHASABHA,0,10TH PASS,39,313000,19500
ODISHA,PURI,MANDAKINI SETHI,CPI(ML)(L),0,12TH PASS,53,6279400,700000
ODISHA,PURI,NRUSINGHA CHARAN DAS,BSP,0,GRADUATE,71,,
ODISHA,PURI,RANJAN KUMAR MISHRA,CPI(ML) RED STAR,0,10TH PASS,40,1000,0
ODISHA,PURI,SABYASACHI MOHAPATRA,KALINGA SENA,0,GRADUATE PROFESSIONAL,45,,
ODISHA,PURI,SAMBIT PATRA,BJP,1,POST GRADUATE,45,7202976,1197946
ODISHA,PURI,SATYA PRAKASH NAYAK,INC,4,POST GRADUATE,51,13257059,138069
ODISHA,SAMBALPUR,NITESH GANGA DEB,BJP,1,12TH PASS,47,269543587,10337195
ODISHA,SAMBALPUR,ASHUTOSH KUMAR HANUMAN,BHARAT PRABHAT PARTY,0,POST GRADUATE,29,50690,0
ODISHA,SAMBALPUR,ATMA RAM SUPKAR,PRAGATISHEEL SAMAJ PARTY,0,10TH PASS,60,39340660,0
ODISHA,SAMBALPUR,BINAY OCEAN,AMBEDKARITE PARTY OF INDIA,0,POST GRADUATE,27,,
ODISHA,SAMBALPUR,KANHU CHARAN SANBAD,IND,0,10TH PASS,65,3145000,0
ODISHA,SAMBALPUR,MUSTUKIM,BSP,4,ILLITERATE,48,1155000,0
ODISHA,SAMBALPUR,NABAKISHORE PRADHAN,SUCI(C),1,GRADUATE,51,,
ODISHA,SAMBALPUR,NALINI KANTA PRADHAN,BJD,0,POST GRADUATE,61,75651064,2259000
ODISHA,SAMBALPUR,SANTOSHINI KARNA,AMBEDKAR NATIONAL CONGRESS,0,10TH PASS,45,14794644,4500000
ODISHA,SAMBALPUR,SARAT PATTANAYAK,INC,0,GRADUATE PROFESSIONAL,62,59424606,703915
ODISHA,SUNDARGARH,JUAL ORAM,BJP,2,OTHERS,58,74185014,12743330
ODISHA,SUNDARGARH,BASIL EKKA,AAP,0,10TH PASS,50,1193388,1000000
ODISHA,SUNDARGARH,DAYANANDA BHITRIA,HINDUSTHAN NIRMAN DAL,0,10TH PASS,52,370000,50000
ODISHA,SUNDARGARH,GEORGE TIRKEY,INC,41,12TH PASS,60,,
ODISHA,SUNDARGARH,JUSTIN LUGUN,SUCI(C),0,10TH PASS,43,31694,0
ODISHA,SUNDARGARH,MISS JUSPIN LAKRA,IND,3,10TH PASS,48,,
ODISHA,SUNDARGARH,SUNITA BISWAL,BJD,0,GRADUATE,39,19117337,773540
ODISHA,SUNDARGARH,UDIT CHANDRA AMAT,IND,0,OTHERS,65,4321500,0
PUDUCHERRY,PUDUCHERRY,V. VAITHILINGAM,INC,0,GRADUATE,68,108015548,520989
PUDUCHERRY,PUDUCHERRY,A.G.PATHIMARAJ,BSP,0,GRADUATE PROFESSIONAL,33,397117,179146
PUDUCHERRY,PUDUCHERRY,BASKARAN.S,PUDUCHERRY DEVELOPMENT PARTY,0,POST GRADUATE,42,5582500,2200000
PUDUCHERRY,PUDUCHERRY,DR. NARAYANASAMY KESAVAN,ALL INDIA N.R. CONGRESS,0,POST GRADUATE,29,,
PUDUCHERRY,PUDUCHERRY,DR.M.A.S. SUBRAMANIAN,MAKKAL NEEDHI MAIAM,0,GRADUATE PROFESSIONAL,72,393586982,28820830
PUDUCHERRY,PUDUCHERRY,IMS. BALAJI,IND,0,10TH PASS,32,1350000,0
PUDUCHERRY,PUDUCHERRY,K. RAMADOSS,IND,0,8TH PASS,54,,
PUDUCHERRY,PUDUCHERRY,K.ARUNACHALAM,AGILA INDIA MAKKAL KAZHAGAM,0,8TH PASS,43,63000,0
PUDUCHERRY,PUDUCHERRY,KRISHNAMURTHY.M,IND,0,GRADUATE,57,18819553,3535000
PUDUCHERRY,PUDUCHERRY,N. TAMIZH MARANE,IND,1,POST GRADUATE,46,3088900,2830000
PUDUCHERRY,PUDUCHERRY,RAMESH.D,IND,0,OTHERS,49,365000,0
PUDUCHERRY,PUDUCHERRY,S. MOTHILAL,CPI(ML)(L),1,10TH PASS,40,,
PUDUCHERRY,PUDUCHERRY,S. THIRUGNANAM,ANTI CORRUPTION DYNAMIC PARTY,0,10TH PASS,55,50000,0
PUDUCHERRY,PUDUCHERRY,THANGAVELU.S,IND,1,GRADUATE PROFESSIONAL,34,60181,0
PUDUCHERRY,PUDUCHERRY,TIRAVITAMANKAI ALIAS LOURDHUMARY,IND,0,POST GRADUATE,57,,
PUDUCHERRY,PUDUCHERRY,V. RAMAMURTHI,IND,0,8TH PASS,74,2246,0
PUNJAB,AMRITSAR,GURJEET SINGH AUJLA,INC,0,12TH PASS,46,34011739,9031565
PUNJAB,AMRITSAR,BAL KRISHAN,IND,0,10TH PASS,58,33077070,725697
PUNJAB,AMRITSAR,BALWINDER SINGH,IND,0,ILLITERATE,46,98000,0
PUNJAB,AMRITSAR,CHAIN SINGH BAINKA,IND,0,10TH PASS,31,,
PUNJAB,AMRITSAR,CHAND KUMAR,IND,0,12TH PASS,28,116000,0
PUNJAB,AMRITSAR,DASWINDER KAUR,CPI,0,GRADUATE,55,661000,0
PUNJAB,AMRITSAR,GAGANDEEP KUMAR,SHS,0,POST GRADUATE,37,,
PUNJAB,AMRITSAR,GAUTAM,IND,0,GRADUATE,25,36000,0
PUNJAB,AMRITSAR,HARJINDER SINGH,IND,0,ILLITERATE,27,16000,0
PUNJAB,AMRITSAR,JASPAL SINGH,IND,0,5TH PASS,42,431000,0
PUNJAB,AMRITSAR,KABAL SINGH,IND,0,10TH PASS,58,,
PUNJAB,AMRITSAR,KASHMIR SINGH,IND,0,5TH PASS,60,1601000,0
PUNJAB,AMRITSAR,KAWALJIT SINGH SAHOTA,BAHUJAN SAMAJ PARTY (AMBEDKAR),0,10TH PASS,39,282275,0
PUNJAB,AMRITSAR,KEWAL KRISHAN,BAHUJAN MUKTI PARTY,0,POST GRADUATE,63,,
PUNJAB,AMRITSAR,KULDIP SINGH DHALIWAL,AAP,0,10TH PASS,58,14878922,2789687
PUNJAB,AMRITSAR,LAKHWINDER SINGH SIDHU,RPI(A),0,10TH PASS,58,131750,0
PUNJAB,AMRITSAR,MOHINDER SINGH NAMDHARI,IND,0,GRADUATE,70,52000,0
PUNJAB,AMRITSAR,SANDEEP SINGH,IND,0,10TH PASS,26,176000,0
PUNJAB,AMRITSAR,SANJEEV KUMAR,IND,0,10TH PASS,44,,
PUNJAB,AMRITSAR,SARABJIT SINGH,IND,0,12TH PASS,44,2786000,0
PUNJAB,AMRITSAR,SATNAM SINGH,DEMOCRATIC PARTY OF INDIA (AMBEDKAR),1,10TH PASS,30,48000,0
PUNJAB,AMRITSAR,SHAM LAL GANDHIWADI,IND,0,ILLITERATE,36,,
PUNJAB,AMRITSAR,SHAMSHER SINGH,IND,0,10TH PASS,45,2142910,0
PUNJAB,AMRITSAR,SHUBHAM KUMAR,IND,0,10TH PASS,25,16000,0
PUNJAB,AMRITSAR,SUNIL KUMAR BHATTI,IND,0,8TH PASS,44,331000,0
PUNJAB,AMRITSAR,SUNIL KUMAR MATTU,IND,0,10TH PASS,32,25000,0
PUNJAB,AMRITSAR,SURJIT SINGH,IND,0,5TH PASS,62,,
PUNJAB,ANANDPUR SAHIB,MANISH TEWARI,INC,0,GRADUATE PROFESSIONAL,53,154637860,0
PUNJAB,ANANDPUR SAHIB,ASHISH GARG,IND,0,12TH PASS,38,2110000,1630000
PUNJAB,ANANDPUR SAHIB,ASHWANI KUMAR,HINDUSTAN SHAKTI SENA,0,OTHERS,46,6195000,2100000
PUNJAB,ANANDPUR SAHIB,AVTAR SINGH,IND,0,8TH PASS,59,,
PUNJAB,ANANDPUR SAHIB,BARGAVA REDDY D,PYRAMID PARTY OF INDIA,0,GRADUATE,31,183000,0
PUNJAB,ANANDPUR SAHIB,BIR DEVINDER SINGH,SHIROMANI AKALI DAL (TAKSALI),0,POST GRADUATE,70,85248148,228221
PUNJAB,ANANDPUR SAHIB,CHARAN DASS,IND,0,POST GRADUATE,66,,
PUNJAB,ANANDPUR SAHIB,DR. SUKHDEEP KAUR,JANRAL SAMAJ PARTY,0,POST GRADUATE,40,400000,0
PUNJAB,ANANDPUR SAHIB,FAQIR CHAND,SHS,0,10TH PASS,69,3550000,0
PUNJAB,ANANDPUR SAHIB,HARMESH SHARMA,JAI JAWAN JAI KISAN PARTY,0,12TH PASS,47,15960000,1000000
PUNJAB,ANANDPUR SAHIB,JAGNEET SINGH,IND,0,12TH PASS,25,120728,5120
PUNJAB,ANANDPUR SAHIB,JODH SINGH THANDI,BHARTIYA LOK SEVA DAL,0,12TH PASS,59,,
PUNJAB,ANANDPUR SAHIB,KAWALJEET SINGH,HIND CONGRESS PARTY,1,5TH PASS,54,4307171,880000
PUNJAB,ANANDPUR SAHIB,KIRPAL KAUR,IND,0,12TH PASS,34,89147280,25000
PUNJAB,ANANDPUR SAHIB,KULWINDER KAUR,AMBEDKARITE PARTY OF INDIA,0,10TH PASS,57,,
PUNJAB,ANANDPUR SAHIB,MANMOHAN SINGH,IND,0,POST GRADUATE,58,35366395,12015
PUNJAB,ANANDPUR SAHIB,PARAMJEET SINGH RANU,IND,0,OTHERS,52,17450707,2896000
PUNJAB,ANANDPUR SAHIB,PREM SINGH,SAD,1,POST GRADUATE,69,126971695,0
PUNJAB,ANANDPUR SAHIB,RAGHUNATH SINGH,CPI(M),0,GRADUATE,65,,
PUNJAB,ANANDPUR SAHIB,RAKESH KUMAR,IND,0,10TH PASS,35,1123000,0
PUNJAB,ANANDPUR SAHIB,SODHI VIKRAM SINGH,BSP,0,GRADUATE,62,1408265156,3400824
PUNJAB,ANANDPUR SAHIB,SUNAINA,IND,0,GRADUATE,31,,
PUNJAB,ANANDPUR SAHIB,SURINDER KAUR MANGAT,RASHTRIYA JANSHAKTI PARTY (SECULAR),0,OTHERS,72,16963471,0
PUNJAB,ANANDPUR SAHIB,VIKRAM SINGH,IND,0,GRADUATE,33,205000,0
PUNJAB,BATHINDA,HARSIMRAT KAUR BADAL,SAD,0,10TH PASS,52,2179919870,954852600
PUNJAB,BATHINDA,AMRIK SINGH,IND,1,8TH PASS,36,12174600,1366500
PUNJAB,BATHINDA,AMRINDER SINGH RAJA WARRING,INC,0,10TH PASS,41,92906438,10422457
PUNJAB,BATHINDA,BALJINDER KUMAR SANGILA,SOCIALIST PARTY (INDIA),1,12TH PASS,55,,
PUNJAB,BATHINDA,BHAGWANT SINGH SAMAON,CPI(ML)(L),0,8TH PASS,40,57000,15000
PUNJAB,BATHINDA,BHOLA SINGH SAHOTA,IND,0,10TH PASS,47,1265000,132386
PUNJAB,BATHINDA,BHUPINDER SINGH BHAINDA WARING,SAMAJ ADHIKAR KALYAN PARTY,0,5TH PASS,41,,
PUNJAB,BATHINDA,DR. JAGSIR SINGH MRAR,BAHUJAN MUKTI PARTY,0,10TH PASS,38,343279,0
PUNJAB,BATHINDA,GURCHARAN SINGH,IND,0,8TH PASS,34,169000,0
PUNJAB,BATHINDA,GURMEET SINGH INSA,PUNJAB LABOUR PARTY,2,12TH PASS,49,3730000,0
PUNJAB,BATHINDA,GURSEWAK SINGH,SAD (AMRITSAR)(SIMRANJIT SINGH MANN),0,12TH PASS,58,7086500,80000
PUNJAB,BATHINDA,HARPAL SINGH,IND,0,GRADUATE,46,,
PUNJAB,BATHINDA,KARTAR SINGH,IND,0,8TH PASS,67,5299671,176080
PUNJAB,BATHINDA,MANJIT KAUR,IND,0,ILLITERATE,53,,
PUNJAB,BATHINDA,NAHAR SINGH,IND,0,10TH PASS,66,11160000,215319
PUNJAB,BATHINDA,PROF. BALJINDER KAUR,AAP,0,POST GRADUATE,33,10604926,345000
PUNJAB,BATHINDA,RANVEER SINGH RANA,IND,0,8TH PASS,39,250000,150000
PUNJAB,BATHINDA,RTD. SUBEDAR MAJOR JAGDEV SINGH RAIPUR,BHARTIYA LOK SEVA DAL,0,12TH PASS,50,5510278,0
PUNJAB,BATHINDA,SANDEEP KUMAR,IND,0,GRADUATE,44,,
PUNJAB,BATHINDA,SUKHCHAIN SINGH BHARGAV,HINDUSTAN SHAKTI SENA,0,LITERATE,40,1696334,0
PUNJAB,BATHINDA,SUKHPAL SINGH KHAIRA,PUNJAB EKTA PARTY,1,12TH PASS,54,598746355,13836396
PUNJAB,BATHINDA,SURJEET SINGH,IND,0,5TH PASS,58,,
PUNJAB,BATHINDA,SWARN SINGH DHALIWAL,SUCI(C),0,POST GRADUATE,34,2834139,442600
PUNJAB,BATHINDA,TEJA SINGH,IND,0,10TH PASS,37,1178000,0
PUNJAB,FARIDKOT,MOHAMMAD SADIQUE,INC,0,5TH PASS,79,19793884,311043
PUNJAB,FARIDKOT,AJAY KUMAR,INDIAN DEMOCRATIC REPUBLICAN FRONT,0,12TH PASS,40,366800,0
PUNJAB,FARIDKOT,AMANDEEP KAUR,PEOPLES PARTY OF INDIA (DEMOCRATIC),0,POST GRADUATE,29,68000,0
PUNJAB,FARIDKOT,BADAL SINGH,IND,0,8TH PASS,35,,
PUNJAB,FARIDKOT,BALDEV SINGH,PUNJAB EKTA PARTY,0,12TH PASS,61,7513896,1510708
PUNJAB,FARIDKOT,BHOLA SINGH,BHARTIYA LOK SEVA DAL,0,10TH PASS,43,37127,0
PUNJAB,FARIDKOT,CHANAN SINGH WATTU,BAHUJAN MUKTI PARTY,0,GRADUATE,65,,
PUNJAB,FARIDKOT,DARSHAN SINGH,IND,0,8TH PASS,39,335000,0
PUNJAB,FARIDKOT,DR SWARN SINGH,APNA SAMAJ PARTY,2,GRADUATE PROFESSIONAL,69,110772000,0
PUNJAB,FARIDKOT,GULZAR SINGH RANIKE,SAD,1,LITERATE,61,82957653,0
PUNJAB,FARIDKOT,JAGMEET SINGH,IND,0,GRADUATE,38,3119000,0
PUNJAB,FARIDKOT,JASWINDER SINGH,IND,0,LITERATE,36,,
PUNJAB,FARIDKOT,NANAK SINGH CHAUHAN,IND,0,8TH PASS,64,1507584,0
PUNJAB,FARIDKOT,OM PARKASH,BHARTIYA JANRAJ PARTY,0,10TH PASS,42,,
PUNJAB,FARIDKOT,PARMINDER SINGH,BHARAT PRABHAT PARTY,0,POST GRADUATE,40,35014,0
PUNJAB,FARIDKOT,PROF. SADHU SINGH,AAP,0,POST GRADUATE,78,15138283,3500000
PUNJAB,FARIDKOT,SUKHDEV SINGH,HINDUSTAN SHAKTI SENA,1,8TH PASS,46,1372000,0
PUNJAB,FARIDKOT,VEERPAL KAUR,SAMAJ ADHIKAR KALYAN PARTY,0,GRADUATE PROFESSIONAL,29,1700200,75000
PUNJAB,FATEHGARH SAHIB,AMAR SINGH,INC,0,POST GRADUATE,65,32808836,0
PUNJAB,FATEHGARH SAHIB,ADVOCATE PRABHJOT SINGH,IND,0,POST GRADUATE,29,19378,21402
PUNJAB,FATEHGARH SAHIB,ASHOK KUMAR,RASHTRIYA LOKSWARAJ PARTY,0,10TH PASS,41,,
PUNJAB,FATEHGARH SAHIB,BALKAR SINGH,IND,3,10TH PASS,46,430000,0
PUNJAB,FATEHGARH SAHIB,BALWINDER KAUR,JAI JAWAN JAI KISAN PARTY,1,POST GRADUATE,35,259993,0
PUNJAB,FATEHGARH SAHIB,BANDEEP SINGH,AAP,0,12TH PASS,35,,
PUNJAB,FATEHGARH SAHIB,DARBARA SINGH GURU,SAD,1,POST GRADUATE,66,40931745,21054000
PUNJAB,FATEHGARH SAHIB,GURBACHAN SINGH,SAMAJ ADHIKAR KALYAN PARTY,0,10TH PASS,43,626480,800000
PUNJAB,FATEHGARH SAHIB,GURJIT SINGH,SARVJAN SEWA PARTY,0,10TH PASS,33,525867,0
PUNJAB,FATEHGARH SAHIB,HARCHAND SINGH,REVOLUTIONARY SOCIALIST PARTY,0,5TH PASS,55,20000,0
PUNJAB,FATEHGARH SAHIB,KAMALJEET SINGH,DEMOCRATIC PARTY OF INDIA (AMBEDKAR),0,5TH PASS,50,,
PUNJAB,FATEHGARH SAHIB,KARANDEEP SINGH,IND,0,OTHERS,41,3504010,378423
PUNJAB,FATEHGARH SAHIB,KULDEEP SINGH SAHOTA,IND,0,10TH PASS,51,218030,0
PUNJAB,FATEHGARH SAHIB,LACHHMAN SINGH,IND,0,8TH PASS,62,,
PUNJAB,FATEHGARH SAHIB,MANWINDER SINGH,LOK INSAAF PARTY,0,POST GRADUATE,44,7689077,4479598
PUNJAB,FATEHGARH SAHIB,PREM SINGH MOHANPUR,IND,0,GRADUATE,62,10464371,442892
PUNJAB,FATEHGARH SAHIB,SURJIT SINGH KANG,BHARTIYA LOK SEVA DAL,0,10TH PASS,47,213500,0
PUNJAB,FATEHGARH SAHIB,VINOD KUMAR,BHARAT PRABHAT PARTY,0,GRADUATE PROFESSIONAL,25,2298000,0
PUNJAB,FIROZPUR,SUKHBIR SINGH BADAL,SAD,4,POST GRADUATE,56,,
PUNJAB,FIROZPUR,BALKAR SINGH,IND,0,LITERATE,49,2632500,866698
PUNJAB,FIROZPUR,BALWANT SINGH KHALSA,JANRAL SAMAJ PARTY,0,OTHERS,64,8193409,300000
PUNJAB,FIROZPUR,BUTA RAM GULATI,IND,0,10TH PASS,38,,
PUNJAB,FIROZPUR,HANS RAJ GOLDEN,CPI,2,12TH PASS,54,2850000,0
PUNJAB,FIROZPUR,HARJINDER SINGH KAKA SRAN,AAP,0,GRADUATE,49,6122270,200000
PUNJAB,FIROZPUR,HARMANDER SINGH,SAMAJ ADHIKAR KALYAN PARTY,0,5TH PASS,37,,
PUNJAB,FIROZPUR,JATINDER SINGH THIND,IND,1,GRADUATE,31,583000,100000
PUNJAB,FIROZPUR,KASHMIR SINGH,IND,0,ILLITERATE,66,5180900,0
PUNJAB,FIROZPUR,MADAN LAL,REPUBLICAN PARTY OF INDIA (REFORMIST),0,10TH PASS,42,155000,0
PUNJAB,FIROZPUR,MANOJ KUMAR,IND,0,10TH PASS,47,514000,0
PUNJAB,FIROZPUR,NARESH KUMAR,HINDUSTAN SHAKTI SENA,0,5TH PASS,64,,
PUNJAB,FIROZPUR,PALA SINGH,IND,0,8TH PASS,74,350000,0
PUNJAB,FIROZPUR,PARWINDER SINGH,IND,0,GRADUATE,30,9100,0
PUNJAB,FIROZPUR,SATNAM SINGH S/O BALWANT SINGH,IND,0,10TH PASS,60,,
PUNJAB,FIROZPUR,SATNAM SINGH S/O GURDEEP SINGH,IND,0,5TH PASS,29,45000,40000
PUNJAB,FIROZPUR,SHER SINGH GHUBAYA,INC,0,10TH PASS,56,85822451,11350390
PUNJAB,FIROZPUR,SUKHJIT SINGH,BHARTIYA LOK SEVA DAL,0,10TH PASS,39,761000,0
PUNJAB,FIROZPUR,SUNNY BAWA,AKHIL BHARTIYA APNA DAL,0,10TH PASS,30,22000,0
PUNJAB,FIROZPUR,SURJIT SINGH,IND,0,LITERATE,46,,
PUNJAB,FIROZPUR,SUSHIL KUMAR,IND,0,12TH PASS,39,7171200,300000
PUNJAB,GURDASPUR,AJAY SINGH DHARMENDRA DEOL (SUNNY DEOL),BJP,0,OTHERS,59,871925679,534644785
PUNJAB,GURDASPUR,AMANDEEP SINGH GHOTRA,IND,0,GRADUATE,39,2706333,0
PUNJAB,GURDASPUR,ASHWANI KUMAR,CPI(ML)(L),0,10TH PASS,35,,
PUNJAB,GURDASPUR,HARPREET SINGH,IND,1,10TH PASS,39,320000,0
PUNJAB,GURDASPUR,JASBIR SINGH,BAHUJAN SAMAJ PARTY (AMBEDKAR),0,5TH PASS,33,251000,0
PUNJAB,GURDASPUR,KARAM SINGH,IND,0,12TH PASS,42,,
PUNJAB,GURDASPUR,KASIM DEEN,IND,0,ILLITERATE,44,146300,0
PUNJAB,GURDASPUR,LAL CHAND,REVOLUTIONARY MARXIST PARTY OF INDIA,0,10TH PASS,49,406299,25000
PUNJAB,GURDASPUR,PARAMPREET SINGH,IND,1,GRADUATE,25,80000,0
PUNJAB,GURDASPUR,PETER MASIH,AAP,0,12TH PASS,37,2768778,777377
PUNJAB,GURDASPUR,PRITAM SINGH BHATTI,JANRAL SAMAJ PARTY,0,10TH PASS,63,,
PUNJAB,GURDASPUR,SUKRIT SHARDA,IND,0,GRADUATE,0,3333000,0
PUNJAB,GURDASPUR,SUNIL KUMAR JAKHAR,INC,0,POST GRADUATE,65,251762701,0
PUNJAB,GURDASPUR,YASH PAUL,BAHUJAN MUKTI PARTY,0,12TH PASS,30,,
PUNJAB,HOSHIARPUR,SOM PARKASH,BJP,0,POST GRADUATE,70,29404519,0
PUNJAB,HOSHIARPUR,DAVINDER SINGH,IND,0,10TH PASS,41,1919000,0
PUNJAB,HOSHIARPUR,DHARAM PAL,NATIONALIST JUSTICE PARTY,0,GRADUATE,65,28365452,360000
PUNJAB,HOSHIARPUR,KHUSHI RAM,BSP,0,GRADUATE PROFESSIONAL,68,,
PUNJAB,HOSHIARPUR,PARAMJIT SINGH,SAMAJ BHALAI MORCHA,1,8TH PASS,42,2100000,0
PUNJAB,HOSHIARPUR,RAJ KUMAR,INC,0,POST GRADUATE,49,146589292,63299925
PUNJAB,HOSHIARPUR,RAVJOT SINGH,AAP,1,GRADUATE PROFESSIONAL,0,,
PUNJAB,HOSHIARPUR,TILAK RAJ,IND,0,8TH PASS,57,23328210,269823
PUNJAB,JALANDHAR,SANTOKH SINGH CHAUDHARY,INC,0,GRADUATE PROFESSIONAL,72,99925185,2534363
PUNJAB,JALANDHAR,AMRISH KUMAR,IND,0,GRADUATE,54,498000,0
PUNJAB,JALANDHAR,BALJINDER SODHI,NATIONALIST JUSTICE PARTY,0,12TH PASS,34,242192,261203
PUNJAB,JALANDHAR,BALWINDER KUMAR,BSP,0,POST GRADUATE,40,,
PUNJAB,JALANDHAR,CHARANJIT SINGH,SAD,0,GRADUATE PROFESSIONAL,82,38633246,2297303
PUNJAB,JALANDHAR,GURUPAL SINGH,BHARAT PRABHAT PARTY,0,12TH PASS,50,45000,0
PUNJAB,JALANDHAR,HARI MITTER,PEOPLES PARTY OF INDIA (DEMOCRATIC),0,5TH PASS,49,,
PUNJAB,JALANDHAR,JAGAN NATH BAJWA,HUM BHARTIYA PARTY,0,5TH PASS,60,3683182,481000
PUNJAB,JALANDHAR,JORA SINGH SROAY,AAP,0,GRADUATE PROFESSIONAL,69,54583193,969208
PUNJAB,JALANDHAR,NEETU,IND,0,ILLITERATE,35,300000,400000
PUNJAB,JALANDHAR,PARKASH CHAND JASSAL,RPI(A),0,5TH PASS,66,3546815,0
PUNJAB,JALANDHAR,RAMESH LAL,BAHUJAN MUKTI PARTY,0,8TH PASS,51,,
PUNJAB,JALANDHAR,SUBHASH GORIA,SHS,0,10TH PASS,45,3278107,857400
PUNJAB,JALANDHAR,SUKHDEV SINGH,IND,0,10TH PASS,53,,
PUNJAB,JALANDHAR,SWAMI NITYA ANAND,IND,0,GRADUATE,68,5020000,0
PUNJAB,JALANDHAR,TARA SINGH,BAHUJAN SAMAJ PARTY (AMBEDKAR),0,5TH PASS,52,1664777,0
PUNJAB,JALANDHAR,URMILA,AMBEDKAR NATIONAL CONGRESS,0,8TH PASS,52,295,0
BYE ELECTION ON 10-05-2023 : PUNJAB,JALANDHAR,SUSHIL KUMAR RINKU,AAP,0,12TH PASS,47,17017402,6017461
BYE ELECTION ON 10-05-2023 : PUNJAB,JALANDHAR,AMRISH BHAGAT,IND,0,GRADUATE,57,945000,0
BYE ELECTION ON 10-05-2023 : PUNJAB,JALANDHAR,DR. SUKHWINDER SUKHI,SAD,3,POST GRADUATE,62,32426353,9604347
BYE ELECTION ON 10-05-2023 : PUNJAB,JALANDHAR,GULSHAN AZAD,IND,0,12TH PASS,38,,
BYE ELECTION ON 10-05-2023 : PUNJAB,JALANDHAR,GURJANT SINGH KATTU,SAD (AMRITSAR)(SIMRANJIT SINGH MANN),0,12TH PASS,57,705826,0
BYE ELECTION ON 10-05-2023 : PUNJAB,JALANDHAR,INDER IQBAL SINGH ATWAL,BJP,0,10TH PASS,50,65203154,12526702
BYE ELECTION ON 10-05-2023 : PUNJAB,JALANDHAR,KARAMJIT KAUR CHAUDHARY,INC,0,POST GRADUATE,69,,
BYE ELECTION ON 10-05-2023 : PUNJAB,JALANDHAR,MANINDER SINGH BHATIA,PEOPLES PARTY OF INDIA (DEMOCRATIC),0,GRADUATE,41,812086,487311
BYE ELECTION ON 10-05-2023 : PUNJAB,JALANDHAR,MANJEET SINGH,SP,0,12TH PASS,37,250000,0
BYE ELECTION ON 10-05-2023 : PUNJAB,JALANDHAR,PARAMJIT KAUR TEJI,PUNJAB KISAN DAL,1,10TH PASS,51,4894640,2200000
BYE ELECTION ON 10-05-2023 : PUNJAB,JALANDHAR,RAJ KUMAR SAQI,IND,0,12TH PASS,41,40000,55000
BYE ELECTION ON 10-05-2023 : PUNJAB,JALANDHAR,ROHIT KUMAR TINKU,IND,1,OTHERS,43,,
BYE ELECTION ON 10-05-2023 : PUNJAB,JALANDHAR,SANDEEP KAUR,IND,0,8TH PASS,39,58130,50000
BYE ELECTION ON 10-05-2023 : PUNJAB,JALANDHAR,TIRATH SINGH BEGAMPURA BHARAT,BAHUJAN DRAVIDA PARTY,0,LITERATE,70,,
BYE ELECTION ON 10-05-2023 : PUNJAB,JALANDHAR,YOGRAJ SAHOTA,PUNJAB NATIONAL PARTY,0,12TH PASS,66,5510000,4800000
PUNJAB,KHADOOR SAHIB,JASBIR SINGH GILL,INC,0,OTHERS,48,81393500,4655000
PUNJAB,KHADOOR SAHIB,HARJIT KAUR,IND,0,10TH PASS,31,320000,0
PUNJAB,KHADOOR SAHIB,JAGIR KAUR,IND,0,ILLITERATE,48,465000,0
PUNJAB,KHADOOR SAHIB,JAGIR KAUR,SAD,1,GRADUATE PROFESSIONAL,65,,
PUNJAB,KHADOOR SAHIB,KHAJAN SINGH,NATIONALIST JUSTICE PARTY,0,8TH PASS,40,308000,0
PUNJAB,KHADOOR SAHIB,MANJINDER SINGH,AAP,2,12TH PASS,33,,
PUNJAB,KHADOOR SAHIB,MOHAN SINGH,IND,0,10TH PASS,29,1516000,180000
PUNJAB,KHADOOR SAHIB,ONKAR SINGH,IND,0,8TH PASS,30,1930000,0
PUNJAB,KHADOOR SAHIB,PARAMJIT KAUR KHALRA,PUNJAB EKTA PARTY,0,POST GRADUATE,65,11310000,0
PUNJAB,KHADOOR SAHIB,PARAMJIT SINGH,IND,0,5TH PASS,37,410000,0
PUNJAB,KHADOOR SAHIB,PARMINDER SINGH,IND,1,12TH PASS,38,,
PUNJAB,KHADOOR SAHIB,PARWINDER SINGH,DEMOCRATIC PARTY OF INDIA (AMBEDKAR),0,12TH PASS,32,985050,0
PUNJAB,KHADOOR SAHIB,PURAN SINGH,BAHUJAN SAMAJ PARTY (AMBEDKAR),0,ILLITERATE,64,648520,48560
PUNJAB,KHADOOR SAHIB,SANTOKH SINGH,HINDUSTAN SHAKTI SENA,3,10TH PASS,44,,
PUNJAB,KHADOOR SAHIB,STEPHEN BHATTI,SHS,0,12TH PASS,36,123000,15000
PUNJAB,KHADOOR SAHIB,SUKHWANT SINGH,IND,0,10TH PASS,57,1696000,0
PUNJAB,LUDHIANA,RAVNEET SINGH BITTU,INC,3,12TH PASS,43,,
PUNJAB,LUDHIANA,BABA AMARJIT SINGH KHALSA,BHARTIYA LOK SEVA DAL,0,10TH PASS,41,626900,0
PUNJAB,LUDHIANA,BABA SUKHWINDER SINGH GILL,NCP,0,12TH PASS,43,2893000,0
PUNJAB,LUDHIANA,BALDEV RAJ KATNA,NATIONALIST JUSTICE PARTY,0,POST GRADUATE,64,,
PUNJAB,LUDHIANA,BALJIT SINGH,BHARAT PRABHAT PARTY,0,GRADUATE,54,53478000,1177000
PUNJAB,LUDHIANA,BINTU KUMAR TAANK,AMBEDKAR NATIONAL CONGRESS,1,5TH PASS,42,80000,0
PUNJAB,LUDHIANA,DALJIT SINGH,PEOPLES PARTY OF INDIA(SECULAR),0,OTHERS,40,,
PUNJAB,LUDHIANA,DARSHAN SINGH,JAI JAWAN JAI KISAN PARTY,0,12TH PASS,0,4728500,94900
PUNJAB,LUDHIANA,DEVINDER BHAGRIA,HINDUSTAN SHAKTI SENA,0,10TH PASS,44,13436981,7763578
PUNJAB,LUDHIANA,DR. BRIJESH KUMAR BANGAR,PEOPLES PARTY OF INDIA (DEMOCRATIC),0,POST GRADUATE,42,5218800,1855194
PUNJAB,LUDHIANA,JAI PARKASH JAIN,IND,0,10TH PASS,40,1537037,0
PUNJAB,LUDHIANA,JASDEEP SINGH,IND,0,10TH PASS,30,,
PUNJAB,LUDHIANA,MAHESHINDER SINGH GREWAL,SAD,0,GRADUATE PROFESSIONAL,69,41621765,0
PUNJAB,LUDHIANA,MOHD. NASEEM ANSARI,RASHTRIYA SAHARA PARTY,1,ILLITERATE,52,167745,0
PUNJAB,LUDHIANA,MOHINDER SINGH,IND,1,ILLITERATE,59,,
PUNJAB,LUDHIANA,PARDEEP BAWA,SAMAJ ADHIKAR KALYAN PARTY,0,8TH PASS,46,878000,0
PUNJAB,LUDHIANA,PROF. TEJ PAL SINGH GILL,AAP,0,DOCTORATE,32,1902817,0
PUNJAB,LUDHIANA,RAM SINGH DEAPAK,BAHUJAN MUKTI PARTY,0,10TH PASS,77,1761570,0
PUNJAB,LUDHIANA,RAVINDER PAL SINGH,IND,1,8TH PASS,30,170000,0
PUNJAB,LUDHIANA,SIMARJEET SINGH,LOK INSAAF PARTY,8,GRADUATE,48,123412923,12443000
PUNJAB,PATIALA,PRENEET KAUR,INC,0,GRADUATE,74,635973757,42453369
PUNJAB,PATIALA,AJAIB SINGH,RASHTRIYA JANSHAKTI PARTY (SECULAR),0,10TH PASS,45,1235000,0
PUNJAB,PATIALA,AMARPREET SINGH,IND,0,DOCTORATE,38,2501972,850661
PUNJAB,PATIALA,ASHWANI KUMAR,SHS,0,GRADUATE,39,,
PUNJAB,PATIALA,BALDEEP SINGH,IND,0,DOCTORATE,36,5115197,450000
PUNJAB,PATIALA,BANWARI LAL,IND,0,12TH PASS,57,4391000,50000
PUNJAB,PATIALA,DHARAM VIRA GANDHI,NAWAN PUNJAB PARTY,0,POST GRADUATE,68,,
PUNJAB,PATIALA,GURNAM SINGH,IND,0,GRADUATE PROFESSIONAL,63,22647000,0
PUNJAB,PATIALA,HARBHAJAN SINGH VIRK,IND,0,POST GRADUATE,52,24144336,0
PUNJAB,PATIALA,JAGMAIL SINGH,IND,0,12TH PASS,32,1220000,0
PUNJAB,PATIALA,JASBIR SINGH,IND,1,ILLITERATE,55,22706000,0
PUNJAB,PATIALA,KSHMAKANT PANDEY,HINDUSTAN SHAKTI SENA,0,12TH PASS,46,,
PUNJAB,PATIALA,LAL CHAND,IND,0,8TH PASS,33,362982,61250
PUNJAB,PATIALA,MAKHAN SINGH,IND,0,5TH PASS,46,10955000,1300000
PUNJAB,PATIALA,MANJEET SINGH,IND,0,POST GRADUATE,27,,
PUNJAB,PATIALA,MOHAN LAL,IND,0,10TH PASS,37,629353,0
PUNJAB,PATIALA,NEENA MITTAL,AAP,0,GRADUATE,47,65098945,17876777
PUNJAB,PATIALA,PARVEEN KUMAR,IND,0,12TH PASS,38,2515000,0
PUNJAB,PATIALA,RAJESH KUMAR,IND,0,POST GRADUATE,39,,
PUNJAB,PATIALA,RANDHIR SINGH KHANGURA,IND,0,10TH PASS,49,1960500,256646
PUNJAB,PATIALA,RISHABH SHARMA,IND,0,GRADUATE PROFESSIONAL,25,1686400,0
PUNJAB,PATIALA,SHANKAR LAL,IND,0,5TH PASS,50,,
PUNJAB,PATIALA,SURJIT SINGH RAKHRA,SAD,1,GRADUATE,68,184375011,6709821
PUNJAB,SANGRUR,BHAGWANT MANN,AAP,0,12TH PASS,45,16427274,0
PUNJAB,SANGRUR,BAGGA SINGH,IND,0,GRADUATE,28,455000,0
PUNJAB,SANGRUR,BALJIT KAUR,IND,0,GRADUATE,42,5343729,1623584
PUNJAB,SANGRUR,BALWINDER SINGH SANDHU,BHARAT PRABHAT PARTY,0,GRADUATE,61,,
PUNJAB,SANGRUR,BHANTBIR SINGH,IND,0,POST GRADUATE,58,31069500,2340000
PUNJAB,SANGRUR,DAYAL CHAN,IND,0,ILLITERATE,60,,
PUNJAB,SANGRUR,DESA SINGH,IND,0,5TH PASS,51,344570,60000
PUNJAB,SANGRUR,GURJEET SINGH,IND,1,10TH PASS,37,7660938,621812
PUNJAB,SANGRUR,JAGMOHAN KRISHAN,JANRAL SAMAJ PARTY,0,POST GRADUATE,61,24978160,158806
PUNJAB,SANGRUR,JASRAJ SINGH LONGIA,LOK INSAAF PARTY,0,GRADUATE,46,17041210,11700000
PUNJAB,SANGRUR,JASWANT SINGH,RASHTRIYA JANSHAKTI PARTY (SECULAR),0,LITERATE,56,,
PUNJAB,SANGRUR,KEWAL SINGH DHILLON,INC,0,12TH PASS,68,1310793341,100605212
PUNJAB,SANGRUR,MALVINDER SINGH BENIPAL,JD(U),0,POST GRADUATE,51,593202784,12118041
PUNJAB,SANGRUR,MANISH KUMAR,BHARTIYA JANRAJ PARTY,0,12TH PASS,37,,
PUNJAB,SANGRUR,MOHINDERPAL SINGH DANGARH,BHARTIYA LOK SEVA DAL,6,12TH PASS,39,13033873,200000
PUNJAB,SANGRUR,NAJEERA BEGAM,RASHTRIYA SAHARA PARTY,0,12TH PASS,40,5379882,0
PUNJAB,SANGRUR,PARMINDER SINGH DHINDSA,SAD,1,POST GRADUATE,43,179035633,0
PUNJAB,SANGRUR,RAJ KUMAR,IND,0,5TH PASS,43,323000,0
PUNJAB,SANGRUR,RAJVIR KAUR,HINDUSTAN SHAKTI SENA,1,POST GRADUATE,32,,
PUNJAB,SANGRUR,SIMRANJIT SINGH MANN,SAD (AMRITSAR)(SIMRANJIT SINGH MANN),0,GRADUATE,74,170971628,5000000
PUNJAB,SANGRUR,SUKHWINDER SINGH,IND,0,GRADUATE,46,1140000,0
PUNJAB,SANGRUR,TULSI SINGH,IND,0,ILLITERATE,60,,
PUNJAB,SANGRUR,VIJAY AGGARWAL,BHARTIYA SHAKTI CHETNA PARTY,0,GRADUATE PROFESSIONAL,47,6981160,0
BYE ELECTION ON 23-06-2022  : PUNJAB,SANGRUR,SIMRANJIT SINGH MANN,SAD (AMRITSAR)(SIMRANJIT SINGH MANN),1,GRADUATE,77,132657286,1892311
BYE ELECTION ON 23-06-2022  : PUNJAB,SANGRUR,AJAY KUMAR,IND,0,12TH PASS,47,6140000,0
BYE ELECTION ON 23-06-2022  : PUNJAB,SANGRUR,AMANDEEP KAUR UPPAL,IND,0,12TH PASS,39,1384175,0
BYE ELECTION ON 23-06-2022  : PUNJAB,SANGRUR,BIBI KAMALDEEP KAUR RAJOANA,SAD,0,GRADUATE,44,,
BYE ELECTION ON 23-06-2022  : PUNJAB,SANGRUR,DALVIR SINGH GOLDY,INC,2,GRADUATE,40,8450245,5000989
BYE ELECTION ON 23-06-2022  : PUNJAB,SANGRUR,GURMAIL SINGH,AAP,0,POST GRADUATE,38,13831453,519998
BYE ELECTION ON 23-06-2022  : PUNJAB,SANGRUR,HASAN MOHAMMAD,APNI EKTA PARTY,0,POST GRADUATE,35,,
BYE ELECTION ON 23-06-2022  : PUNJAB,SANGRUR,JAGMOHAN SINGH,PEOPLES PARTY OF INDIA (DEMOCRATIC),0,ILLITERATE,34,40000,0
BYE ELECTION ON 23-06-2022  : PUNJAB,SANGRUR,JAGPAL SINGH,IND,0,10TH PASS,50,15643420,134000
BYE ELECTION ON 23-06-2022  : PUNJAB,SANGRUR,SHAKTI KUMAR GUPTA,IND,0,OTHERS,47,7937000,0
BYE ELECTION ON 23-06-2022  : PUNJAB,SANGRUR,SUNAINA,IND,0,GRADUATE,35,,
RAJASTHAN,AJMER,BHAGIRATH CHAUDHARY,BJP,0,12TH PASS,64,85101774,8319942
RAJASTHAN,AJMER,DURGA LAL REGAR,BSP,0,POST GRADUATE,60,41740458,890000
RAJASTHAN,AJMER,MUKESH GENA,IND,1,GRADUATE,31,,
RAJASTHAN,AJMER,PRAMOD KUMAR,IND,0,8TH PASS,38,630000,0
RAJASTHAN,AJMER,RIJU JHUNJHUNWALA,INC,0,GRADUATE,40,853998231,306012685
RAJASTHAN,AJMER,SONIYA REGAR,IND,0,12TH PASS,31,,
RAJASTHAN,AJMER,VISHRAM BABU,AMBEDKARITE PARTY OF INDIA,0,POST GRADUATE,60,25792244,268705
RAJASTHAN,ALWAR,MAHANT BALAK NATH,BJP,0,10TH PASS,35,,
RAJASTHAN,ALWAR,ADVOCATE AMIT KUMAR GUPTA,IND,0,GRADUATE PROFESSIONAL,35,11052767,4874000
RAJASTHAN,ALWAR,AMIT SHARMA JANGIR,AMBEDKARITE PARTY OF INDIA,0,12TH PASS,25,300000,0
RAJASTHAN,ALWAR,ANAND KUMAR SAIN,IND,0,POST GRADUATE,37,,
RAJASTHAN,ALWAR,ANOOP KUMAR,PRAGATISHIL SAMAJWADI PARTY (LOHIA),0,10TH PASS,29,556107,126800
RAJASTHAN,ALWAR,GULAB SINGH,POORVANCHAL RASHTRIYA CONGRESS,0,GRADUATE,50,92140000,0
RAJASTHAN,ALWAR,IMRAN KHAN,BSP,0,10TH PASS,31,,
RAJASTHAN,ALWAR,JITENDRA SINGH,INC,2,GRADUATE,47,136542038,0
RAJASTHAN,ALWAR,MADAN LAL,IND,0,10TH PASS,46,11078680,0
RAJASTHAN,ALWAR,PAWAN KUMAR JAIN,IND,0,GRADUATE,63,9879042,700000
RAJASTHAN,ALWAR,TILAK RAJ MUNJAL,IND,0,GRADUATE,67,4718096,0
RAJASTHAN,BANSWARA,KANAKMAL KATARA,BJP,0,GRADUATE PROFESSIONAL,62,58711904,1746729
RAJASTHAN,BANSWARA,BAPULAL,BSP,0,8TH PASS,31,311000,0
RAJASTHAN,BANSWARA,KANTILAL ROAT,BHARTIYA TRIBAL PARTY,0,POST GRADUATE,43,,
RAJASTHAN,BANSWARA,NITESH DAMOR,IND,0,GRADUATE PROFESSIONAL,26,30811,0
RAJASTHAN,BANSWARA,TARACHAND BHAGORA,INC,0,POST GRADUATE,65,34354639,6449772
RAJASTHAN,BARMER,KAILASH CHOUDHARY,BJP,2,GRADUATE,45,,
RAJASTHAN,BARMER,BHERARAM JAKHAR,IND,1,GRADUATE,55,1282500,0
RAJASTHAN,BARMER,HANEEF,IND,0,LITERATE,48,101000,0
RAJASTHAN,BARMER,MANVENDRA SINGH,INC,0,POST GRADUATE,55,45063664,0
RAJASTHAN,BARMER,MULA RAM,IND,0,GRADUATE,34,165000,0
RAJASTHAN,BARMER,POPATLAL,IND,0,10TH PASS,50,,
RAJASTHAN,BARMER,RAMESH KUMAR,BAHUJAN MUKTI PARTY,0,5TH PASS,39,295500,0
RAJASTHAN,BHARATPUR,RANJEETA KUMARI,BJP,0,8TH PASS,39,3117190,0
RAJASTHAN,BHARATPUR,ABHIJEET KUMAR,INC,0,GRADUATE PROFESSIONAL,59,133045865,28346352
RAJASTHAN,BHARATPUR,GHANSHYAM SINGH YADAV,IND,0,GRADUATE,70,19592100,0
RAJASTHAN,BHARATPUR,MANGAL RAM GODRA,AMBEDKARITE PARTY OF INDIA,0,12TH PASS,68,,
RAJASTHAN,BHARATPUR,PURUSHOTTAM LAL,IND,0,GRADUATE,37,1009287,220000
RAJASTHAN,BHARATPUR,SUNIL,IND,0,12TH PASS,30,,
RAJASTHAN,BHARATPUR,SURAJMAL,BSP,0,GRADUATE PROFESSIONAL,56,15896000,1265000
RAJASTHAN,BHARATPUR,TEJVEER SINGH,IND,0,10TH PASS,26,258000,0
RAJASTHAN,BHILWARA,SUBHASH CHANDRA BAHERIA,BJP,0,GRADUATE,62,232703276,1827380
RAJASTHAN,BHILWARA,PAWAN KUMAR SHARMA,RIGHT TO RECALL PARTY,0,GRADUATE,42,1089730,0
RAJASTHAN,BHILWARA,RAMPAL SHARMA,INC,1,12TH PASS,52,74900711,24650224
RAJASTHAN,BHILWARA,SHIVLAL GURJAR,BSP,1,5TH PASS,40,,
RAJASTHAN,BIKANER,ARJUN RAM MEGHWAL,BJP,0,POST GRADUATE,65,23524459,1060314
RAJASTHAN,BIKANER,ARJUNRAM,IND,0,10TH PASS,33,11000,0
RAJASTHAN,BIKANER,BABULAL,IND,0,10TH PASS,56,,
RAJASTHAN,BIKANER,BHAIRA RAM,BSP,0,5TH PASS,47,1154500,0
RAJASTHAN,BIKANER,GHANSHYAM MEGHWAL,AMBEDKARITE PARTY OF INDIA,0,8TH PASS,39,472500,0
RAJASTHAN,BIKANER,MADAN GOPAL,INC,0,GRADUATE,55,,
RAJASTHAN,BIKANER,PUNAMCHAND,HINDUSTHAN NIRMAN DAL,0,8TH PASS,38,852000,318000
RAJASTHAN,BIKANER,SHYOPAT RAM,CPI(M),9,GRADUATE,40,2648000,769227
RAJASTHAN,CHITTORGARH,CHANDRA PRAKASH,BJP,0,GRADUATE,43,19725115,100000
RAJASTHAN,CHITTORGARH,GOPAL DHAKAD,RIGHT TO RECALL PARTY,0,12TH PASS,38,5314571,465369
RAJASTHAN,CHITTORGARH,GOPAL SINGH SHEKHAWAT,INC,0,GRADUATE PROFESSIONAL,68,,
RAJASTHAN,CHITTORGARH,GULAB SEHLOT,IND,0,12TH PASS,68,1896720,0
RAJASTHAN,CHITTORGARH,JAGDISH CHANDRA SHARMA,BSP,0,POST GRADUATE,67,18570000,0
RAJASTHAN,CHITTORGARH,JAI PRAKASH REGAR,AMBEDKARITE PARTY OF INDIA,0,GRADUATE PROFESSIONAL,39,,
RAJASTHAN,CHITTORGARH,MANGILAL MEENA,SATYA BAHUMAT PARTY,0,5TH PASS,52,28140764,0
RAJASTHAN,CHITTORGARH,PRAKASH CHANDRA MEENA,BHARTIYA TRIBAL PARTY,1,GRADUATE,33,580000,0
RAJASTHAN,CHITTORGARH,SHAMSHUDDIN,IND,0,NOT GIVEN,73,786,0
RAJASTHAN,CHURU,RAHUL KASWAN,BJP,0,GRADUATE,42,,
RAJASTHAN,CHURU,ASLAM,IND,0,LITERATE,47,93973,124600
RAJASTHAN,CHURU,BALWAN POONIA,CPI(M),12,GRADUATE PROFESSIONAL,41,3668789,1415622
RAJASTHAN,CHURU,BISHANARAM,IND,0,GRADUATE,41,,
RAJASTHAN,CHURU,DARARAM NAYAK,IND,0,GRADUATE,40,517000,0
RAJASTHAN,CHURU,GOMATI DHARAMPAL KATARIA,BHARAT RAKSHAK PARTY (DEMOCRATIC),0,LITERATE,52,18212900,1350000
RAJASTHAN,CHURU,HARI SINGH,BSP,0,12TH PASS,57,,
RAJASTHAN,CHURU,KUMBHARAM MEENA,IND,0,8TH PASS,43,546100,100000
RAJASTHAN,CHURU,RAFIQUE MANDELIA,INC,3,10TH PASS,58,582281544,464721999
RAJASTHAN,CHURU,SATYAPAL BAUDDH,AMBEDKARITE PARTY OF INDIA,0,10TH PASS,62,2065170,0
RAJASTHAN,CHURU,SHEELA SHEKHAWAT,IND,0,POST GRADUATE,32,2050620,874224
RAJASTHAN,CHURU,SUKHDEV MEGHWAL,IND,0,GRADUATE,42,,
RAJASTHAN,DAUSA,JASKAUR MEENA,BJP,0,POST GRADUATE,71,,
RAJASTHAN,DAUSA,ANJU DEVI DHANKA,IND,0,GRADUATE,42,7155513,2450000
RAJASTHAN,DAUSA,BHARTI MEENA,IND,1,12TH PASS,30,3371000,650000
RAJASTHAN,DAUSA,BIMLA DEVI MEENA,IND,0,GRADUATE,61,,
RAJASTHAN,DAUSA,CHANDRA PRAKASH MEENA,NATIONALIST PEOPLES FRONT,0,GRADUATE,26,600000,0
RAJASTHAN,DAUSA,DWARKA PRASAD,BSP,0,POST GRADUATE,36,1000,0
RAJASTHAN,DAUSA,MALIRAM NAYAKA,IND,0,10TH PASS,70,4020000,0
RAJASTHAN,DAUSA,RADHEY SHYAM MEENA,IND,0,LITERATE,50,18985200,9000000
RAJASTHAN,DAUSA,RINKU KUMAR MEENA,PEOPLES PARTY OF INDIA (DEMOCRATIC),0,GRADUATE PROFESSIONAL,32,1000,0
RAJASTHAN,DAUSA,SAVITA MEENA,INC,0,12TH PASS,54,111123791,1432480
RAJASTHAN,GANGANAGAR,NIHAL CHAND,BJP,0,GRADUATE,48,,
RAJASTHAN,GANGANAGAR,BHAJAN SINGH GHAROO,IND,0,POST GRADUATE,62,9875228,400000
RAJASTHAN,GANGANAGAR,BHARAT RAM MEGHWAL,INC,0,GRADUATE,63,8701890,4470443
RAJASTHAN,GANGANAGAR,DR. BALKRISHAN PANWAR,IND,0,GRADUATE PROFESSIONAL,60,,
RAJASTHAN,GANGANAGAR,LUNARAMA,BSP,0,LITERATE,53,713000,600000
RAJASTHAN,GANGANAGAR,NARESH KUMAR,IND,0,8TH PASS,45,72764,0
RAJASTHAN,GANGANAGAR,RAVTARAM,CPI,0,LITERATE,74,8282084,0
RAJASTHAN,GANGANAGAR,SATISH KUMAR,IND,0,LITERATE,51,518600,50000
RAJASTHAN,JAIPUR,RAM CHARAN BOHRA,BJP,0,12TH PASS,61,165322707,22000000
RAJASTHAN,JAIPUR,BABITA WADHWANI,IND,0,POST GRADUATE,45,1831323,2000
RAJASTHAN,JAIPUR,BHANWAR LAL JOSHI,RASHTRIYA JANSAMBHAVNA PARTY,0,GRADUATE,45,950000,150000
RAJASTHAN,JAIPUR,HARIPAL BAIRWA,IND,0,8TH PASS,50,,
RAJASTHAN,JAIPUR,JYOTI KHANDELWAL,INC,0,DOCTORATE,44,7959622,2150000
RAJASTHAN,JAIPUR,KAILASH CHAND JAGARWAL,AMBEDKARITE PARTY OF INDIA,0,GRADUATE,38,3000000,0
RAJASTHAN,JAIPUR,KAMAL BHARGAV,IND,0,5TH PASS,33,,
RAJASTHAN,JAIPUR,KULDEEP SINGH,SUCI(C),0,POST GRADUATE,33,2143545,0
RAJASTHAN,JAIPUR,MANOJ KUMAR JOSHI,IND,0,12TH PASS,48,75273662,80000
RAJASTHAN,JAIPUR,PANKAJ PATEL,IND,0,POST GRADUATE,29,180611,0
RAJASTHAN,JAIPUR,PRASHANT SAINI,IND,0,POST GRADUATE,37,205000,0
RAJASTHAN,JAIPUR,R. S. MEENA KALKY,PEOPLES PARTY OF INDIA (DEMOCRATIC),1,POST GRADUATE,67,,
RAJASTHAN,JAIPUR,RAM CHARAN JOSHI,IND,0,GRADUATE,37,1668000,24000
RAJASTHAN,JAIPUR,RAM JANKI SWAMI,IND,0,LITERATE,46,,
RAJASTHAN,JAIPUR,RAMLAL DHANAKA,IND,0,LITERATE,62,12788134,0
RAJASTHAN,JAIPUR,SANJAY GARG,SWARNA BHARAT PARTY,0,OTHERS,54,27432694,2000000
RAJASTHAN,JAIPUR,SHOBHAL SINGH,IND,0,GRADUATE PROFESSIONAL,39,4930000,0
RAJASTHAN,JAIPUR,UMRAO SALODIA,BSP,1,POST GRADUATE,62,37943644,0
RAJASTHAN,JAIPUR,VINAY KUMAR VARMA,IND,0,12TH PASS,36,,
RAJASTHAN,JAIPUR,VIRAD SINGLA,IND,0,GRADUATE PROFESSIONAL,26,440951,29194
RAJASTHAN,JAIPUR,YAKUB KHAN,IND,0,LITERATE,47,515000,0
RAJASTHAN,JAIPUR,YOGESH SHARMA,IND,0,8TH PASS,69,,
RAJASTHAN,JAIPUR RURAL,COL. RAJYAVARDHAN RATHORE,BJP,0,GRADUATE,49,127808070,0
RAJASTHAN,JAIPUR RURAL,BANWARI LAL,IND,0,GRADUATE,34,3107300,768000
RAJASTHAN,JAIPUR RURAL,KRISHNA POONIA,INC,0,GRADUATE,41,,
RAJASTHAN,JAIPUR RURAL,RAJENDRA KUMAR,AMBEDKARITE PARTY OF INDIA,0,GRADUATE PROFESSIONAL,43,2691000,1100000
RAJASTHAN,JAIPUR RURAL,RAM NIWAS,BHARAT RAKSHAK PARTY (DEMOCRATIC),0,LITERATE,48,732000,0
RAJASTHAN,JAIPUR RURAL,RAM SINGH KASANA,IND,0,10TH PASS,41,,
RAJASTHAN,JAIPUR RURAL,VINOD SHARMA,IND,0,POST GRADUATE,53,6377800,180000
RAJASTHAN,JAIPUR RURAL,VIRENDER SINGH,BSP,0,LITERATE,50,103202500,4500000
RAJASTHAN,JALORE,DEVAJI PATEL,BJP,0,10TH PASS,42,88332292,60936530
RAJASTHAN,JALORE,BHANWERLAL,BAHUJAN MUKTI PARTY,0,OTHERS,62,10072103,0
RAJASTHAN,JALORE,BHAVA RAM,IND,0,GRADUATE PROFESSIONAL,33,886000,0
RAJASTHAN,JALORE,BHERARAM BARAR MEGHWAL,IND,0,10TH PASS,48,,
RAJASTHAN,JALORE,DINESH SINGH,IND,0,POST GRADUATE,27,438684,0
RAJASTHAN,JALORE,KALURAM,RASHTRIYA RASHTRAWADI PARTY,0,8TH PASS,30,,
RAJASTHAN,JALORE,KAPOORA RAM MEENA,IND,0,POST GRADUATE,60,46849400,3800000
RAJASTHAN,JALORE,KHETA RAM,IND,0,12TH PASS,47,666961,0
RAJASTHAN,JALORE,LUKARAM,IND,0,LITERATE,60,5220000,300000
RAJASTHAN,JALORE,MOHAN LAL,IND,0,POST GRADUATE,25,21105,0
RAJASTHAN,JALORE,NIMBARAM,IND,0,8TH PASS,35,,
RAJASTHAN,JALORE,RAM PRASAD JATAV,AMBEDKARITE PARTY OF INDIA,0,POST GRADUATE,63,16703000,800000
RAJASTHAN,JALORE,RATAN,INC,0,12TH PASS,44,23361271,4544357
RAJASTHAN,JALORE,VIJAY SHREE,SHS,0,12TH PASS,33,,
RAJASTHAN,JHALAWAR BARAN,DUSHYANT,BJP,0,POST GRADUATE,48,,
RAJASTHAN,JHALAWAR BARAN,ABDUL QAYYUM SIDDIQUI,IND,0,GRADUATE,47,1481364,473069
RAJASTHAN,JHALAWAR BARAN,BADREE LAL,BSP,0,GRADUATE PROFESSIONAL,58,38197000,1359000
RAJASTHAN,JHALAWAR BARAN,HARISH KUMAR DHAKAR,IND,1,GRADUATE,26,6252517,423263
RAJASTHAN,JHALAWAR BARAN,MOHAMMAD NASIR,IND,0,8TH PASS,54,501500,0
RAJASTHAN,JHALAWAR BARAN,PRAMOD KUMAR,INC,4,GRADUATE PROFESSIONAL,48,,
RAJASTHAN,JHALAWAR BARAN,PRINCE KUMAR,IND,0,12TH PASS,25,500,0
RAJASTHAN,JHUNJHUNU,NARENDRA KUMAR,BJP,1,GRADUATE,58,47474109,3278401
RAJASTHAN,JHUNJHUNU,AJAY PAL,BAHUJAN MUKTI PARTY,0,POST GRADUATE,34,375915,0
RAJASTHAN,JHUNJHUNU,BAL DEV PRASAD SAINI,IND,0,8TH PASS,33,820000,22000
RAJASTHAN,JHUNJHUNU,BHIM SINGH,IND,0,LITERATE,67,,
RAJASTHAN,JHUNJHUNU,DR. TEJPAL,RIGHT TO RECALL PARTY,0,GRADUATE PROFESSIONAL,31,633189,592936
RAJASTHAN,JHUNJHUNU,GURU GOKULCHAND RASHTARWADI,IND,0,12TH PASS,66,,0
RAJASTHAN,JHUNJHUNU,KAILASH KARWASARA,IND,0,10TH PASS,29,,
RAJASTHAN,JHUNJHUNU,KRISHAN KUMAR,RASHTRIYA MANGALAM PARTY,0,5TH PASS,44,2534657,480000
RAJASTHAN,JHUNJHUNU,MAHANT AKASH GIRI,IND,0,LITERATE,37,57000,0
RAJASTHAN,JHUNJHUNU,SHARWAN KUMAR,INC,0,10TH PASS,64,7885036,0
RAJASTHAN,JHUNJHUNU,SHARWAN KUMAR S/O HUKMA RAM,IND,0,10TH PASS,47,,
RAJASTHAN,JODHPUR,GAJENDRA SINGH SHEKHAWAT,BJP,1,POST GRADUATE,51,138029511,58573744
RAJASTHAN,JODHPUR,AMAR SINGH KALUNDHA,BHARTIYA TRIBAL PARTY,0,GRADUATE,59,11976000,7353670
RAJASTHAN,JODHPUR,ANIL JOYA MEGHWAL,IND,0,8TH PASS,45,1637500,300000
RAJASTHAN,JODHPUR,CHAND MOHAMMAD,IND,0,5TH PASS,52,,
RAJASTHAN,JODHPUR,MODA RAM MEGHWAL,IND,0,GRADUATE PROFESSIONAL,30,138668,0
RAJASTHAN,JODHPUR,MUKUL CHAUDHARY,BSP,1,POST GRADUATE,38,,
RAJASTHAN,JODHPUR,SHAMBHU RAM,IND,0,8TH PASS,34,888736,0
RAJASTHAN,JODHPUR,TASLEEM,IND,0,ILLITERATE,40,303804,65326
RAJASTHAN,JODHPUR,VISHEK VISHNOI,IND,0,GRADUATE,37,3486850,0
RAJASTHAN,KARAULI DHOLPUR,MANOJ RAJORIA,BJP,0,POST GRADUATE,49,64867148,22121569
RAJASTHAN,KARAULI DHOLPUR,JEET RAM BAIRWA,AMBEDKARITE PARTY OF INDIA,0,POST GRADUATE,35,270000,0
RAJASTHAN,KARAULI DHOLPUR,RAMKUMAR,BSP,0,GRADUATE,44,,
RAJASTHAN,KARAULI DHOLPUR,SANJAY KUMAR,INC,0,GRADUATE PROFESSIONAL,31,5376898,0
RAJASTHAN,KARAULI DHOLPUR,VIJAY BABU,PRABUDDHA REPUBLICAN PARTY,0,8TH PASS,55,217000,0
RAJASTHAN,KOTA,OM BIRLA,BJP,1,POST GRADUATE,56,48347737,0
RAJASTHAN,KOTA,ABDUL ASIPH,IND,0,8TH PASS,27,163000,0
RAJASTHAN,KOTA,BHIM SINGH,SHS,0,12TH PASS,52,5484000,0
RAJASTHAN,KOTA,CHANDRA PRAKASH,RASHTRIYA KRANTIKARI SAMAJWADI PARTY,0,8TH PASS,50,,
RAJASTHAN,KOTA,HARISH KUMAR,BSP,0,GRADUATE,66,12080000,600000
RAJASTHAN,KOTA,HERGOVIND,IND,0,POST GRADUATE,31,719324,0
RAJASTHAN,KOTA,KESHRI LAL,IND,0,5TH PASS,73,,
RAJASTHAN,KOTA,MAHESH KUMAR RANIWAL,AARAKSHAN VIRODHI PARTY,0,8TH PASS,46,672937,0
RAJASTHAN,KOTA,RAJENDRA PRASAD SINGOR,MARXIST COMMUNIST PARTY OF INDIA (UNITED),1,8TH PASS,59,185610,0
RAJASTHAN,KOTA,RAM NARAIN,INC,0,GRADUATE PROFESSIONAL,75,80157459,13137155
RAJASTHAN,KOTA,SATISH BHARDWAJ,IND,1,8TH PASS,37,,
RAJASTHAN,KOTA,SHOBHA RAM NIRMAL,PROUTIST SARVA SAMAJ,0,GRADUATE,71,10675304,0
RAJASTHAN,KOTA,SOMESH BHATNAGAR,BHARTIYA KISAN PARTY,1,OTHERS,48,842832,538589
RAJASTHAN,KOTA,SUNIL,IND,0,12TH PASS,52,,
RAJASTHAN,NAGAUR,HANUMAN BENIWAL,RASHTRIYA LOKTANTRIK PARTY,0,GRADUATE PROFESSIONAL,47,4218568,0
RAJASTHAN,NAGAUR,DHARMENDRA,IND,0,8TH PASS,27,475000,0
RAJASTHAN,NAGAUR,DHARMI CHAND,IND,0,12TH PASS,44,490119,0
RAJASTHAN,NAGAUR,DR. JYOTI MIRDHA,INC,0,GRADUATE PROFESSIONAL,47,,
RAJASTHAN,NAGAUR,HANUMAN RAM,RASHTRIYA POWER PARTY,0,8TH PASS,27,145000,0
RAJASTHAN,NAGAUR,MADANALAL,IND,0,8TH PASS,37,,
RAJASTHAN,NAGAUR,PREM RAJ,IND,0,12TH PASS,36,254604,0
RAJASTHAN,NAGAUR,RAM CHANDRA,IND,0,OTHERS,62,4506000,0
RAJASTHAN,NAGAUR,RAVINDRA SINGH SHEKHAWAT,IND,0,GRADUATE,38,109000,0
RAJASTHAN,NAGAUR,SAROJ PRAJAPAT,IND,0,POST GRADUATE,41,8324000,1200000
RAJASTHAN,NAGAUR,SHIV NARAYAN,IND,1,10TH PASS,47,,
RAJASTHAN,NAGAUR,SOHANARAM RATHI,IND,0,POST GRADUATE,62,8810588,700000
RAJASTHAN,PALI,P. P. CHAUDHARY,BJP,0,GRADUATE PROFESSIONAL,65,,
RAJASTHAN,PALI,BADRI RAM,INC,0,LITERATE,69,232556672,49047253
RAJASTHAN,PALI,HEMANT KUMAR SINGHVI,IND,0,POST GRADUATE,44,16122848,295236
RAJASTHAN,PALI,JAGDISH CHANDRA,IND,0,LITERATE,52,,
RAJASTHAN,PALI,KANHAIYALAL VAISHNAV,SHS,2,8TH PASS,39,644000,0
RAJASTHAN,PALI,LAXMAN KUMAR,PROUTIST SARVA SAMAJ,0,8TH PASS,26,163050,0
RAJASTHAN,PALI,RAMLAL MOHBARSHA,INDIAN INDIRA CONGRESS (R),0,DOCTORATE,66,12622000,444000
RAJASTHAN,PALI,RAMPRASAD JATAV,AMBEDKARITE PARTY OF INDIA,0,POST GRADUATE,63,17665000,800000
RAJASTHAN,RAJSAMAND,DIYA KUMARI,BJP,0,OTHERS,48,,
RAJASTHAN,RAJSAMAND,BHANWAR LAL KUMAWAT,IND,0,LITERATE,51,4681563,0
RAJASTHAN,RAJSAMAND,BHANWER LAL MALI,IND,0,LITERATE,55,1228828,0
RAJASTHAN,RAJSAMAND,CHANDRA PRAKASH TANWAR,AMBEDKARITE PARTY OF INDIA,0,5TH PASS,44,,
RAJASTHAN,RAJSAMAND,CHENARAM,BSP,0,GRADUATE,45,7374000,8851
RAJASTHAN,RAJSAMAND,DEVKINANDAN (KAKA),INC,1,POST GRADUATE,76,251586733,18611248
RAJASTHAN,RAJSAMAND,JITENDRA KUMAR KHATIK,IND,0,POST GRADUATE,43,3548316,121498
RAJASTHAN,RAJSAMAND,MISHRI KATHAT,INDIAN PEOPLES GREEN PARTY,0,8TH PASS,67,1300000,0
RAJASTHAN,RAJSAMAND,RAKESH CHOUDHARI (RAKESH SAMDOLAV),IND,0,GRADUATE,40,1595000,0
RAJASTHAN,SIKAR,SUMEDHANAND SARASWATI,BJP,0,POST GRADUATE,67,2827638,2719583
RAJASTHAN,SIKAR,AJAYPAL,IND,0,10TH PASS,58,4015500,150000
RAJASTHAN,SIKAR,AMRARAM,CPI(M),0,POST GRADUATE,63,4444641,780500
RAJASTHAN,SIKAR,ANKUR SHARMA,IND,0,POST GRADUATE,34,,
RAJASTHAN,SIKAR,BANSILAL KATARIA,IND,0,10TH PASS,59,551000,0
RAJASTHAN,SIKAR,BHAGIRATH SINGH KHARRTE BHADHADAR,IND,0,GRADUATE,51,5059000,0
RAJASTHAN,SIKAR,BHAGWAN SAHAY,IND,0,LITERATE,55,,
RAJASTHAN,SIKAR,SHIV BHAGAWAN,DALIT SOSHIT PICHHARA VARG ADHIKAR DAL,2,8TH PASS,42,5412447,84960
RAJASTHAN,SIKAR,SITA DEVI,BSP,0,8TH PASS,52,974458,0
RAJASTHAN,SIKAR,VIJENDRA KUMAR,BHARTIYA JAN SATTA PARTY,0,8TH PASS,26,4931350,117000
RAJASTHAN,SIKAR,VIKAS KUMAR,IND,0,POST GRADUATE,26,,
RAJASTHAN,TONK SAWAI MADHOPUR,SUKHBIR SINGH JAUNAPURIA,BJP,0,12TH PASS,61,1233802420,0
RAJASTHAN,TONK SAWAI MADHOPUR,BAJRANG LAL MEENA,RASHTRIYA KRANTI PARTY,0,10TH PASS,48,4115000,0
RAJASTHAN,TONK SAWAI MADHOPUR,GANESH MEENA,INDIAN PEOPLES GREEN PARTY,0,10TH PASS,27,245500,0
RAJASTHAN,TONK SAWAI MADHOPUR,LAXMI KANT (BAIRWA),BSP,0,GRADUATE,30,,
RAJASTHAN,TONK SAWAI MADHOPUR,MUKESH KUMAR,SHS,4,LITERATE,48,1015825000,100000000
RAJASTHAN,TONK SAWAI MADHOPUR,NAMONARAYAN,INC,0,POST GRADUATE,75,46640598,0
RAJASTHAN,TONK SAWAI MADHOPUR,NARESH KUMAR ATAL,AMBEDKARITE PARTY OF INDIA,0,GRADUATE PROFESSIONAL,31,,
RAJASTHAN,TONK SAWAI MADHOPUR,PREM LATA BANSHIWAL,IND,0,NOT GIVEN,55,,0
RAJASTHAN,UDAIPUR,ARJUNLAL MEENA,BJP,0,POST GRADUATE,54,48196946,15602872
RAJASTHAN,UDAIPUR,BIRDHI LAL CHHANWAL,BHARTIYA TRIBAL PARTY,0,POST GRADUATE,65,10682700,0
RAJASTHAN,UDAIPUR,GHANSHYAM SINGH TAWAR,CPI,0,GRADUATE,51,,
RAJASTHAN,UDAIPUR,HARJI LAL MEENA,AMBEDKARITE PARTY OF INDIA,0,GRADUATE,39,265000,5000
RAJASTHAN,UDAIPUR,KESU LAL MEENA,BSP,0,10TH PASS,53,1112508,85000
RAJASTHAN,UDAIPUR,KIKA MINA,CPI(ML) RED STAR,0,8TH PASS,78,,
RAJASTHAN,UDAIPUR,PARBHULAL MEENA,BAHUJAN MUKTI PARTY,0,8TH PASS,37,1610513,0
RAJASTHAN,UDAIPUR,RAGHUVIR SINGH MEENA,INC,0,GRADUATE PROFESSIONAL,59,32075616,4127647
SIKKIM,SIKKIM,INDRA HANG SUBBA,SIKKIM KRANTIKARI MORCHA,0,POST GRADUATE,30,478817,0
SIKKIM,SIKKIM,BHARAT BASNET,INC,0,10TH PASS,58,41650325,0
SIKKIM,SIKKIM,BIRAJ ADHIKARI,HAMRO SIKKIM PARTY,0,GRADUATE PROFESSIONAL,57,944513,0
SIKKIM,SIKKIM,DEK BAHADUR KATWAL,SDF,0,GRADUATE PROFESSIONAL,42,,
SIKKIM,SIKKIM,DHIRAJ KUMAR RAI,SIKKIM REPUBLICAN PARTY,0,POST GRADUATE,37,248000,0
SIKKIM,SIKKIM,LATEN SHERPA,BJP,0,5TH PASS,33,,
SIKKIM,SIKKIM,MAHENDRA THAPA,IND,0,POST GRADUATE,31,2847230,0
SIKKIM,SIKKIM,NARENDRA ADHIKARI,SIKKIM UNITED FRONT,0,GRADUATE,30,403050,0
SIKKIM,SIKKIM,RABIN RAI,ALL INDIANS PARTY,0,POST GRADUATE,44,11062966,442745
SIKKIM,SIKKIM,SUNMAYA GURUNG,JAI MAHA BHARATH PARTY,0,8TH PASS,51,1351377,0
TAMIL NADU,ARAKKONAM,S. JAGATHRAKSHAKAN,DMK,2,10TH PASS,71,1146984897,166365972
TAMIL NADU,ARAKKONAM,A.K. MOORTHY,PATTALI MAKKAL KATCHI,6,POST GRADUATE,55,46023417,7710578
TAMIL NADU,ARAKKONAM,C. MOORTHY,IND,0,8TH PASS,35,82000,50000
TAMIL NADU,ARAKKONAM,D. DOSS,BSP,0,10TH PASS,48,,
TAMIL NADU,ARAKKONAM,DR.T.M.S. SADHU MUTHU KIRSHAN ERJENDRAN,IND,0,DOCTORATE,57,25000,0
TAMIL NADU,ARAKKONAM,G. MOORTHY,IND,0,8TH PASS,36,1683000,0
TAMIL NADU,ARAKKONAM,M. PARTHIBAN,IND,0,8TH PASS,45,,
TAMIL NADU,ARAKKONAM,M. SAVITHA,AMBEDKARITE PARTY OF INDIA,0,POST GRADUATE,33,51000,0
TAMIL NADU,ARAKKONAM,M.S. KRISHNAN,IND,0,5TH PASS,59,2050000,0
TAMIL NADU,ARAKKONAM,R. ELAMVAZHUDHI,IND,0,10TH PASS,60,2220000,0
TAMIL NADU,ARAKKONAM,R. RAMESH,IND,0,12TH PASS,40,2450000,0
TAMIL NADU,ARAKKONAM,RAJENDRAN N.,MAKKAL NEEDHI MAIAM,0,POST GRADUATE,61,,
TAMIL NADU,ARAKKONAM,S. SHETTU,IND,0,GRADUATE,46,256100,0
TAMIL NADU,ARAKKONAM,Y.R. PAVENDHAN,NAAM TAMILAR KATCHI,0,POST GRADUATE,40,,
TAMIL NADU,ARANI,VISHNUPRASAD. M.K,INC,1,GRADUATE PROFESSIONAL,46,234564815,33409505
TAMIL NADU,ARANI,ELUMALAI K,IND,0,8TH PASS,35,160000,0
TAMIL NADU,ARANI,ELUMALAI S,IND,0,8TH PASS,37,1360000,0
TAMIL NADU,ARANI,ELUMALAI V,AIADMK,0,GRADUATE PROFESSIONAL,63,,
TAMIL NADU,ARANI,PERUMAL M,IND,0,5TH PASS,48,160000,0
TAMIL NADU,ARANI,RAMAMURTHY C,IND,0,12TH PASS,62,57000,0
TAMIL NADU,ARANI,RAMAMURTHY S,IND,0,12TH PASS,43,,
TAMIL NADU,ARANI,SAKTHIVEL K,TAMIL NADU ILANGYAR KATCHI,0,POST GRADUATE,37,100199,0
TAMIL NADU,ARANI,SENJERAJA K.N.K,IND,1,12TH PASS,43,33750,0
TAMIL NADU,ARANI,SHAJI V,MAKKAL NEEDHI MAIAM,0,8TH PASS,41,44642380,20565404
TAMIL NADU,ARANI,SIVAPRAKASH K,BSP,0,GRADUATE PROFESSIONAL,40,101000,0
TAMIL NADU,ARANI,SUNDAR K,IND,0,POST GRADUATE,41,,
TAMIL NADU,ARANI,TAMILARASI A,NAAM TAMILAR KATCHI,0,POST GRADUATE,37,2934243,0
TAMIL NADU,CHENNAI CENTRAL,DAYANIDHI MARAN,DMK,1,GRADUATE,52,116790616,0
TAMIL NADU,CHENNAI CENTRAL,CHANDRANATHAN S,IND,0,GRADUATE,27,69289,0
TAMIL NADU,CHENNAI CENTRAL,DINAKARAN G,IND,0,POST GRADUATE,29,,
TAMIL NADU,CHENNAI CENTRAL,GOVINDRAJ L,IND,0,GRADUATE PROFESSIONAL,39,7015000,5300000
TAMIL NADU,CHENNAI CENTRAL,GUNASEKAR N,IND,1,10TH PASS,29,175000,0
TAMIL NADU,CHENNAI CENTRAL,JITENDRA KUMAR JAIN,RPI,0,GRADUATE,41,,
TAMIL NADU,CHENNAI CENTRAL,KAMEELA NASSER,MAKKAL NEEDHI MAIAM,0,POST GRADUATE,54,71905468,9490525
TAMIL NADU,CHENNAI CENTRAL,KARNAN C S,ANTI CORRUPTION DYNAMIC PARTY,0,GRADUATE,63,10750000,0
TAMIL NADU,CHENNAI CENTRAL,KUPPUSAMY K,IND,0,5TH PASS,46,37000,0
TAMIL NADU,CHENNAI CENTRAL,M PARTHASARATHI,BSP,0,12TH PASS,49,21000,0
TAMIL NADU,CHENNAI CENTRAL,MADHANAGOPAL T,IND,0,GRADUATE PROFESSIONAL,41,,
TAMIL NADU,CHENNAI CENTRAL,NAJIMUNNISSA,ANAITHU MAKKAL KATCHI,0,8TH PASS,48,1040000,0
TAMIL NADU,CHENNAI CENTRAL,NASAR K,IND,0,10TH PASS,35,192000,0
TAMIL NADU,CHENNAI CENTRAL,PRABAKARAN N,IND,0,GRADUATE PROFESSIONAL,27,,
TAMIL NADU,CHENNAI CENTRAL,PRABHAKARAN K M,IND,0,5TH PASS,57,135000,0
TAMIL NADU,CHENNAI CENTRAL,PUSHPARAJ J L,IND,0,LITERATE,28,149000,0
TAMIL NADU,CHENNAI CENTRAL,RAJ RAMCHAND,IND,0,GRADUATE,51,11287869,217873
TAMIL NADU,CHENNAI CENTRAL,RAVICHANDRAN M,IND,0,POST GRADUATE,55,17290000,12579000
TAMIL NADU,CHENNAI CENTRAL,SAM PAUL S R,PATTALI MAKKAL KATCHI,0,POST GRADUATE,41,,
TAMIL NADU,CHENNAI CENTRAL,SAMPAUL,IND,0,POST GRADUATE,28,54500,0
TAMIL NADU,CHENNAI CENTRAL,SAMUEL PAUL P,IND,0,POST GRADUATE,29,350808,0
TAMIL NADU,CHENNAI CENTRAL,SASIKUMAR,TAMIL NADU ILANGYAR KATCHI,2,OTHERS,36,,
TAMIL NADU,CHENNAI CENTRAL,SHEIK MOHAMED K,SDPI,3,OTHERS,48,2274313,0
TAMIL NADU,CHENNAI CENTRAL,SURESH BABU D,DESIYA MAKKAL SAKTHI KATCHI,0,POST GRADUATE,43,28920971,8062407
TAMIL NADU,CHENNAI CENTRAL,V R GEETHALAKSHMI,PYRAMID PARTY OF INDIA,0,12TH PASS,51,650000,0
TAMIL NADU,CHENNAI CENTRAL,V RADHAKRISHNAN,IND,0,GRADUATE,47,51629805,0
TAMIL NADU,CHENNAI CENTRAL,VAITHIYANATHAN R,IND,0,POST GRADUATE,39,,
TAMIL NADU,CHENNAI CENTRAL,VALARMATHI K,AKILA INDIA VALLALAR PERAVAI,0,OTHERS,46,2280000,0
TAMIL NADU,CHENNAI NORTH,DR. KALANIDHI VEERASWAMY,DMK,0,POST GRADUATE,49,405294714,258386550
TAMIL NADU,CHENNAI NORTH,A.G. DAMODHARAN,IND,0,GRADUATE PROFESSIONAL,46,192000,0
TAMIL NADU,CHENNAI NORTH,A.G. MOURYA,MAKKAL NEEDHI MAIAM,0,POST GRADUATE,62,41590000,12497000
TAMIL NADU,CHENNAI NORTH,ALAGAAPURAM R. MOHANRAJ,DMDK,6,12TH PASS,65,,
TAMIL NADU,CHENNAI NORTH,C.DHANRAJ,IND,0,GRADUATE PROFESSIONAL,44,2928000,0
TAMIL NADU,CHENNAI NORTH,G. SRINIVASAN,IND,0,POST GRADUATE,42,,
TAMIL NADU,CHENNAI NORTH,J. DHARANIDHARAN,IND,0,GRADUATE PROFESSIONAL,39,455000,0
TAMIL NADU,CHENNAI NORTH,J. SEBASTIN,SUCI(C),0,10TH PASS,42,1000,0
TAMIL NADU,CHENNAI NORTH,KALIYAMMAL P,NAAM TAMILAR KATCHI,3,GRADUATE,33,1157000,130000
TAMIL NADU,CHENNAI NORTH,KAMESHWARAN,TAMIL NADU ILANGYAR KATCHI,0,GRADUATE,44,204500,0
TAMIL NADU,CHENNAI NORTH,L. RAJ,IND,0,ILLITERATE,44,,
TAMIL NADU,CHENNAI NORTH,L.PRAVEEN KUMAR,PEOPLES PARTY OF INDIA(SECULAR),0,POST GRADUATE,38,9858000,5029648
TAMIL NADU,CHENNAI NORTH,M.L. RAVI,DESIYA MAKKAL SAKTHI KATCHI,0,POST GRADUATE,54,8543800,4642000
TAMIL NADU,CHENNAI NORTH,N. SATHEESH KANNAN,IND,0,GRADUATE PROFESSIONAL,28,,
TAMIL NADU,CHENNAI NORTH,P. MARIMUTHU,IND,0,5TH PASS,63,5164400,0
TAMIL NADU,CHENNAI NORTH,P. SANTHANA KRISHNAN,IND,0,10TH PASS,43,14263825,0
TAMIL NADU,CHENNAI NORTH,S. GANESH,IND,0,GRADUATE PROFESSIONAL,38,197000,0
TAMIL NADU,CHENNAI NORTH,S. PRITHVIRAJ,IND,0,12TH PASS,25,707000,0
TAMIL NADU,CHENNAI NORTH,S. ROBERT GNANA SEKAR,BSP,0,POST GRADUATE,43,,
TAMIL NADU,CHENNAI NORTH,S. SELVARAJ,IND,0,GRADUATE PROFESSIONAL,43,973400,0
TAMIL NADU,CHENNAI NORTH,V. SARAVANAN,IND,0,GRADUATE PROFESSIONAL,29,353700,0
TAMIL NADU,CHENNAI SOUTH,SUMATHY ALIAS THAMIZHACHI THANGAPANDIAN,DMK,0,DOCTORATE,56,91793460,500000
TAMIL NADU,CHENNAI SOUTH,A.J.SHERINE,NAAM TAMILAR KATCHI,0,POST GRADUATE,26,3466760,0
TAMIL NADU,CHENNAI SOUTH,A.NARESH,TAMIL NADU ILANGYAR KATCHI,0,GRADUATE PROFESSIONAL,29,240000,14000
TAMIL NADU,CHENNAI SOUTH,AGNI SRIRAMACHANDRAN,IND,0,10TH PASS,38,,
TAMIL NADU,CHENNAI SOUTH,B.RAJI,IND,0,GRADUATE PROFESSIONAL,28,30200,0
TAMIL NADU,CHENNAI SOUTH,C.ROSI,IND,0,12TH PASS,29,2023,0
TAMIL NADU,CHENNAI SOUTH,D.HARIHARAN,IND,0,OTHERS,44,,
TAMIL NADU,CHENNAI SOUTH,D.KARTHICK,IND,0,GRADUATE PROFESSIONAL,33,579500,0
TAMIL NADU,CHENNAI SOUTH,E.DHANASEKARAN,IND,0,10TH PASS,51,507058,0
TAMIL NADU,CHENNAI SOUTH,G.DEVASHAGAYAM,IND,0,POST GRADUATE,40,15460579,9500000
TAMIL NADU,CHENNAI SOUTH,G.DHANASEKARAN,IND,0,GRADUATE PROFESSIONAL,48,6896493,0
TAMIL NADU,CHENNAI SOUTH,I.CHIDAMBARA ANANTHA RAJA,IND,0,GRADUATE PROFESSIONAL,35,,
TAMIL NADU,CHENNAI SOUTH,J.JAYAVARDHAN,AIADMK,0,GRADUATE PROFESSIONAL,31,32896587,9621000
TAMIL NADU,CHENNAI SOUTH,J.SIBI CHAKKARAVARTHY,IND,0,GRADUATE PROFESSIONAL,54,833153,470000
TAMIL NADU,CHENNAI SOUTH,JANCI.J,IND,1,GRADUATE,36,,
TAMIL NADU,CHENNAI SOUTH,K.JAYARAMAN,IND,0,12TH PASS,43,14925696,2053100
TAMIL NADU,CHENNAI SOUTH,K.KANNAN,IND,0,GRADUATE,46,249500,0
TAMIL NADU,CHENNAI SOUTH,K.SARAVANA PERUMAL,IND,0,GRADUATE,33,249000,0
TAMIL NADU,CHENNAI SOUTH,K.SUDHAKAR,IND,0,5TH PASS,50,81000,0
TAMIL NADU,CHENNAI SOUTH,KUPPAL.G.DEVADOSS,IND,0,8TH PASS,64,,
TAMIL NADU,CHENNAI SOUTH,M.A.JEYAKUMAR,DESIYA MAKKAL SAKTHI KATCHI,0,10TH PASS,64,35000,0
TAMIL NADU,CHENNAI SOUTH,M.MOORTHY,IND,0,8TH PASS,56,85342,0
TAMIL NADU,CHENNAI SOUTH,M.RAJESWARI PRIYA,IND,0,GRADUATE,36,,
TAMIL NADU,CHENNAI SOUTH,M.RAMANUJAM ALIAS M.RADHA,IND,0,12TH PASS,53,50000,0
TAMIL NADU,CHENNAI SOUTH,N.SUBRAMANI,IND,0,POST GRADUATE,49,8217865,200100
TAMIL NADU,CHENNAI SOUTH,P.KARTHIKEYAN,IND,0,GRADUATE,43,380407,0
TAMIL NADU,CHENNAI SOUTH,R.GANESAN,IND,0,GRADUATE PROFESSIONAL,51,5785732,818474
TAMIL NADU,CHENNAI SOUTH,R.JOHNSON,INDIAN CHRISTIAN FRONT,2,10TH PASS,37,,
TAMIL NADU,CHENNAI SOUTH,R.KUMAR,BSP,0,GRADUATE,38,21000,0
TAMIL NADU,CHENNAI SOUTH,R.RANGARAJAN,MAKKAL NEEDHI MAIAM,0,GRADUATE,40,22654934,689310
TAMIL NADU,CHENNAI SOUTH,S.ASHOK,IND,0,GRADUATE PROFESSIONAL,47,,
TAMIL NADU,CHENNAI SOUTH,S.ELANKUMARAN,IND,0,GRADUATE PROFESSIONAL,49,349250,0
TAMIL NADU,CHENNAI SOUTH,S.MANOVA,IND,0,GRADUATE PROFESSIONAL,28,114029,0
TAMIL NADU,CHENNAI SOUTH,SAIKUMAR.S,SUCI(C),0,12TH PASS,53,1000,0
TAMIL NADU,CHENNAI SOUTH,V.THIRUNAVUKKARASU,MAKKALATCHI KATCHI,0,10TH PASS,42,,
TAMIL NADU,CHIDAMBARAM,THIRUMAAVALAVAN THOL,VIDUTHALAI CHIRUTHAIGAL KATCHI,3,DOCTORATE,56,9244092,394248
TAMIL NADU,CHIDAMBARAM,CHANDRASEKAR P,AIADMK,0,POST GRADUATE,46,27182370,5873380
TAMIL NADU,CHIDAMBARAM,ELAVARASAN A,IND,0,DOCTORATE,55,14672869,5800000
TAMIL NADU,CHIDAMBARAM,GURUSAMY P,IND,1,GRADUATE,51,,
TAMIL NADU,CHIDAMBARAM,JAGATHEESAN M,IND,1,OTHERS,45,73246,250000
TAMIL NADU,CHIDAMBARAM,KALAIYARASAN R,IND,0,5TH PASS,31,62000,0
TAMIL NADU,CHIDAMBARAM,KRISHNAKUMARI A,IND,0,8TH PASS,45,,
TAMIL NADU,CHIDAMBARAM,KRISHNARAJ M,ANAITHU MAKKAL PURATCHI KATCHI,0,OTHERS,29,380800,0
TAMIL NADU,CHIDAMBARAM,PARVATHI S,DESIYA MAKKAL SAKTHI KATCHI,0,LITERATE,44,127050,0
TAMIL NADU,CHIDAMBARAM,RAVI T,MAKKAL NEEDHI MAIAM,0,OTHERS,49,2864000,500000
TAMIL NADU,COIMBATORE,P R NATARAJAN,CPI(M),1,12TH PASS,68,20284430,3234168
TAMIL NADU,COIMBATORE,A NATARAJAN,IND,0,5TH PASS,67,7000,0
TAMIL NADU,COIMBATORE,C P RADHAKRISHNAN,BJP,0,GRADUATE PROFESSIONAL,61,671140166,23686000
TAMIL NADU,COIMBATORE,G KANAGASABAPATHY,IND,0,5TH PASS,43,,
TAMIL NADU,COIMBATORE,M DHANAPAL,IND,0,GRADUATE,26,168000,93000
TAMIL NADU,COIMBATORE,N R APPATHURAI,IND,3,12TH PASS,68,300815900,3555000
TAMIL NADU,COIMBATORE,P GOVINDAN,BSP,0,10TH PASS,59,,
TAMIL NADU,COIMBATORE,P MANIKANDAN,TAMIL NADU ILANGYAR KATCHI,0,12TH PASS,32,245000,0
TAMIL NADU,COIMBATORE,R MAHENDRAN,MAKKAL NEEDHI MAIAM,0,POST GRADUATE,55,1333052340,115756111
TAMIL NADU,COIMBATORE,S KALYANASUNDARAM,NAAM TAMILAR KATCHI,0,POST GRADUATE,36,855083,0
TAMIL NADU,COIMBATORE,U RADHAKRISHNAN,IND,0,5TH PASS,62,,
TAMIL NADU,COIMBATORE,V KRISHNAN,IND,0,8TH PASS,49,15903000,870000
TAMIL NADU,COIMBATORE,V PUSHPANANTHAM,IND,0,POST GRADUATE,50,379500,0
TAMIL NADU,CUDDALORE,T. R. V .S. RAMESH,DMK,0,GRADUATE PROFESSIONAL,48,423378552,102828604
TAMIL NADU,CUDDALORE,A. JAYAMANI,IND,0,GRADUATE PROFESSIONAL,35,910000,0
TAMIL NADU,CUDDALORE,A. MANIKANDAN,PURVANCHAL JANTA PARTY (SECULAR),0,8TH PASS,43,491750,920000
TAMIL NADU,CUDDALORE,A. MARIMUTHU,IND,0,GRADUATE PROFESSIONAL,34,,
TAMIL NADU,CUDDALORE,C. JEYAPRAKASH,BSP,0,OTHERS,35,1407500,748000
TAMIL NADU,CUDDALORE,CHELLADURAI,TAMIL NADU ILANGYAR KATCHI,0,GRADUATE,35,175000,0
TAMIL NADU,CUDDALORE,CHITRA R,NAAM TAMILAR KATCHI,0,GRADUATE,40,,
TAMIL NADU,CUDDALORE,D. SANKAR,IND,0,GRADUATE,27,242500,0
TAMIL NADU,CUDDALORE,D. SENTHAMARAI KANNAN,IND,0,10TH PASS,55,7544600,2950000
TAMIL NADU,CUDDALORE,K. HEMANTH KUMAR,IND,0,GRADUATE PROFESSIONAL,28,7395000,900000
TAMIL NADU,CUDDALORE,K. RAMAN,IND,0,GRADUATE PROFESSIONAL,43,2556600,680000
TAMIL NADU,CUDDALORE,K. THANGAVEL,IND,0,10TH PASS,50,,
TAMIL NADU,CUDDALORE,KUPPUSAMY,ANTI CORRUPTION DYNAMIC PARTY,0,LITERATE,65,2453000,0
TAMIL NADU,CUDDALORE,M PAVADAI RAJA,AGILA INDIA MAKKAL KAZHAGAM,2,8TH PASS,40,986000,350000
TAMIL NADU,CUDDALORE,M. RAGHUNATHAN,ILANTAMILAR MUNNANI KAZHAGAM,0,POST GRADUATE,48,,
TAMIL NADU,CUDDALORE,M. SATHIYASEELAN,IND,0,GRADUATE,38,101100,0
TAMIL NADU,CUDDALORE,MOOVANDHAN,IND,0,POST GRADUATE,42,2492000,0
TAMIL NADU,CUDDALORE,S. DHANASEKARAN,IND,0,10TH PASS,37,439950,0
TAMIL NADU,CUDDALORE,V. ANNAMALAI,MAKKAL NEEDHI MAIAM,0,POST GRADUATE,44,,
TAMIL NADU,DHARMAPURI,DNV SENTHILKUMAR.S,DMK,1,POST GRADUATE,41,48477451,6053502
TAMIL NADU,DHARMAPURI,ANBUMANI RAMADOSS,PATTALI MAKKAL KATCHI,12,GRADUATE PROFESSIONAL,50,338535112,72681681
TAMIL NADU,DHARMAPURI,ANNADHURAI. K,GANASANGAM PARTY OF INDIA,0,5TH PASS,43,32000,0
TAMIL NADU,DHARMAPURI,ARIVAZHAGAN.P,IND,0,12TH PASS,47,,
TAMIL NADU,DHARMAPURI,DR. ELANGO.S,IND,0,POST GRADUATE,59,11045381,0
TAMIL NADU,DHARMAPURI,DURAI.S,IND,0,12TH PASS,39,,
TAMIL NADU,DHARMAPURI,MANIVASAGAM.C,IND,1,12TH PASS,54,266328,36000
TAMIL NADU,DHARMAPURI,PADMARAJAN.K.DR,IND,0,POST GRADUATE,60,1511000,0
TAMIL NADU,DHARMAPURI,RAJASEKAR.D,MAKKAL NEEDHI MAIAM,1,POST GRADUATE,43,16426500,5394587
TAMIL NADU,DHARMAPURI,RUKUMANI DEVI.R,NAAM TAMILAR KATCHI,0,POST GRADUATE,30,1378000,0
TAMIL NADU,DHARMAPURI,SAKTHIVEL.V,IND,0,12TH PASS,41,,
TAMIL NADU,DHARMAPURI,SARAVANAN.S,IND,0,10TH PASS,45,805528,155500
TAMIL NADU,DHARMAPURI,SIVANANDHAM.C,BSP,0,10TH PASS,39,144000,0
TAMIL NADU,DHARMAPURI,VENKATACHALAM.C,IND,0,12TH PASS,49,,
TAMIL NADU,DINDIGUL,VELUSAMY P,DMK,0,ILLITERATE,52,148076407,31474526
TAMIL NADU,DINDIGUL,"ANANTHRAJ, T",IND,0,ILLITERATE,34,1549689,0
TAMIL NADU,DINDIGUL,ANBUROSE. D,IND,0,12TH PASS,47,7058000,0
TAMIL NADU,DINDIGUL,"ARASUR MANOHARAN (A) MANOHARAN, S.",BSP,0,12TH PASS,63,,
TAMIL NADU,DINDIGUL,ARUNKUMAR. A,IND,0,POST GRADUATE,30,402007,81500
TAMIL NADU,DINDIGUL,"DINESHKUMAR, M.",IND,0,POST GRADUATE,28,325000,0
TAMIL NADU,DINDIGUL,"ESWARAN, R",IND,14,GRADUATE,44,,
TAMIL NADU,DINDIGUL,"IRUDAYASAMY, G",IND,0,POST GRADUATE,59,3705000,950000
TAMIL NADU,DINDIGUL,JOTHIMURUGAN. P,IND,1,POST GRADUATE,42,38770497,8000000
TAMIL NADU,DINDIGUL,"NAGARAJ , M",IND,0,OTHERS,31,279905,0
TAMIL NADU,DINDIGUL,"PANDI, M.",IND,0,ILLITERATE,32,237500,0
TAMIL NADU,DINDIGUL,"SHANMUGAPRABU, K",IND,0,POST GRADUATE,35,,
TAMIL NADU,DINDIGUL,SURESH. K,ULZAIPALI MAKKAL KATCHY,0,8TH PASS,44,70000,0
TAMIL NADU,DINDIGUL,"SUTHAKARAN, S. DR.",MAKKAL NEEDHI MAIAM,0,GRADUATE PROFESSIONAL,52,58904398,25302234
TAMIL NADU,DINDIGUL,UDHAYAKUMAR. A,IND,0,POST GRADUATE,37,,
TAMIL NADU,DINDIGUL,"VELUSAMY, P",IND,0,12TH PASS,47,2025000,0
TAMIL NADU,ERODE,GANESHAMURTHI A,DMK,0,GRADUATE,72,,
TAMIL NADU,ERODE,ANANTHI S,IND,0,POST GRADUATE,35,466000,0
TAMIL NADU,ERODE,ARUNACHALAM A,IND,0,DOCTORATE,68,50546411,0
TAMIL NADU,ERODE,CHITRA P,IND,0,GRADUATE,40,,
TAMIL NADU,ERODE,DHARMALINGAM S,IND,0,5TH PASS,47,3817600,0
TAMIL NADU,ERODE,GANESAMOORTHY M,IND,0,8TH PASS,58,3690703,0
TAMIL NADU,ERODE,GANESHAMURTHY A C,IND,0,10TH PASS,58,20687892,0
TAMIL NADU,ERODE,GOPAL M,BSP,0,8TH PASS,32,465000,210000
TAMIL NADU,ERODE,KATHIRVEL A,IND,0,8TH PASS,55,101000,0
TAMIL NADU,ERODE,KUPPUSAMY P,ULZAIPALI MAKKAL KATCHY,0,12TH PASS,56,324500,0
TAMIL NADU,ERODE,KUPPUSAMY R,GANASANGAM PARTY OF INDIA,0,10TH PASS,41,,
TAMIL NADU,ERODE,MANI A,IND,0,LITERATE,53,896000,0
TAMIL NADU,ERODE,MANIMARAN G,AIADMK,0,12TH PASS,52,77573699,29371716
TAMIL NADU,ERODE,NATARAJAN A,IND,0,8TH PASS,46,,
TAMIL NADU,ERODE,PARAMASIVAM N,IND,0,5TH PASS,60,150000,0
TAMIL NADU,ERODE,SARAVANAKUMAR A,MAKKAL NEEDHI MAIAM,0,OTHERS,43,11919500,3257200
TAMIL NADU,ERODE,SENTHILKUMAR K C,IND,0,GRADUATE,41,27500000,7900000
TAMIL NADU,ERODE,SUBRAMANIAN K,IND,0,8TH PASS,55,3017297,0
TAMIL NADU,KALLAKURICHI,GAUTHAM SIGAMANI PON,DMK,1,POST GRADUATE,44,471186830,81131909
TAMIL NADU,KALLAKURICHI,CHANDRAMOHAN M,VIVASAYIGAL MAKKAL MUNNETRA KATCHI,0,OTHERS,48,1035000,0
TAMIL NADU,KALLAKURICHI,CHANDRASEKARAN V,IND,0,GRADUATE,49,8838575,1062000
TAMIL NADU,KALLAKURICHI,GANESH H,MAKKAL NEEDHI MAIAM,0,12TH PASS,40,,
TAMIL NADU,KALLAKURICHI,GOVINDASAMY A,IND,0,8TH PASS,54,460000,245500
TAMIL NADU,KALLAKURICHI,KANNAN S,IND,0,5TH PASS,42,,
TAMIL NADU,KALLAKURICHI,KOMUGI MANIYAN M,IND,0,GRADUATE PROFESSIONAL,69,10487161,400000
TAMIL NADU,KALLAKURICHI,KUMAR K R,IND,0,8TH PASS,43,3067000,0
TAMIL NADU,KALLAKURICHI,MANNAN M P,IND,0,POST GRADUATE,58,1316969,0
TAMIL NADU,KALLAKURICHI,MAYILAMPARAI MARI A,IND,0,ILLITERATE,42,1800000,0
TAMIL NADU,KALLAKURICHI,NAGARAJAN S,IND,0,POST GRADUATE,26,,
TAMIL NADU,KALLAKURICHI,PRABHU A,IND,0,10TH PASS,38,340000,0
TAMIL NADU,KALLAKURICHI,RAMACHANDRAN K,IND,0,ILLITERATE,46,50000,0
TAMIL NADU,KALLAKURICHI,RAMADOSS R,IND,0,10TH PASS,40,,
TAMIL NADU,KALLAKURICHI,SAKTHIVEL S,BSP,0,OTHERS,55,2236500,0
TAMIL NADU,KALLAKURICHI,SATHEES KUMAR R,IND,0,12TH PASS,40,6745000,150000
TAMIL NADU,KALLAKURICHI,SIVA KUMAR P,IND,0,8TH PASS,49,3961000,81000
TAMIL NADU,KALLAKURICHI,SUDHISH L K,DMDK,5,GRADUATE,51,601747124,175246855
TAMIL NADU,KALLAKURICHI,SUMATHI B,IND,0,ILLITERATE,33,,
TAMIL NADU,KANCHEEPURAM,SELVAM.G,DMK,0,POST GRADUATE,44,48172936,0
TAMIL NADU,KANCHEEPURAM,DEVARAJAN C,IND,0,10TH PASS,51,250000,0
TAMIL NADU,KANCHEEPURAM,ELANGOVAN M,IND,0,10TH PASS,35,21000,0
TAMIL NADU,KANCHEEPURAM,MARAGADAM M,IND,0,ILLITERATE,48,,
TAMIL NADU,KANCHEEPURAM,MARAGATHAM K,AIADMK,0,POST GRADUATE,36,19631546,6500000
TAMIL NADU,KANCHEEPURAM,MUNUSAMY A,IND,0,POST GRADUATE,51,21615246,0
TAMIL NADU,KANCHEEPURAM,RAMESH S,IND,0,10TH PASS,39,,
TAMIL NADU,KANCHEEPURAM,SEKAR.D,BSP,0,GRADUATE PROFESSIONAL,37,1435000,0
TAMIL NADU,KANCHEEPURAM,VINOTHRAJ R,IND,0,12TH PASS,31,21000,0
TAMIL NADU,KANNIYAKUMARI,VASANTHAKUMAR H,INC,0,POST GRADUATE,68,4174930444,1547511439
TAMIL NADU,KANNIYAKUMARI,BALASUBRAMANIAN. E,BSP,0,8TH PASS,42,126000,0
TAMIL NADU,KANNIYAKUMARI,ESAKKIMUTHU. N,IND,0,12TH PASS,37,949000,0
TAMIL NADU,KANNIYAKUMARI,J.EBENEZER,MAKKAL NEEDHI MAIAM,1,OTHERS,32,,
TAMIL NADU,KANNIYAKUMARI,JACKSON M S,DEMOCRATIC CORRUPTION LIBERATION FRONT,0,GRADUATE PROFESSIONAL,44,1270000,650000
TAMIL NADU,KANNIYAKUMARI,LEKSHMANAN. E,IND,0,POST GRADUATE,55,113416099,12551484
TAMIL NADU,KANNIYAKUMARI,NAGOOR MEERAN PEER MOHAMED. U,IND,0,5TH PASS,59,,
TAMIL NADU,KANNIYAKUMARI,P. RADHAKRISHNAN,BJP,0,GRADUATE PROFESSIONAL,67,74996453,0
TAMIL NADU,KANNIYAKUMARI,PAULRAJ. C.M.,CPI(ML) RED STAR,2,GRADUATE PROFESSIONAL,54,4175000,0
TAMIL NADU,KANNIYAKUMARI,RAVI KUMAR. T,IND,0,ILLITERATE,42,2502516,0
TAMIL NADU,KANNIYAKUMARI,SANTHAKUMAR N,IND,1,10TH PASS,40,1367579,0
TAMIL NADU,KANNIYAKUMARI,SUBI. T,THE FUTURE INDIA PARTY,0,POST GRADUATE,27,,
TAMIL NADU,KANNIYAKUMARI,V. JAINTEEN,NAAM TAMILAR KATCHI,0,GRADUATE PROFESSIONAL,41,6208507,9000000
BYE ELECTION ON 06-04-2021 : TAMIL NADU,KANNIYAKUMARI,VIJAYAKUMAR ALIAS VIYAY VASANTH,INC,1,POST GRADUATE,37,532275977,176841
BYE ELECTION ON 06-04-2021 : TAMIL NADU,KANNIYAKUMARI,JEROME LOURDHU RAJA A.,IND,0,GRADUATE,43,1472040,0
BYE ELECTION ON 06-04-2021 : TAMIL NADU,KANNIYAKUMARI,RADHAKRISHNAN P.,BJP,3,GRADUATE PROFESSIONAL,69,74951321,0
BYE ELECTION ON 06-04-2021 : TAMIL NADU,KANNIYAKUMARI,SHUBA CHARLES,MAKKAL NEEDHI MAIAM,0,GRADUATE PROFESSIONAL,58,,
TAMIL NADU,KARUR,JOTHIMANI S,INC,0,POST GRADUATE,43,6046055,379000
TAMIL NADU,KARUR,AADHI KRISHNAN P,BSP,0,LITERATE,43,174852,18269
TAMIL NADU,KARUR,ANBAZHAGAN T,IND,0,GRADUATE PROFESSIONAL,29,334500,0
TAMIL NADU,KARUR,ANBUKANI S,IND,0,POST GRADUATE,33,,
TAMIL NADU,KARUR,BABU G,IND,0,GRADUATE PROFESSIONAL,33,50000,0
TAMIL NADU,KARUR,DASAPRAKASH K,IND,0,GRADUATE PROFESSIONAL,36,195000,0
TAMIL NADU,KARUR,EBENEEZER S,IND,0,POST GRADUATE,67,,
TAMIL NADU,KARUR,HARIHARAN DR R,MAKKAL NEEDHI MAIAM,0,GRADUATE PROFESSIONAL,42,6671252,3061250
TAMIL NADU,KARUR,JOSEPH M A,DESIYA MAKKAL SAKTHI KATCHI,0,10TH PASS,69,4212485,902125
TAMIL NADU,KARUR,KANAGARAJ R T,IND,0,8TH PASS,50,6795516,218855
TAMIL NADU,KARUR,KARTHI P,IND,0,GRADUATE PROFESSIONAL,36,,
TAMIL NADU,KARUR,KARTHIKEYAN B K,IND,0,GRADUATE PROFESSIONAL,35,190000,0
TAMIL NADU,KARUR,KARTHIKEYAN M,IND,0,POST GRADUATE,46,4555000,0
TAMIL NADU,KARUR,KARUPPAIYA R,NAAM TAMILAR KATCHI,0,POST GRADUATE,53,,
TAMIL NADU,KARUR,MAGUDEESWARAN K,IND,0,GRADUATE PROFESSIONAL,38,155000,0
TAMIL NADU,KARUR,MAHAMUNI A,IND,0,GRADUATE PROFESSIONAL,35,110000,0
TAMIL NADU,KARUR,MUTHU K R P,IND,0,12TH PASS,47,1886000,0
TAMIL NADU,KARUR,MUTHUKUMAR G,IND,0,GRADUATE PROFESSIONAL,46,55000,0
TAMIL NADU,KARUR,NAGAJOTHI M,IND,0,10TH PASS,53,,
TAMIL NADU,KARUR,NOYYAL RAMASAMY M,TAMIL NADU ILANGYAR KATCHI,0,10TH PASS,48,4061878,327700
TAMIL NADU,KARUR,PALANIVEL P,IND,0,GRADUATE PROFESSIONAL,39,50000,0
TAMIL NADU,KARUR,PITCHAIMUTHU T,IND,0,GRADUATE PROFESSIONAL,44,,
TAMIL NADU,KARUR,PRABAKARAN T,IND,1,GRADUATE PROFESSIONAL,30,140000,0
TAMIL NADU,KARUR,PRAKASH N,IND,0,GRADUATE PROFESSIONAL,39,384495,0
TAMIL NADU,KARUR,RAJALINGAM M,IND,0,POST GRADUATE,36,449000,56000
TAMIL NADU,KARUR,RAJESH KANNAN K,IND,0,10TH PASS,41,185000,0
TAMIL NADU,KARUR,RAMACHANDRAN M,IND,0,GRADUATE PROFESSIONAL,27,,
TAMIL NADU,KARUR,RAMAMOORTHY R,ULZAIPALI MAKKAL KATCHY,0,8TH PASS,59,400000,0
TAMIL NADU,KARUR,RAVI S P,IND,0,GRADUATE PROFESSIONAL,34,140000,0
TAMIL NADU,KARUR,SARASWATHI K,INDIAN NEW CONGRESS PARTY,1,ILLITERATE,57,,
TAMIL NADU,KARUR,SATHISHKUMAR S,IND,0,GRADUATE PROFESSIONAL,28,50000,0
TAMIL NADU,KARUR,SELVARAJ K,IND,0,GRADUATE,44,175000,0
TAMIL NADU,KARUR,THAMBIDURAI M,AIADMK,2,DOCTORATE,73,255283854,83215997
TAMIL NADU,KARUR,THANGAVEL P S N,IND,0,GRADUATE PROFESSIONAL,52,48731533,4769030
TAMIL NADU,KARUR,ULAGANATHAN T,IND,0,GRADUATE PROFESSIONAL,66,,
TAMIL NADU,KARUR,VARADAN M,IND,0,POST GRADUATE,65,2522000,800000
TAMIL NADU,KARUR,VIGNESHWARAN P,IND,0,GRADUATE PROFESSIONAL,27,50000,0
TAMIL NADU,KARUR,VINOTHKUMAR N,IND,0,GRADUATE PROFESSIONAL,37,,
TAMIL NADU,KRISHNAGIRI,DR.A.CHELLAKUMAR,INC,5,POST GRADUATE,58,121087979,66817959
TAMIL NADU,KRISHNAGIRI,AJAZ.S,IND,0,GRADUATE PROFESSIONAL,33,588540,0
TAMIL NADU,KRISHNAGIRI,B.GOVINDAN,IND,0,10TH PASS,51,2191000,0
TAMIL NADU,KRISHNAGIRI,DEVAPPA.Y,IND,0,10TH PASS,53,,
TAMIL NADU,KRISHNAGIRI,K.KUPPAN,IND,0,8TH PASS,68,2655000,200000
TAMIL NADU,KRISHNAGIRI,K.P.MUNUSAMY,AIADMK,0,GRADUATE PROFESSIONAL,67,,
TAMIL NADU,KRISHNAGIRI,M.KUMARASAN,IND,0,10TH PASS,44,1366000,0
TAMIL NADU,KRISHNAGIRI,M.MEENA,IND,0,ILLITERATE,55,478655,0
TAMIL NADU,KRISHNAGIRI,NAGESH.L,IND,0,10TH PASS,47,206000,0
TAMIL NADU,KRISHNAGIRI,S.GANESA KUMAR,IND,1,10TH PASS,50,7227602,1057578
TAMIL NADU,KRISHNAGIRI,SRIKARUNYA SUBRAHMANYAM,MAKKAL NEEDHI MAIAM,0,GRADUATE,50,,
TAMIL NADU,KRISHNAGIRI,T.V.S.GANDHI,IND,0,ILLITERATE,45,66698,0
TAMIL NADU,MADURAI,VENKATESAN S,CPI(M),0,12TH PASS,49,1811456,0
TAMIL NADU,MADURAI,ALAGAR M,MAKKAL NEEDHI MAIAM,0,GRADUATE PROFESSIONAL,52,6297227,4676374
TAMIL NADU,MADURAI,ALAGAR P,DESIYA MAKKAL SAKTHI KATCHI,0,5TH PASS,90,26656,0
TAMIL NADU,MADURAI,ANNADURAI P,IND,0,10TH PASS,51,,
TAMIL NADU,MADURAI,BALACHANDRAN T,IND,0,GRADUATE,58,1482174,165000
TAMIL NADU,MADURAI,BOOMI RAJAN K,IND,2,5TH PASS,34,1257401,0
TAMIL NADU,MADURAI,BOOMINATHAN K,IND,0,5TH PASS,47,,
TAMIL NADU,MADURAI,BRITTO JAI SINGH M,IND,0,12TH PASS,34,44510,0
TAMIL NADU,MADURAI,DAVID ANNADURAI K,IND,3,GRADUATE PROFESSIONAL,42,28787054,330000
TAMIL NADU,MADURAI,DHAVAMANI A,BSP,0,5TH PASS,53,27000,0
TAMIL NADU,MADURAI,GOPALAKRISHNAN M,IND,1,10TH PASS,41,20405000,1188000
TAMIL NADU,MADURAI,GOPALAKRISHNAN S,IND,0,10TH PASS,68,,
TAMIL NADU,MADURAI,MAYALAGAN N,TAMIL NADU ILANGYAR KATCHI,0,10TH PASS,34,265000,0
TAMIL NADU,MADURAI,MOHAN N,IND,8,8TH PASS,37,109050,0
TAMIL NADU,MADURAI,MUTHUKUMAR T,IND,0,LITERATE,34,,
TAMIL NADU,MADURAI,NAGA JOTHI K,IND,0,GRADUATE,33,2121645,1954058
TAMIL NADU,MADURAI,PALPANDI M,IND,0,ILLITERATE,49,185816,0
TAMIL NADU,MADURAI,PASUMPON PANDIAN S,IND,3,GRADUATE PROFESSIONAL,54,12600000,2000000
TAMIL NADU,MADURAI,RAJ SATYEN V.V.R,AIADMK,0,POST GRADUATE,36,32239213,8700000
TAMIL NADU,MADURAI,RAMASAMY T,IND,0,5TH PASS,63,,
TAMIL NADU,MADURAI,RAMESH K.K,IND,1,GRADUATE,47,580000,0
TAMIL NADU,MADURAI,SHANMUGHAM V,IND,0,12TH PASS,74,50000,0
TAMIL NADU,MADURAI,SHOBANA S,IND,0,GRADUATE PROFESSIONAL,37,,
TAMIL NADU,MADURAI,VENKATESAN M,IND,0,GRADUATE,50,3230324,971000
TAMIL NADU,MAYILADUTHURAI,RAMALINGAM S,DMK,0,GRADUATE,74,13355095,215000
TAMIL NADU,MAYILADUTHURAI,ABDUL BASEETH,IND,0,GRADUATE,30,44415,0
TAMIL NADU,MAYILADUTHURAI,ANNADURAI. K,IND,0,8TH PASS,51,1291267,171380
TAMIL NADU,MAYILADUTHURAI,ASAIMANI. S,AIADMK,0,POST GRADUATE,64,,
TAMIL NADU,MAYILADUTHURAI,DEVADOS. P,IND,0,8TH PASS,32,22000,20000
TAMIL NADU,MAYILADUTHURAI,HABEEB MOHAMED. U,ALL PENSIONER’S PARTY,0,10TH PASS,65,1010000,0
TAMIL NADU,MAYILADUTHURAI,KALYANASUNDARAM N,BSP,0,12TH PASS,66,,
TAMIL NADU,MAYILADUTHURAI,KANNAN. R,IND,0,POST GRADUATE,44,1829202,0
TAMIL NADU,MAYILADUTHURAI,KANNAPIRAN. M,IND,0,GRADUATE,37,160000,200000
TAMIL NADU,MAYILADUTHURAI,KRITHIVASAN. S,IND,0,GRADUATE,82,56463527,5700000
TAMIL NADU,MAYILADUTHURAI,RAJA N,IND,0,GRADUATE,45,100,0
TAMIL NADU,MAYILADUTHURAI,RAJASEKAR. A,IND,0,POST GRADUATE,44,,
TAMIL NADU,MAYILADUTHURAI,RAJESH P,IND,0,8TH PASS,37,100,0
TAMIL NADU,MAYILADUTHURAI,REFAYUDEEN. M,MAKKAL NEEDHI MAIAM,0,8TH PASS,46,,
TAMIL NADU,MAYILADUTHURAI,SAMIDURAI E,IND,0,10TH PASS,63,200,0
TAMIL NADU,MAYILADUTHURAI,SENTHAMIZHAN. S,IND,2,12TH PASS,39,6270000,0
TAMIL NADU,MAYILADUTHURAI,SRINIVASAN. V,IND,0,12TH PASS,50,1934800,0
TAMIL NADU,MAYILADUTHURAI,SUBHASHINI. K,NAAM TAMILAR KATCHI,0,GRADUATE,27,525600,57500
TAMIL NADU,MAYILADUTHURAI,SUBRAMANIAN. P,IND,0,8TH PASS,42,,
TAMIL NADU,MAYILADUTHURAI,SUGUMARAN. K,IND,0,10TH PASS,44,38200,8000
TAMIL NADU,MAYILADUTHURAI,THIRUGNANASAMBANDAM. D,IND,0,10TH PASS,78,1889700,600000
TAMIL NADU,MAYILADUTHURAI,THIRUNAVUKKARASU R,IND,0,POST GRADUATE,82,,
TAMIL NADU,MAYILADUTHURAI,VANIDHAS. M,IND,0,10TH PASS,65,627500,300000
TAMIL NADU,MAYILADUTHURAI,VILVANATHAN. M,IND,1,POST GRADUATE,44,8000000,3300000
TAMIL NADU,NAGAPATTINAM,SELVARAJ M,CPI,0,12TH PASS,63,4572837,1251381
TAMIL NADU,NAGAPATTINAM,AMBIKAPATHI D,"MAKKAL SANANAYAGA KUDIYARASU KATCHI,",0,12TH PASS,39,87000,0
TAMIL NADU,NAGAPATTINAM,ANITHA V,BSP,0,OTHERS,37,1521000,0
TAMIL NADU,NAGAPATTINAM,GURUVIAH K,MAKKAL NEEDHI MAIAM,0,GRADUATE PROFESSIONAL,61,,
TAMIL NADU,NAGAPATTINAM,JAGADEESH J,IND,0,GRADUATE PROFESSIONAL,27,315500,0
TAMIL NADU,NAGAPATTINAM,JAYALAKSHMI,TAMIL NADU ILANGYAR KATCHI,0,POST GRADUATE,30,176000,11000
TAMIL NADU,NAGAPATTINAM,MALATHI P,NAAM TAMILAR KATCHI,0,GRADUATE PROFESSIONAL,25,,
TAMIL NADU,NAGAPATTINAM,PREM S,IND,0,8TH PASS,38,101682,0
TAMIL NADU,NAGAPATTINAM,SAMBATHKUMAR A,IND,0,GRADUATE PROFESSIONAL,39,21000,0
TAMIL NADU,NAGAPATTINAM,SARAVANAN M,AIADMK,0,POST GRADUATE,41,18492618,1429090
TAMIL NADU,NAGAPATTINAM,SENGODI T,IND,2,GRADUATE,36,,
TAMIL NADU,NAGAPATTINAM,SIVAKUMAR P,IND,0,GRADUATE,44,128000,49000
TAMIL NADU,NAGAPATTINAM,SOUNDARARAJAN M,IND,0,8TH PASS,62,172000,0
TAMIL NADU,NAGAPATTINAM,VEDARETHINAM G,ANTI CORRUPTION DYNAMIC PARTY,0,12TH PASS,50,,
TAMIL NADU,NAMAKKAL,CHINRAJ A.K.P,DMK,0,GRADUATE,54,,
TAMIL NADU,NAMAKKAL,ARUMUGAM V,IND,0,10TH PASS,51,309000,0
TAMIL NADU,NAMAKKAL,BASKAR B,NAAM TAMILAR KATCHI,0,DOCTORATE,44,19918500,137800000
TAMIL NADU,NAMAKKAL,CHO V,IND,0,GRADUATE,47,59000,0
TAMIL NADU,NAMAKKAL,KALIAPPAN P,IND,0,12TH PASS,64,15093092,0
TAMIL NADU,NAMAKKAL,KALIAPPAN P,AIADMK,0,10TH PASS,70,,
TAMIL NADU,NAMAKKAL,KALIAPPAN S,IND,0,5TH PASS,64,1892753,0
TAMIL NADU,NAMAKKAL,KALIYAPPAN K,IND,0,5TH PASS,73,3662023,0
TAMIL NADU,NAMAKKAL,MUTHUSAMY M.P.,GANASANGAM PARTY OF INDIA,0,POST GRADUATE,63,9733750,2414000
TAMIL NADU,NAMAKKAL,NATARAJAN M,IND,0,8TH PASS,51,14330000,1681105
TAMIL NADU,NAMAKKAL,PRABHU K,IND,0,12TH PASS,34,,
TAMIL NADU,NAMAKKAL,RAMAN V,BSP,0,5TH PASS,45,21000,0
TAMIL NADU,NAMAKKAL,RAMASAMY N,IND,0,ILLITERATE,51,69300,90000
TAMIL NADU,NAMAKKAL,RAMASAMY P,IND,0,12TH PASS,55,,
TAMIL NADU,NAMAKKAL,RAMESH T,AHIMSA SOCIALIST PARTY,0,10TH PASS,39,3005000,0
TAMIL NADU,NAMAKKAL,RAMESH T.R,IND,0,10TH PASS,39,3959728,156000
TAMIL NADU,NAMAKKAL,SAKTHIYVEL N.K.S,IND,6,POST GRADUATE,47,12540000,0
TAMIL NADU,NAMAKKAL,SAMINATHAN P.P,IND,0,12TH PASS,54,36680249,3531974
TAMIL NADU,NAMAKKAL,SARAVANAVEL R,IND,0,GRADUATE PROFESSIONAL,53,,
TAMIL NADU,NAMAKKAL,SELLADURAI S,IND,0,8TH PASS,38,347000,0
TAMIL NADU,NAMAKKAL,SELVARAJ K.R,IND,0,10TH PASS,63,14899953,0
TAMIL NADU,NAMAKKAL,SENTHILMURUGAN S,DESIYA MAKKAL SAKTHI KATCHI,0,10TH PASS,50,,
TAMIL NADU,NAMAKKAL,SIVARAJEE S,IND,0,ILLITERATE,54,324375,0
TAMIL NADU,NAMAKKAL,THANGAVELU R,MAKKAL NEEDHI MAIAM,0,GRADUATE,57,6280106,260000
TAMIL NADU,NAMAKKAL,VINOTHKUMAR V,IND,0,10TH PASS,33,417000,0
TAMIL NADU,NILGIRIS,A. RAJA,DMK,6,GRADUATE PROFESSIONAL,55,49591024,1424914
TAMIL NADU,NILGIRIS,"ARUMUKAM, P.",IND,3,ILLITERATE,43,44000,0
TAMIL NADU,NILGIRIS,"ASHOK KUMAR, R",BSP,0,10TH PASS,48,,
TAMIL NADU,NILGIRIS,M. THIYAGARAJAN,AIADMK,0,GRADUATE,59,12467318,0
TAMIL NADU,NILGIRIS,"NAGARAJAN, A.",IND,1,10TH PASS,36,74000,188995
TAMIL NADU,NILGIRIS,"RAJA, K.",IND,0,10TH PASS,51,,
TAMIL NADU,NILGIRIS,"RAJARATHINAM, M.",IND,0,8TH PASS,55,4692563,1167871
TAMIL NADU,NILGIRIS,"RAJENTHIRAN, N.",MAKKAL NEEDHI MAIAM,0,GRADUATE PROFESSIONAL,55,56013763,810218
TAMIL NADU,NILGIRIS,"SUBRAMANI, M.",IND,0,5TH PASS,56,1486790,335000
TAMIL NADU,PERAMBALUR,PAARIVENDHAR T R,DMK,2,POST GRADUATE,77,972730368,65935070
TAMIL NADU,PERAMBALUR,"ANANDRAJ, B.",IND,0,OTHERS,27,4186115,0
TAMIL NADU,PERAMBALUR,"ANNADURAI, V.",IND,0,POST GRADUATE,37,1532000,0
TAMIL NADU,PERAMBALUR,JAVEED HUSSAIN T,IND,0,OTHERS,28,,
TAMIL NADU,PERAMBALUR,"KARUPPAIYA, M.",IND,0,10TH PASS,34,340000,0
TAMIL NADU,PERAMBALUR,"MURUGAN, P.",IND,0,8TH PASS,31,365000,0
TAMIL NADU,PERAMBALUR,MUTHULAKSHMI R,BSP,0,POST GRADUATE,44,,
TAMIL NADU,PERAMBALUR,"PACHAMUTHU, P.",IND,0,5TH PASS,36,340000,0
TAMIL NADU,PERAMBALUR,"RAJASEKARAN, T.",IND,0,8TH PASS,45,620000,0
TAMIL NADU,PERAMBALUR,"SABABATHI, S.",IND,0,GRADUATE,26,280000,0
TAMIL NADU,PERAMBALUR,"SENTHILVEL, A.",ULZAIPALI MAKKAL KATCHY,0,10TH PASS,44,,
TAMIL NADU,PERAMBALUR,SHANTHI K,NAAM TAMILAR KATCHI,0,POST GRADUATE,36,311000,0
TAMIL NADU,PERAMBALUR,SIVAPATHY N R,AIADMK,0,GRADUATE PROFESSIONAL,55,100798649,29580175
TAMIL NADU,PERAMBALUR,"SURESH, K.",IND,0,GRADUATE PROFESSIONAL,29,,
TAMIL NADU,PERAMBALUR,"UTHAMASELVAN, N.",IND,0,GRADUATE PROFESSIONAL,47,251000,0
TAMIL NADU,PERAMBALUR,"VINCENT MELBONE, J.",IND,0,12TH PASS,45,7581300,0
TAMIL NADU,POLLACHI,K SHANMUGASUNDARAM,DMK,0,GRADUATE PROFESSIONAL,49,133109284,13360639
TAMIL NADU,POLLACHI,ANSARI S,IND,0,GRADUATE,40,123000,0
TAMIL NADU,POLLACHI,BALAJI G,IND,0,POST GRADUATE,32,87923,0
TAMIL NADU,POLLACHI,GANESHA MOORTHY A,BSP,0,10TH PASS,36,,
TAMIL NADU,POLLACHI,K RAMASAMY,IND,0,10TH PASS,69,10128000,0
TAMIL NADU,POLLACHI,MAHENDRAN C,AIADMK,0,POST GRADUATE,47,,
TAMIL NADU,POLLACHI,MANICKAVEL C,IND,0,10TH PASS,43,366399,0
TAMIL NADU,POLLACHI,MOOKAMBIKA R,MAKKAL NEEDHI MAIAM,0,GRADUATE PROFESSIONAL,40,99775631,900000
TAMIL NADU,POLLACHI,MUTHUKUMAR S,IND,0,GRADUATE,49,151116580,8389361
TAMIL NADU,POLLACHI,RAJENDHIRAN R G,IND,0,GRADUATE,62,2838321,0
TAMIL NADU,POLLACHI,SANUJA U,NAAM TAMILAR KATCHI,0,OTHERS,35,,
TAMIL NADU,POLLACHI,SHANMUGASUNDARAM K N,IND,0,5TH PASS,60,2761271,0
TAMIL NADU,POLLACHI,SHANMUGASUNDARAM V,IND,0,8TH PASS,41,1926957,0
TAMIL NADU,RAMANATHAPURAM,K. NAVASKANI,IUML,1,12TH PASS,39,364738171,47008615
TAMIL NADU,RAMANATHAPURAM,ALLA PICHAI,IND,0,GRADUATE,75,18513000,500000
TAMIL NADU,RAMANATHAPURAM,ANANDHARAJ. M,IND,0,12TH PASS,40,1516792,450000
TAMIL NADU,RAMANATHAPURAM,ASAN ALI. A,IND,0,12TH PASS,32,,
TAMIL NADU,RAMANATHAPURAM,B. KRISHNARAJA,IND,0,OTHERS,44,165000,0
TAMIL NADU,RAMANATHAPURAM,C. ANANTH,IND,0,GRADUATE,28,102000,0
TAMIL NADU,RAMANATHAPURAM,DEVA SITHAM. I,IND,2,GRADUATE PROFESSIONAL,32,,
TAMIL NADU,RAMANATHAPURAM,G. KESAV YADAV,PURVANCHAL JANTA PARTY (SECULAR),0,POST GRADUATE,56,21892000,4100000
TAMIL NADU,RAMANATHAPURAM,JAWAHIR ALI. H,IND,0,10TH PASS,32,415000,0
TAMIL NADU,RAMANATHAPURAM,K. KURUNTHAPPAN,IND,0,8TH PASS,42,2736915,0
TAMIL NADU,RAMANATHAPURAM,K. PANCHATCHARAM,BSP,2,GRADUATE PROFESSIONAL,43,,
TAMIL NADU,RAMANATHAPURAM,KARUPPASAMY. N,IND,0,OTHERS,27,540000,300000
TAMIL NADU,RAMANATHAPURAM,N. KATHIRAVAN,IND,0,8TH PASS,52,1610000,340000
TAMIL NADU,RAMANATHAPURAM,NAINAR NAGENTHRAN,BJP,1,POST GRADUATE,59,,
TAMIL NADU,RAMANATHAPURAM,P. LOGANATHAN,PRAGATISHIL SAMAJWADI PARTY (LOHIA),0,10TH PASS,39,13000,0
TAMIL NADU,RAMANATHAPURAM,PRABHAKARAN. S,IND,2,POST GRADUATE,37,1625726,85000
TAMIL NADU,RAMANATHAPURAM,S. MOHAMED ALI JINNAH,IND,0,10TH PASS,37,293000,0
TAMIL NADU,RAMANATHAPURAM,T. BHUVANESWARI,NAAM TAMILAR KATCHI,0,GRADUATE,37,955530,350000
TAMIL NADU,RAMANATHAPURAM,V. VINAYAGAMOORTHY,IND,0,GRADUATE PROFESSIONAL,47,,
TAMIL NADU,RAMANATHAPURAM,V.D.N. ANANDH. B.E,IND,4,GRADUATE PROFESSIONAL,38,49057656,6103249
TAMIL NADU,RAMANATHAPURAM,VIJAYA BASKAR,MAKKAL NEEDHI MAIAM,0,GRADUATE PROFESSIONAL,30,2636018,0
TAMIL NADU,SALEM,PARTHIBAN.S.R,DMK,4,POST GRADUATE,49,,
TAMIL NADU,SALEM,AHAMED SHAHJAHAN.M,IND,0,POST GRADUATE,49,4300000,0
TAMIL NADU,SALEM,HARIHARAN.K,IND,0,GRADUATE PROFESSIONAL,36,642000,25000
TAMIL NADU,SALEM,KALAIMANNAN.C,IND,0,LITERATE,43,,
TAMIL NADU,SALEM,MADESWARAN.S,IND,0,5TH PASS,56,55000,320000
TAMIL NADU,SALEM,MANIMARAN.C,IND,0,8TH PASS,36,330096,0
TAMIL NADU,SALEM,MOHAN.P,SUCI(C),0,12TH PASS,63,,
TAMIL NADU,SALEM,MURTHY KAMARAJAR.M,IND,0,OTHERS,33,126482,0
TAMIL NADU,SALEM,NATARAJAN.C,IND,0,GRADUATE PROFESSIONAL,55,21212365,3750000
TAMIL NADU,SALEM,PRABHU MANIKANDAN.M,MAKKAL NEEDHI MAIAM,0,GRADUATE PROFESSIONAL,28,2750000,900000
TAMIL NADU,SALEM,PRAVINA.G,IND,0,GRADUATE PROFESSIONAL,45,20499000,150000
TAMIL NADU,SALEM,RAJA.A,IND,0,8TH PASS,50,,
TAMIL NADU,SALEM,RAMACHANDRAN.K.T,IND,0,10TH PASS,29,523896,0
TAMIL NADU,SALEM,RASA.A,NAAM TAMILAR KATCHI,3,12TH PASS,57,15668882,0
TAMIL NADU,SALEM,RAVI.A,IND,0,5TH PASS,57,,
TAMIL NADU,SALEM,SADAIYAN.M,BSP,0,GRADUATE PROFESSIONAL,38,425000,0
TAMIL NADU,SALEM,SARAVANAN.K.R.S,AIADMK,0,GRADUATE PROFESSIONAL,44,15055729,0
TAMIL NADU,SALEM,SILAMBARASAN.C,TAMIL NADU ILANGYAR KATCHI,0,GRADUATE PROFESSIONAL,32,167792,0
TAMIL NADU,SALEM,SIVARAMAN.S,IND,0,OTHERS,40,50000,0
TAMIL NADU,SALEM,SURULIVEL.N.K,IND,1,GRADUATE PROFESSIONAL,46,,
TAMIL NADU,SALEM,TAMILARASAN.T,IND,0,LITERATE,38,282000,0
TAMIL NADU,SIVAGANGA,KARTI P CHIDAMBARAM,INC,8,GRADUATE PROFESSIONAL,47,,
TAMIL NADU,SIVAGANGA,A.ANTONY SESU RAJA,IND,0,10TH PASS,38,1792000,800000
TAMIL NADU,SIVAGANGA,A.RADHA KRISHNAN,IND,0,12TH PASS,63,220000,335000
TAMIL NADU,SIVAGANGA,A.VELLADURAI,EZHUCHI TAMILARGAL MUNNETRA KAZHAGAM,0,8TH PASS,51,,
TAMIL NADU,SIVAGANGA,ARIMALAM THIAGI.SUBRAMANIAN MUTHURAJA,AGILA INDIA MAKKAL KAZHAGAM,0,10TH PASS,80,400000,0
TAMIL NADU,SIVAGANGA,C.CHIDAMBARAM,IND,0,OTHERS,63,722500,0
TAMIL NADU,SIVAGANGA,C.SARAVANAN,IND,0,POST GRADUATE,33,,
TAMIL NADU,SIVAGANGA,H.RAJA,BJP,3,GRADUATE PROFESSIONAL,61,26223393,5910000
TAMIL NADU,SIVAGANGA,K.CHELLAKKANNU,IND,0,10TH PASS,68,130000,0
TAMIL NADU,SIVAGANGA,KAVINGNAR SNEKAN,MAKKAL NEEDHI MAIAM,0,12TH PASS,46,19662950,4500000
TAMIL NADU,SIVAGANGA,L.KASINATHAN,IND,0,GRADUATE PROFESSIONAL,63,25600000,7000000
TAMIL NADU,SIVAGANGA,M.CHINNAIAH,IND,0,NOT GIVEN,43,,
TAMIL NADU,SIVAGANGA,M.MOHAMMED RABEEK,IND,0,12TH PASS,47,578000,0
TAMIL NADU,SIVAGANGA,M.PRABHAKARAN,TAMIL NADU ILANGYAR KATCHI,0,10TH PASS,34,91500,60000
TAMIL NADU,SIVAGANGA,M.RAJA,IND,0,10TH PASS,33,,
TAMIL NADU,SIVAGANGA,M.RAJASEKAR,IND,0,10TH PASS,27,25000,0
TAMIL NADU,SIVAGANGA,N.KARTHICK,IND,0,8TH PASS,25,15000,0
TAMIL NADU,SIVAGANGA,P.SELVARAJ,IND,0,10TH PASS,52,480000,100000
TAMIL NADU,SIVAGANGA,R.NATARAJAN,IND,0,12TH PASS,46,1613258,545976
TAMIL NADU,SIVAGANGA,SAKTHI PRIYA V,NAAM TAMILAR KATCHI,0,POST GRADUATE,27,,
TAMIL NADU,SIVAGANGA,SARAVANAN.K,BSP,0,8TH PASS,37,1040000,100000
TAMIL NADU,SIVAGANGA,SENTHAMILSELVI.R,IND,0,POST GRADUATE,59,6320000,500000
TAMIL NADU,SIVAGANGA,SENTHIL KUMAR.C,IND,0,8TH PASS,42,,
TAMIL NADU,SIVAGANGA,SINGADURAI.R,IND,9,12TH PASS,28,250000,175000
TAMIL NADU,SRIPERUMBUDUR,BAALU.T.R.,DMK,0,GRADUATE,77,208806446,0
TAMIL NADU,SRIPERUMBUDUR,ANANTHARAMAN R K,IND,0,GRADUATE,40,704600,0
TAMIL NADU,SRIPERUMBUDUR,ANTONY.M,BSP,0,POST GRADUATE,44,2865000,0
TAMIL NADU,SRIPERUMBUDUR,AYODHI L,IND,0,DOCTORATE,54,,
TAMIL NADU,SRIPERUMBUDUR,GODWIN SHADRACH S R,TAMIZHAGA MURPOKKU MAKKAL KATCHI,0,GRADUATE PROFESSIONAL,36,966412,460000
TAMIL NADU,SRIPERUMBUDUR,INDIAN.P.N.K.,IND,0,POST GRADUATE,48,,
TAMIL NADU,SRIPERUMBUDUR,MAHENDRAN.H,NAAM TAMILAR KATCHI,1,GRADUATE,41,14923845,0
TAMIL NADU,SRIPERUMBUDUR,MUTHUMARAN K,IND,0,8TH PASS,34,87000,0
TAMIL NADU,SRIPERUMBUDUR,RAJA MARIMUTHU,IND,0,POST GRADUATE,45,33075858,8426220
TAMIL NADU,SRIPERUMBUDUR,RAJASEKARAN S,ANTI CORRUPTION DYNAMIC PARTY,0,12TH PASS,38,767800,0
TAMIL NADU,SRIPERUMBUDUR,SASIKUMAR A,IND,0,OTHERS,42,,
TAMIL NADU,SRIPERUMBUDUR,SINGARAJAN S P,IND,0,12TH PASS,55,5529700,40455
TAMIL NADU,SRIPERUMBUDUR,SRIDHAR M,MAKKAL NEEDHI MAIAM,1,GRADUATE,46,29485700,500000
TAMIL NADU,SRIPERUMBUDUR,TAMBARAM NARAYANAN G,IND,0,POST GRADUATE,59,,
TAMIL NADU,SRIPERUMBUDUR,VAITHILINGAM A,PATTALI MAKKAL KATCHI,0,POST GRADUATE,49,466374321,65575554
TAMIL NADU,SRIPERUMBUDUR,VAITHIYALINGAM R,IND,0,8TH PASS,54,182852,0
TAMIL NADU,SRIPERUMBUDUR,VIRUTHAGIRI A,IND,0,10TH PASS,72,15470000,300000
TAMIL NADU,TENKASI,DHANUSH M KUMAR,DMK,1,POST GRADUATE,44,,
TAMIL NADU,TENKASI,BARATHARAJ. S,IND,0,GRADUATE,53,1273750,0
TAMIL NADU,TENKASI,DEEPAN. M,IND,0,GRADUATE,36,5470000,784646
TAMIL NADU,TENKASI,DHANUSKODI P,IND,0,GRADUATE PROFESSIONAL,37,157000,105140
TAMIL NADU,TENKASI,DR.K.KRISHNASAMY,AIADMK,9,POST GRADUATE,66,259584771,16220826
TAMIL NADU,TENKASI,M. PONNUTHAI,IND,0,10TH PASS,34,,
TAMIL NADU,TENKASI,MATHIVANAN.S.S,NAAM TAMILAR KATCHI,3,12TH PASS,32,42385,0
TAMIL NADU,TENKASI,MOORTHY. D,IND,1,GRADUATE PROFESSIONAL,49,26581000,0
TAMIL NADU,TENKASI,MUTHU MURUGAN. M,IND,0,GRADUATE,28,125000,36000
TAMIL NADU,TENKASI,PALANI SAMY.S,IND,0,POST GRADUATE,48,109000,0
TAMIL NADU,TENKASI,PERUMALSAMY. S,IND,0,12TH PASS,35,,
TAMIL NADU,TENKASI,PONNUSAMY.R,IND,0,10TH PASS,59,6231135,0
TAMIL NADU,TENKASI,PONNUTHAI G,IND,0,12TH PASS,24,118000,0
TAMIL NADU,TENKASI,PONNUTHAI M,IND,0,ILLITERATE,48,,
TAMIL NADU,TENKASI,PONNUTHAI. S,IND,0,POST GRADUATE,32,4743888,484000
TAMIL NADU,TENKASI,RAVI. K,ANTI CORRUPTION DYNAMIC PARTY,0,GRADUATE PROFESSIONAL,33,1353000,1530000
TAMIL NADU,TENKASI,SIVA JAYAPRAKASH.S,IND,0,GRADUATE,69,5458035,0
TAMIL NADU,TENKASI,SUBBIAH. S,IND,0,5TH PASS,55,265000,0
TAMIL NADU,TENKASI,SUNDARAM N,IND,0,GRADUATE PROFESSIONAL,34,,
TAMIL NADU,TENKASI,SURIYA RAGUPATHY. T,IND,0,GRADUATE PROFESSIONAL,31,523544,0
TAMIL NADU,TENKASI,THAMARAI SELVAM. K,IND,0,12TH PASS,32,1011876,60000
TAMIL NADU,TENKASI,THANGARAJ. C,IND,0,GRADUATE PROFESSIONAL,34,,
TAMIL NADU,TENKASI,VAIRAVAN. P,IND,0,ILLITERATE,52,1552120,300000
TAMIL NADU,THANJAVUR,PALANIMANICKAM.S.S,DMK,0,GRADUATE PROFESSIONAL,68,,
TAMIL NADU,THANJAVUR,ABDULBUHARI.K,IND,0,10TH PASS,42,130000,0
TAMIL NADU,THANJAVUR,KRISHNAKUMAR.N,NAAM TAMILAR KATCHI,0,12TH PASS,44,4857567,37000
TAMIL NADU,THANJAVUR,MURUGESAN.P,IND,3,POST GRADUATE,62,,
TAMIL NADU,THANJAVUR,MUTHUVEL.S,IND,0,GRADUATE PROFESSIONAL,49,3778000,1008000
TAMIL NADU,THANJAVUR,NATARAJAN.N.R,TAMIL MAANILA CONGRESS (MOOPANAR),0,GRADUATE PROFESSIONAL,52,152293009,30542133
TAMIL NADU,THANJAVUR,PANASAIARANGAN.K.N,DESIYA MAKKAL SAKTHI KATCHI,0,10TH PASS,56,259026,70000
TAMIL NADU,THANJAVUR,SAMANTHA.K.S,IND,0,OTHERS,36,301197,270000
TAMIL NADU,THANJAVUR,SELVARAJ.R,IND,0,POST GRADUATE,63,8874369,776000
TAMIL NADU,THANJAVUR,STALIN.R,BSP,0,GRADUATE PROFESSIONAL,26,126000,0
TAMIL NADU,THANJAVUR,VIJAYAKUMAR.T,IND,0,10TH PASS,38,,
TAMIL NADU,THENI,P. RAVEENDRANATH KUMAR,AIADMK,0,POST GRADUATE,39,,
TAMIL NADU,THENI,ALEXPANDIAN S,IND,0,GRADUATE PROFESSIONAL,25,3976788,0
TAMIL NADU,THENI,ANNAKILI,IND,0,10TH PASS,40,85000,0
TAMIL NADU,THENI,ARUMUGAM S,BSP,1,POST GRADUATE,48,,
TAMIL NADU,THENI,"ELANGOVAN, E.V.K.S.",INC,10,GRADUATE,70,236241267,7450651
TAMIL NADU,THENI,ESWARAN,IND,0,OTHERS,33,655000,0
TAMIL NADU,THENI,GUNASINGH,IND,0,10TH PASS,48,,
TAMIL NADU,THENI,JEYAMANI K,IND,0,8TH PASS,42,1371800,0
TAMIL NADU,THENI,KESAVARAJA J,IND,0,GRADUATE PROFESSIONAL,35,662325,159500
TAMIL NADU,THENI,MANIMURUGAN C,IND,0,5TH PASS,42,439000,154000
TAMIL NADU,THENI,P. PRAKASH,IND,1,GRADUATE PROFESSIONAL,35,738000,858667
TAMIL NADU,THENI,P.ALLIKKODI,SAMAJWADI FORWARD BLOC,0,8TH PASS,59,15117000,2700000
TAMIL NADU,THENI,PARTHIPAN G,IND,0,8TH PASS,54,697000,0
TAMIL NADU,THENI,RADHAKRISHNAN S,MAKKAL NEEDHI MAIAM,1,POST GRADUATE,51,,
TAMIL NADU,THENI,RAJARISHIGURUDEV S,IND,0,OTHERS,26,221000,0
TAMIL NADU,THENI,RAJASEKARAN V,IND,0,GRADUATE PROFESSIONAL,40,80000,0
TAMIL NADU,THENI,RAMACHANDRAN K,IND,0,10TH PASS,35,3336500,1885980
TAMIL NADU,THENI,RAMAMURTHI S,IND,0,10TH PASS,46,90000,0
TAMIL NADU,THENI,RAMARAJ G,ULZAIPALI MAKKAL KATCHY,0,LITERATE,53,,
TAMIL NADU,THENI,RAVICHANDRAN K,IND,0,12TH PASS,47,250000,0
TAMIL NADU,THENI,SENTHILKUMAR J,IND,0,12TH PASS,50,181505,0
TAMIL NADU,THENI,SHAGUL HAMEED,NAAM TAMILAR KATCHI,0,GRADUATE,59,,
TAMIL NADU,THENI,SILAMBARASAN P,IND,0,10TH PASS,32,265000,0
TAMIL NADU,THENI,SIVAMUNIYANDI A,IND,0,10TH PASS,37,239000,0
TAMIL NADU,THENI,VAIYATHURAI A,IND,0,LITERATE,60,235000,0
TAMIL NADU,THENI,VELMURUGAN S P,IND,0,10TH PASS,55,11535000,3300000
TAMIL NADU,THOOTHUKKUDI,KANIMOZHI KARUNANIDHI,DMK,6,GRADUATE PROFESSIONAL,51,303373130,19290928
TAMIL NADU,THOOTHUKKUDI,AMALAN RAJIV BONIFAS,IND,1,12TH PASS,35,1953000,0
TAMIL NADU,THOOTHUKKUDI,ANTO HILLERY M,IND,0,GRADUATE,43,7822000,2360118
TAMIL NADU,THOOTHUKKUDI,"BALA MURUGAN, P.",IND,0,GRADUATE,36,,
TAMIL NADU,THOOTHUKKUDI,"CHRISTANTINE RAJASEKAR, S.",NAAM TAMILAR KATCHI,1,12TH PASS,55,32936394,5000000
TAMIL NADU,THOOTHUKKUDI,"DR. BHUVANESWARAN, M.",IND,1,DOCTORATE,52,78031419,4074230
TAMIL NADU,THOOTHUKKUDI,DR. TAMILISAI SOUNDARARAJAN,BJP,0,GRADUATE PROFESSIONAL,57,,
TAMIL NADU,THOOTHUKKUDI,"ER.PRADEEP GANESAN, M.P.",IND,0,OTHERS,39,13174636,5837372
TAMIL NADU,THOOTHUKKUDI,GABRIEL JAMES FERNANDO,PEOPLES PARTY OF INDIA(SECULAR),0,12TH PASS,56,7300224,1021600
TAMIL NADU,THOOTHUKKUDI,"GERMANUS, S.",CHRISTIAN DEMOCRATIC FRONT,0,POST GRADUATE,74,1846500,0
TAMIL NADU,THOOTHUKKUDI,"GURU, K.",IND,0,8TH PASS,54,40000,0
TAMIL NADU,THOOTHUKKUDI,"JAMES, G.",IND,0,10TH PASS,40,,
TAMIL NADU,THOOTHUKKUDI,"JASPER GNANA MARTIN, G.",IND,0,POST GRADUATE,38,4674500,0
TAMIL NADU,THOOTHUKKUDI,"JAYA GANESH, D.",NAAM INDIAR PARTY,0,10TH PASS,36,5905654,2098505
TAMIL NADU,THOOTHUKKUDI,"JEYARAJ, A.",IND,0,POST GRADUATE,46,,
TAMIL NADU,THOOTHUKKUDI,"LOURDES, S.",IND,0,12TH PASS,43,135480,0
TAMIL NADU,THOOTHUKKUDI,"MARAKATHA RAGHAVA RAJ, T.",IND,0,ILLITERATE,63,1000,0
TAMIL NADU,THOOTHUKKUDI,"PON KUMARAN, T.P.S.",MAKKAL NEEDHI MAIAM,0,POST GRADUATE,50,17886890,0
TAMIL NADU,THOOTHUKKUDI,"PONNUSAMY, M.",IND,0,10TH PASS,51,,
TAMIL NADU,THOOTHUKKUDI,"PONRAJ, S.",IND,0,GRADUATE,53,1550436,281812
TAMIL NADU,THOOTHUKKUDI,"RAJAKUMAR NAIDU, E.V.S.",TAMIL TELUGU NATIONAL PARTY,0,POST GRADUATE,50,11949800,0
TAMIL NADU,THOOTHUKKUDI,"RAJALINGAM, M.",IND,0,8TH PASS,43,,
TAMIL NADU,THOOTHUKKUDI,RAJKUMAR POLIAH,UNIVERSAL BROTHERHOOD MOVEMENT,0,GRADUATE,35,129000,0
TAMIL NADU,THOOTHUKKUDI,"RAMA KRISHNAN, M.",IND,1,GRADUATE,41,1040000,0
TAMIL NADU,THOOTHUKKUDI,"RAMESH, A.",IND,0,10TH PASS,36,160684,0
TAMIL NADU,THOOTHUKKUDI,"RAVI SANKAR, J.",IND,0,12TH PASS,46,853000,0
TAMIL NADU,THOOTHUKKUDI,"SANKARALINGAM, M.",IND,0,8TH PASS,37,,
TAMIL NADU,THOOTHUKKUDI,"SARAVANAN, G.",IND,0,8TH PASS,43,171960,0
TAMIL NADU,THOOTHUKKUDI,"SELVIN, B.",IND,0,8TH PASS,41,513000,0
TAMIL NADU,THOOTHUKKUDI,"SENAI NATARAJAN, R.",IND,0,12TH PASS,46,,
TAMIL NADU,THOOTHUKKUDI,"SIVA, V.",BSP,0,GRADUATE,33,22300,0
TAMIL NADU,THOOTHUKKUDI,"SIVANESWARAN, J.",IND,0,POST GRADUATE,30,1515000,1387073
TAMIL NADU,THOOTHUKKUDI,"SUNMAN, V.",IND,0,10TH PASS,28,145454,0
TAMIL NADU,TIRUCHIRAPPALLI,THIRUNAVUKKARASAR. SU,INC,0,POST GRADUATE,69,32182184,40208
TAMIL NADU,TIRUCHIRAPPALLI,ANANDHARAJA. V,MAKKAL NEEDHI MAIAM,0,GRADUATE,53,10145000,567000
TAMIL NADU,TIRUCHIRAPPALLI,ARUNACHALAM. A,IND,0,GRADUATE,44,10952500,0
TAMIL NADU,TIRUCHIRAPPALLI,ASAITHAMBI. P,CPI(ML)(L),2,GRADUATE PROFESSIONAL,47,,
TAMIL NADU,TIRUCHIRAPPALLI,BALAMURUGAN. S,BSP,0,GRADUATE PROFESSIONAL,40,4066500,1710000
TAMIL NADU,TIRUCHIRAPPALLI,CHELLAPERUMAL.,IND,0,POST GRADUATE,64,2748000,0
TAMIL NADU,TIRUCHIRAPPALLI,DR.ELANGOVAN. V,DMDK,0,GRADUATE PROFESSIONAL,70,,
TAMIL NADU,TIRUCHIRAPPALLI,DURAI BENJAMIN,IND,0,POST GRADUATE,47,1891458,500000
TAMIL NADU,TIRUCHIRAPPALLI,EASUDOSS. S,INDIAN CHRISTIAN FRONT,0,8TH PASS,52,7376000,0
TAMIL NADU,TIRUCHIRAPPALLI,GANESH. R,IND,0,5TH PASS,51,85500,0
TAMIL NADU,TIRUCHIRAPPALLI,GOPALAKRISHNAN. V,IND,0,POST GRADUATE,30,25000,0
TAMIL NADU,TIRUCHIRAPPALLI,JAYARAM METHA. S,IND,0,GRADUATE PROFESSIONAL,27,,
TAMIL NADU,TIRUCHIRAPPALLI,KAMARAJ. K,IND,0,10TH PASS,52,1280000,0
TAMIL NADU,TIRUCHIRAPPALLI,KARTHIK. K.M,IND,0,GRADUATE PROFESSIONAL,36,511200,300000
TAMIL NADU,TIRUCHIRAPPALLI,KARUPPAIAH.C,IND,0,GRADUATE,39,,
TAMIL NADU,TIRUCHIRAPPALLI,NACHI. S,DESIYA UZHAVAR UZHAIPALAR KAZHAGAM,0,10TH PASS,33,707000,0
TAMIL NADU,TIRUCHIRAPPALLI,PUSHPARAJ. K,IND,0,OTHERS,41,3035000,5364500
TAMIL NADU,TIRUCHIRAPPALLI,SHADHIK BATCHA. A,IND,0,POST GRADUATE,48,5920000,3568000
TAMIL NADU,TIRUCHIRAPPALLI,SUNDRARAJAN.P,IND,0,5TH PASS,61,1238000,0
TAMIL NADU,TIRUCHIRAPPALLI,THIRUNAVUKARASU. S,IND,0,8TH PASS,42,,
TAMIL NADU,TIRUCHIRAPPALLI,VIJAYAKUMAR. P,IND,0,12TH PASS,41,1372883,54000
TAMIL NADU,TIRUCHIRAPPALLI,VINOTH. V,NAAM TAMILAR KATCHI,1,POST GRADUATE,33,,
TAMIL NADU,TIRUNELVELI,GNANATHIRAVIAM S,DMK,4,10TH PASS,54,,
TAMIL NADU,TIRUNELVELI,BAGAVATHIKESAN T,IND,0,POST GRADUATE,44,2467000,3080
TAMIL NADU,TIRUNELVELI,ESSAKKIAMMAL E,BSP,0,POST GRADUATE,38,1006500,265000
TAMIL NADU,TIRUNELVELI,INDURANI S,IND,0,POST GRADUATE,33,1785000,0
TAMIL NADU,TIRUNELVELI,KAMALA KANNAN,IND,0,5TH PASS,51,3277188,345000
TAMIL NADU,TIRUNELVELI,MAHARAJAN A,IND,0,10TH PASS,29,,
TAMIL NADU,TIRUNELVELI,MAHARAJAN V,IND,5,GRADUATE PROFESSIONAL,41,6264938,0
TAMIL NADU,TIRUNELVELI,MANIKANDAN G,IND,0,DOCTORATE,50,5172562,563587
TAMIL NADU,TIRUNELVELI,MANOHARAN P,IND,0,5TH PASS,54,1466586,0
TAMIL NADU,TIRUNELVELI,MICHAEL RAYAPPAN S,IND,0,12TH PASS,56,27226236,6091883
TAMIL NADU,TIRUNELVELI,MOHANRAJ A,IND,0,GRADUATE PROFESSIONAL,52,,
TAMIL NADU,TIRUNELVELI,MURUGESAN S,IND,0,8TH PASS,60,135201,0
TAMIL NADU,TIRUNELVELI,PAUL MANOJ PANDIAN,AIADMK,0,POST GRADUATE,47,103479811,28531015
TAMIL NADU,TIRUNELVELI,PAUL SOLOMON PANDIAN,IND,0,GRADUATE,78,,
TAMIL NADU,TIRUNELVELI,RAJIV VICTOR,IND,0,GRADUATE,36,1632967,0
TAMIL NADU,TIRUNELVELI,RAJKUMAR A,IND,0,POST GRADUATE,45,10141000,4357812
TAMIL NADU,TIRUNELVELI,RAMAMOORTHI B,IND,0,OTHERS,49,5880193,1201282
TAMIL NADU,TIRUNELVELI,RAMASWAMY S,IND,0,GRADUATE,45,709000,0
TAMIL NADU,TIRUNELVELI,RATHINASIGAMANI M,IND,0,12TH PASS,63,,
TAMIL NADU,TIRUNELVELI,SATHYA B,NAAM TAMILAR KATCHI,0,GRADUATE,41,4816687,279000
TAMIL NADU,TIRUNELVELI,SELVA PRAKASH R,IND,0,GRADUATE,51,24558648,0
TAMIL NADU,TIRUNELVELI,SELVAGANESAN R,UNITED STATES OF INDIA PARTY,0,POST GRADUATE,44,,
TAMIL NADU,TIRUNELVELI,SIVASANKAR S,JAMMU & KASHMIR NATIONAL PANTHERS PARTY,0,12TH PASS,37,265000,350000
TAMIL NADU,TIRUNELVELI,VENNIMALAI M,MAKKAL NEEDHI MAIAM,0,POST GRADUATE,53,101817799,0
TAMIL NADU,TIRUPPUR,SUBBARAYAN.K,CPI,0,10TH PASS,71,,
TAMIL NADU,TIRUPPUR,A.SENTHILVEL,IND,0,8TH PASS,46,4256700,0
TAMIL NADU,TIRUPPUR,C.AYYANAR,BSP,0,GRADUATE,56,96000,0
TAMIL NADU,TIRUPPUR,"CHANDIRAKUMAR, V.S.",MAKKAL NEEDHI MAIAM,0,10TH PASS,46,,
TAMIL NADU,TIRUPPUR,"KANAGARAJ, P.",IND,0,5TH PASS,31,292800,200596
TAMIL NADU,TIRUPPUR,"KATHIRESAN, L.",IND,0,POST GRADUATE,46,781042,0
TAMIL NADU,TIRUPPUR,"KUMAR, D.",IND,0,8TH PASS,32,,
TAMIL NADU,TIRUPPUR,M.S.M.ANANDAN,AIADMK,0,10TH PASS,56,93884772,10278297
TAMIL NADU,TIRUPPUR,P JAGANATHAN,NAAM TAMILAR KATCHI,0,10TH PASS,50,12862368,0
TAMIL NADU,TIRUPPUR,"RAJKUMAR, S.",IND,0,OTHERS,29,160000,0
TAMIL NADU,TIRUPPUR,"SELVAM, S.R.",IND,0,8TH PASS,65,61558069,15537415
TAMIL NADU,TIRUVALLUR,DR.K.JAYAKUMAR,INC,0,DOCTORATE,69,,
TAMIL NADU,TIRUVALLUR,A.MANIKANDAN,IND,0,12TH PASS,32,332400,53000
TAMIL NADU,TIRUVALLUR,C.BHARATH,IND,0,GRADUATE PROFESSIONAL,26,711047,0
TAMIL NADU,TIRUVALLUR,C.KALANITHI,ANTI CORRUPTION DYNAMIC PARTY,0,GRADUATE,39,,
TAMIL NADU,TIRUVALLUR,D.ANANDARAJ,IND,0,12TH PASS,34,17055961,1700000
TAMIL NADU,TIRUVALLUR,D.RAVI PARIYANAR,RPI(A),0,10TH PASS,43,145000,0
TAMIL NADU,TIRUVALLUR,DR.P.VENUGOPAL,AIADMK,0,GRADUATE PROFESSIONAL,66,22771785,1249867
TAMIL NADU,TIRUVALLUR,G.ARULRAJ,IND,0,POST GRADUATE,32,1817032,0
TAMIL NADU,TIRUVALLUR,K.CHANDRASEKAR,IND,0,GRADUATE PROFESSIONAL,38,844000,0
TAMIL NADU,TIRUVALLUR,K.KAMALANATHAN,IND,0,NOT GIVEN,38,5302800,0
TAMIL NADU,TIRUVALLUR,LOGARANGAN .M,MAKKAL NEEDHI MAIAM,0,POST GRADUATE,35,,
TAMIL NADU,TIRUVALLUR,M.VETRISELVI,NAAM TAMILAR KATCHI,0,GRADUATE PROFESSIONAL,42,310000,0
TAMIL NADU,TIRUVALLUR,MURUGESAN,IND,0,8TH PASS,53,1220000,0
TAMIL NADU,TIRUVALLUR,N.VIKRAMAN,IND,0,POST GRADUATE,35,,
TAMIL NADU,TIRUVALLUR,PON.RAJA,IND,0,GRADUATE PROFESSIONAL,43,74387951,11197323
TAMIL NADU,TIRUVALLUR,R.ANBUCHEZHIAN,BSP,0,12TH PASS,48,5200000,0
TAMIL NADU,TIRUVALLUR,V.GUNASEKARAN,IND,0,8TH PASS,65,429210,0
TAMIL NADU,TIRUVALLUR,VIJAYA .R,IND,0,ILLITERATE,60,371570,0
TAMIL NADU,TIRUVANNAMALAI,ANNADURAI C N,DMK,0,GRADUATE,45,134897466,32243604
TAMIL NADU,TIRUVANNAMALAI,AGRI KRISHNAMURTHY S S,AIADMK,1,GRADUATE PROFESSIONAL,59,70403250,10185013
TAMIL NADU,TIRUVANNAMALAI,ANBALAGAN M,IND,0,GRADUATE PROFESSIONAL,38,1325000,120000
TAMIL NADU,TIRUVANNAMALAI,ANNADURAI B,IND,0,5TH PASS,52,,
TAMIL NADU,TIRUVANNAMALAI,ANNADURAI T S,IND,0,GRADUATE PROFESSIONAL,40,1634400,499000
TAMIL NADU,TIRUVANNAMALAI,ARUL R,MAKKAL NEEDHI MAIAM,0,OTHERS,44,,
TAMIL NADU,TIRUVANNAMALAI,AYYAPPAN M,IND,0,POST GRADUATE,27,2202000,0
TAMIL NADU,TIRUVANNAMALAI,BABU B,BSP,0,GRADUATE PROFESSIONAL,27,110000,0
TAMIL NADU,TIRUVANNAMALAI,INDIRAMOHAN P,IND,0,POST GRADUATE,36,337000,0
TAMIL NADU,TIRUVANNAMALAI,KALAIMANI S,IND,0,GRADUATE PROFESSIONAL,33,553100,0
TAMIL NADU,TIRUVANNAMALAI,KRISHNAMOORTHY A,IND,0,10TH PASS,45,,
TAMIL NADU,TIRUVANNAMALAI,PADAVETTAN M,IND,0,5TH PASS,49,160000,0
TAMIL NADU,TIRUVANNAMALAI,RAGHUNATHAN K,IND,0,GRADUATE PROFESSIONAL,40,4972000,0
TAMIL NADU,TIRUVANNAMALAI,RAJENDIRAN T,IND,0,GRADUATE PROFESSIONAL,61,,
TAMIL NADU,TIRUVANNAMALAI,RAMESHBABU R,NAAM TAMILAR KATCHI,0,POST GRADUATE,41,10060000,850000
TAMIL NADU,TIRUVANNAMALAI,SIVAGURURAJ T,IND,0,10TH PASS,26,40500,0
TAMIL NADU,TIRUVANNAMALAI,VELU R,IND,0,10TH PASS,37,992000,0
TAMIL NADU,TIRUVANNAMALAI,VIGNESHWARAN A,IND,0,GRADUATE PROFESSIONAL,26,1246700,0
TAMIL NADU,TIRUVANNAMALAI,VIJAYAN A,IND,0,LITERATE,38,,
TAMIL NADU,VELLORE,D.M. KATHIR ANAND,DMK,2,POST GRADUATE,43,,
TAMIL NADU,VELLORE,A.C. SHANMUGAM,AIADMK,0,GRADUATE PROFESSIONAL,67,1275861609,396224694
TAMIL NADU,VELLORE,A.VIJAY POUL RAJA,REPUBLICAN SENA,0,GRADUATE,43,6253305,5543
TAMIL NADU,VELLORE,AGNI SRIRAMACHANDRAN,IND,0,10TH PASS,38,,
TAMIL NADU,VELLORE,ARUMUGAM .P,IND,0,OTHERS,43,99000,150000
TAMIL NADU,VELLORE,BISHOP GODFREY NOBLE,DESIYA MAKKAL SAKTHI KATCHI,2,GRADUATE PROFESSIONAL,48,269610432,1800000
TAMIL NADU,VELLORE,DEEPALAKSHMI,NAAM TAMILAR KATCHI,0,OTHERS,34,1259183,348000
TAMIL NADU,VELLORE,E. KARUNANITHI,IND,0,GRADUATE PROFESSIONAL,53,1000000,0
TAMIL NADU,VELLORE,J.S.K,IND,0,POST GRADUATE,39,1078984,350000
TAMIL NADU,VELLORE,K. KATHIRAVAN,IND,0,8TH PASS,49,330000,0
TAMIL NADU,VELLORE,K. SUGUMAR,IND,0,GRADUATE,67,,
TAMIL NADU,VELLORE,M. BALARAMAN,IND,0,10TH PASS,81,,0
TAMIL NADU,VELLORE,M. KATHIRAVAN,IND,0,POST GRADUATE,31,430000,0
TAMIL NADU,VELLORE,M.R. VENKATESAN,IND,0,10TH PASS,47,,
TAMIL NADU,VELLORE,MOHANAM,MARUMALARCHI JANATA KATCHI,0,10TH PASS,66,1638340,900000
TAMIL NADU,VELLORE,MURALI,IND,0,10TH PASS,29,30000,0
TAMIL NADU,VELLORE,P. RAASHID AHMED,IND,0,8TH PASS,35,16054905,1500000
TAMIL NADU,VELLORE,R. NARESH KUMAR,TAMIL NADU ILANGYAR KATCHI,0,OTHERS,27,173500,160000
TAMIL NADU,VELLORE,S. SHANMUGAM,IND,0,10TH PASS,47,,
TAMIL NADU,VELLORE,S. TAMIL SELVAN,IND,0,10TH PASS,43,155000,0
TAMIL NADU,VELLORE,V. SEKAR,ALL PENSIONERS PARTY,0,10TH PASS,60,4270000,0
TAMIL NADU,VELLORE,V. SELVARAJ,IND,0,GRADUATE,59,,
TAMIL NADU,VILUPPURAM,RAVIKUMAR D,DMK,0,DOCTORATE,58,,
TAMIL NADU,VILUPPURAM,ABIRAMI P,TAMIL NADU ILANGYAR KATCHI,1,GRADUATE,36,894700,200000
TAMIL NADU,VILUPPURAM,ANBALAGAN T,IND,0,12TH PASS,55,2207000,575000
TAMIL NADU,VILUPPURAM,ANBIN POYYAMOZHI S,MAKKAL NEEDHI MAIAM,1,POST GRADUATE,48,,
TAMIL NADU,VILUPPURAM,ARASAN K,IND,0,ILLITERATE,64,330000,0
TAMIL NADU,VILUPPURAM,DESINGU A,IND,0,10TH PASS,37,45694,0
TAMIL NADU,VILUPPURAM,GANAPATHY N,IND,0,8TH PASS,55,,
TAMIL NADU,VILUPPURAM,KALIYAMURTHY G,BSP,1,10TH PASS,53,181000,1000
TAMIL NADU,VILUPPURAM,KATHIRVEL M,IND,0,5TH PASS,48,625000,0
TAMIL NADU,VILUPPURAM,RAJA S,ANAITHU INDIA MAKKAL KATCHI,0,8TH PASS,33,781000,0
TAMIL NADU,VILUPPURAM,RAJASEKARAN M,IND,0,GRADUATE PROFESSIONAL,40,491555,150000
TAMIL NADU,VILUPPURAM,VADIVEL RAVANAN S,PATTALI MAKKAL KATCHI,0,GRADUATE,66,1925000,0
TAMIL NADU,VIRUDHUNAGAR,"MANICKAM TAGORE, B.",INC,1,GRADUATE PROFESSIONAL,44,49705799,3600203
TAMIL NADU,VIRUDHUNAGAR,"ADVOCATE.THANGAPANDIAN, M.",IND,0,12TH PASS,35,779539,100000
TAMIL NADU,VIRUDHUNAGAR,"ALAGARSAMY, N.",IND,0,ILLITERATE,32,205000,0
TAMIL NADU,VIRUDHUNAGAR,"ALAGARSAMY, R.",DMDK,3,10TH PASS,47,,
TAMIL NADU,VIRUDHUNAGAR,ARULMOZHITHEVAN,NAAM TAMILAR KATCHI,0,GRADUATE PROFESSIONAL,36,15835879,0
TAMIL NADU,VIRUDHUNAGAR,"BACKIYARAJ, K.",IND,0,5TH PASS,49,293000,0
TAMIL NADU,VIRUDHUNAGAR,"BALACHANDAR, N.",IND,0,8TH PASS,33,,
TAMIL NADU,VIRUDHUNAGAR,"DR.DHANUSHKODI, M.",IND,0,POST GRADUATE,53,4794245,290000
TAMIL NADU,VIRUDHUNAGAR,"ELANGO, S.",IND,0,5TH PASS,34,260000,0
TAMIL NADU,VIRUDHUNAGAR,"GOVINDAN, A.",IND,0,8TH PASS,54,72000,0
TAMIL NADU,VIRUDHUNAGAR,"KALYANASUNDARAM, A.",IND,7,GRADUATE,39,1075000,776000
TAMIL NADU,VIRUDHUNAGAR,"KAVITHA, A.",AHILA INDIA DHAYAGA MAKKAL MUNNETRA KATCHI,0,POST GRADUATE,41,,
TAMIL NADU,VIRUDHUNAGAR,"MANIKANDAN, R.",EZHUCHI TAMILARGAL MUNNETRA KAZHAGAM,0,5TH PASS,35,227000,0
TAMIL NADU,VIRUDHUNAGAR,"PACKIARAJ, E.",TAMIL NADU ILANGYAR KATCHI,0,GRADUATE,35,,
TAMIL NADU,VIRUDHUNAGAR,"PALANICHAMY KUDUMBAR, P.",IND,0,POST GRADUATE,31,400000,0
TAMIL NADU,VIRUDHUNAGAR,"PARAMASIVA IYYAPPAN, S.",IND,0,12TH PASS,45,35254454,7836152
TAMIL NADU,VIRUDHUNAGAR,"SABARI PONRAJ, B.",IND,0,GRADUATE,32,470000,0
TAMIL NADU,VIRUDHUNAGAR,"SAKKARAVARTHY, P.",ALL INDIA PURATCHI THALAIVAR MAKKAL MUNNETTRA,0,GRADUATE,59,6460000,3000000
TAMIL NADU,VIRUDHUNAGAR,"SANKARANARAYANAN, N.",IND,0,OTHERS,34,,
TAMIL NADU,VIRUDHUNAGAR,"SELVAKUMAR, M.",IND,0,5TH PASS,30,73000,0
TAMIL NADU,VIRUDHUNAGAR,"SENTHILKUMAR, S.",IND,0,8TH PASS,32,,0
TAMIL NADU,VIRUDHUNAGAR,"SUGAN RAJEEV, M.",IND,0,10TH PASS,29,,
TAMIL NADU,VIRUDHUNAGAR,"THIAGARAJAN, P.I.D.",IND,0,10TH PASS,73,1453770,0
TAMIL NADU,VIRUDHUNAGAR,"UMAYORUBAGAM, M.",IND,1,GRADUATE,67,333000,0
TELANGANA,ADILABAD,BAPU RAO SOYAM,BJP,52,12TH PASS,52,3099414,231450
TELANGANA,ADILABAD,AARE ELLANNA,IND,0,5TH PASS,53,30000,0
TELANGANA,ADILABAD,BHEEM RAO,AMBEDKARITE PARTY OF INDIA,0,5TH PASS,33,,
TELANGANA,ADILABAD,DHARAVTH NARENDHAR,JANASENA PARTY,0,POST GRADUATE,27,50000,0
TELANGANA,ADILABAD,GANTA PENTANNA,IND,0,POST GRADUATE,47,670000,0
TELANGANA,ADILABAD,GODAM NAGESH,TRS,0,POST GRADUATE,54,,
TELANGANA,ADILABAD,KUMRA RAJU,IND,0,10TH PASS,29,30000,0
TELANGANA,ADILABAD,KUMRAM VANDANA,NAVA PRAJA RAJYAM PARTY,0,ILLITERATE,35,1300000,0
TELANGANA,ADILABAD,PAWAR KRISHNA,IND,0,POST GRADUATE,39,1140000,0
TELANGANA,ADILABAD,RAMESH RATHOD,INC,3,12TH PASS,53,36491000,15300000
TELANGANA,BHONGIR,KOMATIREDDY VENAKAT REDDY,INC,14,12TH PASS,55,162543845,24069129
TELANGANA,BHONGIR,BHEEMANABOINA RAMESH,IND,0,10TH PASS,32,110000,0
TELANGANA,BHONGIR,DR. NARSAIAH BOORA,TRS,0,POST GRADUATE,60,237458144,42963534
TELANGANA,BHONGIR,GODA SRIRAMULU,CPI,0,8TH PASS,54,,
TELANGANA,BHONGIR,KOTHA KISTAIAH,AMBEDKAR NATIONAL CONGRESS,0,10TH PASS,41,1020000,0
TELANGANA,BHONGIR,MOORIGAADI KRISHNA,IND,0,POST GRADUATE,50,,
TELANGANA,BHONGIR,PADALA VENKATA SHYAM SUNDER RAO,BJP,7,POST GRADUATE,46,323073107,49080220
TELANGANA,BHONGIR,SAMRAT NARENDER BOILLA,RPI,0,GRADUATE PROFESSIONAL,36,3517000,11000
TELANGANA,BHONGIR,SINGAPAKA LINGAM,IND,0,ILLITERATE,44,,0
TELANGANA,BHONGIR,SIRIVOLU VENKATA RAMANA RAO,SAMAJWADI FORWARD BLOC,0,10TH PASS,52,290000,0
TELANGANA,BHONGIR,SRIRAMULU MUTHYALA,IND,0,10TH PASS,59,,
TELANGANA,CHEVELLA,DR.GADDAM RANJITH REDDY,TRS,0,POST GRADUATE,54,1634695131,197007553
TELANGANA,CHEVELLA,A.A. SABRI,IND,0,12TH PASS,69,2326979,0
TELANGANA,CHEVELLA,ANUSHA KESHAVABHATLA,IND,0,GRADUATE PROFESSIONAL,32,9275000,4600000
TELANGANA,CHEVELLA,B. JANARDHAN REDDY,BJP,0,OTHERS,58,,
TELANGANA,CHEVELLA,BASWAIAH MADIGA,PRAJAA SWARAAJ PARTY,0,10TH PASS,47,2475117,1242117
TELANGANA,CHEVELLA,BENNALA JULEE,NATIONAL WOMEN,0,12TH PASS,34,50000,0
TELANGANA,CHEVELLA,CHEPURI RAJU,DALITA BAHUJANA PARTY,0,5TH PASS,39,,
TELANGANA,CHEVELLA,G. RAVI KUMAR YADAV,IND,0,POST GRADUATE,31,91000,0
TELANGANA,CHEVELLA,IJA VENKATESH GOUD,SOCIAL JUSTICE PARTY OF INDIA,0,POST GRADUATE,43,9799564,2800000
TELANGANA,CHEVELLA,JAIDUPALLY YADAIAH,IND,0,5TH PASS,48,1000,0
TELANGANA,CHEVELLA,KONDA VISHWESHWAR REDDY,INC,1,GRADUATE PROFESSIONAL,59,,
TELANGANA,CHEVELLA,KORRA PANDU NAIK,BAHUJAN MUKTI PARTY,0,10TH PASS,42,10000,0
TELANGANA,CHEVELLA,KUMMARI GIRI,PYRAMID PARTY OF INDIA,0,10TH PASS,37,485000,0
TELANGANA,CHEVELLA,NALLA PREM KUMAR,PREM JANATA DAL,0,8TH PASS,47,,
TELANGANA,CHEVELLA,P. PURUSHOTHAM,IND,0,POST GRADUATE,38,233000,0
TELANGANA,CHEVELLA,PALAMAKULA MADHU,INDIA PRAJA BANDHU PARTY,0,10TH PASS,38,150932,0
TELANGANA,CHEVELLA,SANEM RAJU GOUD,IND,0,GRADUATE,36,2111000,0
TELANGANA,CHEVELLA,T. DURGA PRASAD,IND,0,POST GRADUATE,33,252000,0
TELANGANA,CHEVELLA,VANAM SUDHAKAR,MARXIST COMMUNIST PARTY OF INDIA (UNITED),0,LITERATE,36,,
TELANGANA,CHEVELLA,VIJAY AARYA,BSP,0,OTHERS,42,720193,0
TELANGANA,CHEVELLA,YEDLA SURESH,IND,0,10TH PASS,25,103000,0
TELANGANA,HYDERABAD,ASADUDDIN OWAISI,AIMIM,5,GRADUATE PROFESSIONAL,49,179044376,120500000
TELANGANA,HYDERABAD,BEERAMGANTI VENKAT RAMESH NAIDU,IND,0,ILLITERATE,59,3071000,0
TELANGANA,HYDERABAD,BHAGAVANTH RAO PAWAR,BJP,3,GRADUATE PROFESSIONAL,67,,
TELANGANA,HYDERABAD,DORNALA JAYA PRAKASH,NEW INDIA PARTY,2,GRADUATE,36,1364218,100000
TELANGANA,HYDERABAD,DR.HINGOLIKAR SUSHEEL RAJ,IND,0,10TH PASS,34,1644000,2950000
TELANGANA,HYDERABAD,K RANGACHARYA,SAMAJWADI FORWARD BLOC,0,10TH PASS,49,,
TELANGANA,HYDERABAD,K. NAGARAJ,IND,0,8TH PASS,45,368000,0
TELANGANA,HYDERABAD,KA MAHESHWAR,IND,6,10TH PASS,45,609000,420000
TELANGANA,HYDERABAD,MOHAMMED ABDUL AZEEM,IND,0,10TH PASS,44,,0
TELANGANA,HYDERABAD,MOHAMMED FEROZ KHAN,INC,0,12TH PASS,46,7470000,0
TELANGANA,HYDERABAD,MOHD AHMED,IND,0,10TH PASS,34,,
TELANGANA,HYDERABAD,PUSTHE SRIKANTH,TRS,0,GRADUATE PROFESSIONAL,46,30700000,10400000
TELANGANA,HYDERABAD,SANJAY KUMAR SHUKLA,IND,0,5TH PASS,39,22706000,0
TELANGANA,HYDERABAD,V BAL KRISHNA,IND,0,GRADUATE PROFESSIONAL,37,,
TELANGANA,KARIMNAGAR,BANDI SANJAY KUMAR,BJP,6,POST GRADUATE,47,,
TELANGANA,KARIMNAGAR,AILA PRASANNA,ANTI CORRUPTION DYNAMIC PARTY,0,ILLITERATE,45,250000,0
TELANGANA,KARIMNAGAR,ANAGANDULA VENKANNA,BSP,1,GRADUATE,43,1800000,350000
TELANGANA,KARIMNAGAR,BHANU LAXMAN PABBA,IND,0,12TH PASS,26,494297,0
TELANGANA,KARIMNAGAR,CHINTHA ANIL KUMAR,PYRAMID PARTY OF INDIA,0,POST GRADUATE,33,25000,0
TELANGANA,KARIMNAGAR,DURVASA REDDY PAKALA,IND,1,POST GRADUATE,38,,
TELANGANA,KARIMNAGAR,GANGARAPU THIRUPATHI,IND,0,10TH PASS,45,7000,0
TELANGANA,KARIMNAGAR,KOTA SHYAMKUMAR,IND,0,12TH PASS,31,75000,0
TELANGANA,KARIMNAGAR,PALLE PRASHANTH,JAI SWARAJ PARTY,0,POST GRADUATE,28,3656900,300000
TELANGANA,KARIMNAGAR,PONNAM PRABHAKAR,INC,3,POST GRADUATE,52,9478606,0
TELANGANA,KARIMNAGAR,RAMESHBABU SHANIGARAPU,IND,0,GRADUATE PROFESSIONAL,34,,
TELANGANA,KARIMNAGAR,REDDY VENUGOPAL,SAMAJWADI FORWARD BLOC,0,GRADUATE,32,30500,0
TELANGANA,KARIMNAGAR,SRIKANTH CHILIVERU,IND,3,10TH PASS,36,35000,0
TELANGANA,KARIMNAGAR,VINOD KUMAR BOIANAPALLI,TRS,0,GRADUATE PROFESSIONAL,59,,
TELANGANA,KHAMMAM,NAMA NAGESWR RAO,TRS,5,12TH PASS,62,1074671341,80721594
TELANGANA,KHAMMAM,ANIL KUMAR MADDINENI,IND,1,POST GRADUATE,39,865565,0
TELANGANA,KHAMMAM,AVUTAPALLI RAMBABU,IND,0,10TH PASS,62,74950,0
TELANGANA,KHAMMAM,BANOTH LAXMA NAIK,IND,0,12TH PASS,62,,
TELANGANA,KHAMMAM,BODA VENKAT,CPI(M),0,GRADUATE,54,9611087,3185000
TELANGANA,KHAMMAM,DEVAKI VASUDEVA RAO,BJP,0,OTHERS,47,26300049,4686270
TELANGANA,KHAMMAM,DUNUKU VELADRI,IND,0,DOCTORATE,57,,
TELANGANA,KHAMMAM,GOKINAPALLI VENKATESWARLU,IND,0,5TH PASS,61,3968500,45000
TELANGANA,KHAMMAM,GOPOJU RAMESH BABU,TELANGANA COMMUNIST PARTY OF INDIA,0,OTHERS,42,20000,0
TELANGANA,KHAMMAM,KATTA SRINIVAS,YEKIKRUTHA SANKSHEMA RASHTRIYA PRAJA PARTY,0,8TH PASS,46,1435000,0
TELANGANA,KHAMMAM,KOPPULA SREENIVASA RAO,IND,0,12TH PASS,48,117400,305000
TELANGANA,KHAMMAM,LAKAVATH NAGESWARA RAO,BAHUJAN MUKTI PARTY,0,GRADUATE,27,,
TELANGANA,KHAMMAM,LAXMANA CHARY BHANALA,IND,0,5TH PASS,55,30000,0
TELANGANA,KHAMMAM,MUTYAM ARJUNA RAJU,IND,0,POST GRADUATE,30,2450000,90000
TELANGANA,KHAMMAM,NAKIRIKANTI SANJEEVA RAO,IND,0,ILLITERATE,49,,
TELANGANA,KHAMMAM,NARALA SATYANARAYANA,JANASENA PARTY,0,POST GRADUATE,46,2201365,590000
TELANGANA,KHAMMAM,PARSAGANI NAGESWARA RAO,IND,1,5TH PASS,48,100000,0
TELANGANA,KHAMMAM,RENUKA CHOWDHURY,INC,1,POST GRADUATE,64,1131285724,116191184
TELANGANA,KHAMMAM,SHANKARA RAO GOPAGANI,IND,0,POST GRADUATE,61,,
TELANGANA,KHAMMAM,UMAMAHESWARA RAO CHERUKUPALLI,TELANGANA YUVA SHAKTI,0,POST GRADUATE,29,7690000,1070000
TELANGANA,KHAMMAM,VENKATESHWAR RAO PULLAKANDAM,PYRAMID PARTY OF INDIA,0,10TH PASS,57,22816840,16176799
TELANGANA,MAHABUBABAD,KAVITHA MALOTHU,TRS,1,GRADUATE,39,,
TELANGANA,MAHABUBABAD,ARUN KUMAR MYPATHI,TELANGANA JANA SAMITHI,1,POST GRADUATE,33,,0
TELANGANA,MAHABUBABAD,BALARAM NAIK PORIKA,INC,1,10TH PASS,55,43570110,33600000
TELANGANA,MAHABUBABAD,BALSINGH DARAVATH,BHARTIYA ANARAKSHIT PARTY,0,POST GRADUATE,33,,
TELANGANA,MAHABUBABAD,BALU NAYAK BHUKYA,IND,0,POST GRADUATE,38,2750000,1025000
TELANGANA,MAHABUBABAD,BHASKAR NAIK BHUKYA.,JANASENA PARTY,0,GRADUATE,51,13070000,1600000
TELANGANA,MAHABUBABAD,JATOTHU HUSSAIN,BJP,0,GRADUATE,37,,
TELANGANA,MAHABUBABAD,KALLURI. VENKATESWARA RAO,CPI,0,10TH PASS,45,676200,0
TELANGANA,MAHABUBABAD,KALTHI YARRAIAH,IND,2,12TH PASS,39,210000,0
TELANGANA,MAHABUBABAD,MOKALLA. MURALI KRISHNA,IND,4,5TH PASS,54,1410500,150000
TELANGANA,MAHABUBABAD,PALVANCHA. DURGA.,IND,0,GRADUATE PROFESSIONAL,34,1140000,80000
TELANGANA,MAHABUBABAD,PARVATHI BHUKYA,PYRAMID PARTY OF INDIA,0,LITERATE,43,,
TELANGANA,MAHABUBABAD,UKE KOUSALYA,IND,0,5TH PASS,49,596000,0
TELANGANA,MAHABUBABAD,VADITYA SHRIRAM NAIK,IND,0,DOCTORATE,43,4875000,0
TELANGANA,MAHBUBNAGAR,MANNE SRINIVAS REDDY,TRS,0,12TH PASS,60,,
TELANGANA,MAHBUBNAGAR,CHALLA VAMSHI CHAND REDDY,INC,4,12TH PASS,38,15759063,1722846
TELANGANA,MAHBUBNAGAR,D THIMMAPPA,IND,0,ILLITERATE,53,480000,400000
TELANGANA,MAHBUBNAGAR,D. K. ARUNA,BJP,2,10TH PASS,59,,
TELANGANA,MAHBUBNAGAR,ERGAMREDDY SHIVADURGAVARAPRASAD REDDY,INDIAN RAKSHAKA NAYAKUDU PARTY,0,8TH PASS,28,616500,0
TELANGANA,MAHBUBNAGAR,IMRAN AHMED KHAN,AMBEDKAR NATIONAL CONGRESS,0,12TH PASS,47,3747000,480000
TELANGANA,MAHBUBNAGAR,MD. ABDUL AZEEZ KHAN,IND,0,GRADUATE PROFESSIONAL,57,5684000,350000
TELANGANA,MAHBUBNAGAR,MOHAMMED IMTIYAZ AHMAD,IND,0,POST GRADUATE,45,6680000,0
TELANGANA,MAHBUBNAGAR,S GOPAL REDDY,IND,0,OTHERS,47,5710000,99000
TELANGANA,MAHBUBNAGAR,V DASRAM,BAHUJAN MUKTI PARTY,4,GRADUATE,41,15589000,495000
TELANGANA,MAHBUBNAGAR,VISHWESHWAR J,IND,0,GRADUATE PROFESSIONAL,40,,
TELANGANA,MALKAJGIRI,ANUMULA REVANTH REDDY,INC,42,GRADUATE,51,245357182,27807304
TELANGANA,MALKAJGIRI,BALAMANI BURU,INDIA PRAJA BANDHU PARTY,0,GRADUATE,32,210000,0
TELANGANA,MALKAJGIRI,CHALIKA CHANDRA SEKHAR,IND,0,GRADUATE,38,,
TELANGANA,MALKAJGIRI,CHAMAKURA RAJAIAH,SOCIAL JUSTICE PARTY OF INDIA,1,GRADUATE,43,305000,0
TELANGANA,MALKAJGIRI,DHARMASANAM BHANUMURTHY,PRAJA SATTA PARTY,2,10TH PASS,57,5259500,600000
TELANGANA,MALKAJGIRI,DONTHULA BIKSHAPATHI,IND,0,GRADUATE,43,,
TELANGANA,MALKAJGIRI,MAHENDER REDDY BONGUNOORI,JANASENA PARTY,0,10TH PASS,43,139714395,40743724
TELANGANA,MALKAJGIRI,RAJASHEKAR REDDY MARRI,TRS,0,12TH PASS,50,567940114,91408506
TELANGANA,MALKAJGIRI,RAMCHANDER RAO N,BJP,1,POST GRADUATE,59,25940000,6100000
TELANGANA,MALKAJGIRI,SAI KIRAN GONE,IND,0,POST GRADUATE,26,212089,0
TELANGANA,MALKAJGIRI,THIRUPATAIAH ENDURAM,IND,0,8TH PASS,46,,
TELANGANA,MEDAK,KOTHA PRABHAKAR REDDY,TRS,0,GRADUATE,53,,
TELANGANA,MEDAK,ANIL KUMAR GALI,INC,1,10TH PASS,46,121568484,38100000
TELANGANA,MEDAK,BANGARU KRISHNA,IND,0,12TH PASS,33,51000,0
TELANGANA,MEDAK,BHARATESH,SUCI(C),0,POST GRADUATE,42,,
TELANGANA,MEDAK,GAJABINKAR BANSILAL,IND,0,5TH PASS,61,510000,30000
TELANGANA,MEDAK,KALLU NARSIMLU GOUD,IND,0,GRADUATE,52,2728000,900000
TELANGANA,MEDAK,MADAVANENI RAGHUNANDAN RAO,BJP,0,GRADUATE PROFESSIONAL,54,126488701,6900000
TELANGANA,MEDAK,MADHAVA REDDY GARI HANMANTHA REDDY,SHS,0,12TH PASS,38,1045000,350000
TELANGANA,MEDAK,THUMMALAPALLY PRUTHVIRAJ,IND,0,12TH PASS,49,10428157,100000
TELANGANA,NAGARKURNOOL,POTHUGANTI RAMULU,TRS,0,GRADUATE,66,10778684,0
TELANGANA,NAGARKURNOOL,B YOSEF,BSP,0,10TH PASS,52,775000,0
TELANGANA,NAGARKURNOOL,BAAKI RENUKA,NATIONAL WOMENS PARTY,0,10TH PASS,39,700000,0
TELANGANA,NAGARKURNOOL,CHARAGONDA KRISHNAMMA,IND,0,12TH PASS,45,,
TELANGANA,NAGARKURNOOL,DR MALLU RAVI,INC,4,GRADUATE PROFESSIONAL,68,265782483,18800000
TELANGANA,NAGARKURNOOL,GADDAM VIJAY KUMAR,BAHUJAN MUKTI PARTY,0,POST GRADUATE,34,1803217,44000
TELANGANA,NAGARKURNOOL,KARVANGA SHARATH,IND,0,OTHERS,27,,
TELANGANA,NAGARKURNOOL,PRABHUDAS BANDARU THUMU,IND,0,10TH PASS,40,990425,0
TELANGANA,NAGARKURNOOL,SRINIVASULU BUDDULA,IND,0,10TH PASS,45,925000,32000
TELANGANA,NAGARKURNOOL,V AMARNATH,INDIA PRAJA BANDHU PARTY,0,10TH PASS,25,504000,0
TELANGANA,NALGONDA,NALAMADA UTTAM KUMAR REDDY,INC,4,GRADUATE,55,31501349,1200000
TELANGANA,NALGONDA,AKULA PAUL,PYRAMID PARTY OF INDIA,0,10TH PASS,36,40140,0
TELANGANA,NALGONDA,BANDARU NAGARAJU,IND,0,POST GRADUATE,25,226000,0
TELANGANA,NALGONDA,GARLAPATI JITHENDRA KUMAR,BJP,0,12TH PASS,61,,
TELANGANA,NALGONDA,JAKKULA NAVEEN YADAV,IND,0,POST GRADUATE,25,1004799,0
TELANGANA,NALGONDA,JANAIAH NANDIPATI,TELANGANA SAKALAJANULA PARTY,0,POST GRADUATE,43,1596300,78000
TELANGANA,NALGONDA,KARAMTOTHU MANGTHA,IND,0,5TH PASS,46,,
TELANGANA,NALGONDA,KATRAVATH VENKATESH,BAHUJAN MUKTI PARTY,0,GRADUATE,30,21300,0
TELANGANA,NALGONDA,KIRAN VANGAPALLI,IND,0,10TH PASS,33,75000,0
TELANGANA,NALGONDA,LINGIDI VENKATESWARLU,IND,0,POST GRADUATE,61,12533638,3890240
TELANGANA,NALGONDA,LITHESH SUNKARI,SOCIAL JUSTICE PARTY OF INDIA,0,POST GRADUATE,30,4821500,0
TELANGANA,NALGONDA,MADHU SAPAVATH,IND,0,ILLITERATE,26,,
TELANGANA,NALGONDA,MALLU LAXMI,CPI(M),1,GRADUATE PROFESSIONAL,45,49866261,8538884
TELANGANA,NALGONDA,MARAM VENKAT REDDY,IND,0,10TH PASS,48,1400000,100000
TELANGANA,NALGONDA,MARRI. NEHEMIAH,IND,0,12TH PASS,64,,
TELANGANA,NALGONDA,MEKALA SATHEESH REDDY,JANASENA PARTY,0,POST GRADUATE,37,3471000,0
TELANGANA,NALGONDA,MEKALA VENKANNA,IND,0,10TH PASS,33,265572,213000
TELANGANA,NALGONDA,POLISHETTY VENKATESHWARLU,IND,0,12TH PASS,54,200000,0
TELANGANA,NALGONDA,RAMESH SUNKARA,IND,0,GRADUATE,64,,
TELANGANA,NALGONDA,ROYYALA SRINIVASULU,IND,0,GRADUATE PROFESSIONAL,48,8650000,1800000
TELANGANA,NALGONDA,SOLIPURAM VENUGOPAL REDDY,AMBEDKAR NATIONAL CONGRESS,0,10TH PASS,42,5700000,500000
TELANGANA,NALGONDA,SREENU VADTHYA,IND,0,POST GRADUATE,34,,
TELANGANA,NALGONDA,THAGULLA JANARDHAN,IND,0,GRADUATE,28,225000,0
TELANGANA,NALGONDA,THANDU UPENDER,IND,0,10TH PASS,39,10000,0
TELANGANA,NIZAMABAD,DHARMAPURI ARVIND,BJP,1,POST GRADUATE,43,,
TELANGANA,NIZAMABAD,AARE SAYANNA,IND,0,12TH PASS,37,650000,0
TELANGANA,NIZAMABAD,ADMALA MAHIPAL REDDY,IND,0,12TH PASS,36,1620000,100000
TELANGANA,NIZAMABAD,AKULA HANMANDLU,IND,0,LITERATE,41,,
TELANGANA,NIZAMABAD,ALAKUNTA RAJANNA,IND,0,ILLITERATE,55,1000,0
TELANGANA,NIZAMABAD,ALETI MALLA REDDY,IND,1,ILLITERATE,40,10383500,230000
TELANGANA,NIZAMABAD,ALETI RAJAREDDY,IND,0,10TH PASS,44,,
TELANGANA,NIZAMABAD,ALETI SANJEEV REDDY,IND,0,10TH PASS,33,4549481,1020000
TELANGANA,NIZAMABAD,ALLURI LIMBA REDDY,IND,0,ILLITERATE,51,1680000,0
TELANGANA,NIZAMABAD,ANGU POSHETTY,IND,0,5TH PASS,32,137500,0
TELANGANA,NIZAMABAD,ANJAIAH KONDANI,PYRAMID PARTY OF INDIA,0,12TH PASS,36,822000,0
TELANGANA,NIZAMABAD,ANUGU THIRUMAL,IND,0,10TH PASS,42,,
TELANGANA,NIZAMABAD,ARMOOR SAGAR,IND,0,10TH PASS,34,912000,75000
TELANGANA,NIZAMABAD,ASLI GANESH,IND,0,12TH PASS,29,762000,0
TELANGANA,NIZAMABAD,AYILENI VIKRAM REDDY,IND,0,POST GRADUATE,39,,
TELANGANA,NIZAMABAD,B. SRINIVAS,IND,0,10TH PASS,38,9933775,200000
TELANGANA,NIZAMABAD,BADDAM ASHOK,IND,0,10TH PASS,29,10500,110000
TELANGANA,NIZAMABAD,BADDAM DEVENDAR,IND,0,10TH PASS,34,50500,100000
TELANGANA,NIZAMABAD,BADDAM INDRASENA REDDY,IND,0,10TH PASS,33,3307500,465000
TELANGANA,NIZAMABAD,BADDAM SRINIVASA REDDY,IND,0,GRADUATE PROFESSIONAL,44,,
TELANGANA,NIZAMABAD,BAKKASHETTI GANAGDHAR,IND,0,ILLITERATE,52,10150000,980000
TELANGANA,NIZAMABAD,BALAKISHNA NALLA,IND,0,5TH PASS,48,5081638,650000
TELANGANA,NIZAMABAD,BALIJE LAXMIRAJAM,IND,0,5TH PASS,58,,
TELANGANA,NIZAMABAD,BANDELA VENKATARAJAM,IND,0,ILLITERATE,55,2050000,600000
TELANGANA,NIZAMABAD,BATHNATHE SHANKAR,JANASENA PARTY,0,12TH PASS,42,8000000,0
TELANGANA,NIZAMABAD,BODUGAM NARENDER,IND,0,12TH PASS,42,2450000,350000
TELANGANA,NIZAMABAD,BORRANNA GUMMERLA,IND,0,ILLITERATE,60,1450000,0
TELANGANA,NIZAMABAD,BYAGARI SHANTHAIAH,IND,0,10TH PASS,49,,
TELANGANA,NIZAMABAD,CHINNAIAH MUKKERA,IND,0,10TH PASS,35,4322700,950000
TELANGANA,NIZAMABAD,CHINTALAPELLY GANGAREDDY,IND,0,10TH PASS,49,1260000,100000
TELANGANA,NIZAMABAD,CHINTHALAPALLY RAGHUPATHI REDDY,IND,0,10TH PASS,41,,
TELANGANA,NIZAMABAD,DABBA RAJA REDDY,IND,0,LITERATE,48,5120000,100000
TELANGANA,NIZAMABAD,DEVANNA PINDI,IND,0,ILLITERATE,68,642000,0
TELANGANA,NIZAMABAD,DODA MUTTA REDDY,IND,0,5TH PASS,31,1700000,200000
TELANGANA,NIZAMABAD,EDAMALA RAVINDER REDDY,IND,0,10TH PASS,50,2048000,150000
TELANGANA,NIZAMABAD,ELETI LAXMAREDDY,IND,0,10TH PASS,41,,
TELANGANA,NIZAMABAD,ENUGU MALLESH,IND,0,ILLITERATE,60,5330000,100000
TELANGANA,NIZAMABAD,ETTEDI SAIREDDY,IND,0,10TH PASS,30,450000,150000
TELANGANA,NIZAMABAD,GADDAM GANGAREDDY,IND,0,ILLITERATE,57,,
TELANGANA,NIZAMABAD,GADDAM MOHAN,IND,0,GRADUATE PROFESSIONAL,34,10500,200000
TELANGANA,NIZAMABAD,GADDAM PURUSHOTHAM,IND,0,GRADUATE,29,879000,170000
TELANGANA,NIZAMABAD,GADDAM RAJESHWAR,IND,0,ILLITERATE,37,1466000,0
TELANGANA,NIZAMABAD,GADDAM SUMAN,IND,0,8TH PASS,30,685000,0
TELANGANA,NIZAMABAD,GADEPALLI PRTHVIRAJ,IND,0,10TH PASS,45,,
TELANGANA,NIZAMABAD,GADEPALLY RAMESH,IND,0,5TH PASS,45,4776000,420000
TELANGANA,NIZAMABAD,GADKOLE CHINNA GANGAREDDY,IND,0,5TH PASS,52,4529560,140000
TELANGANA,NIZAMABAD,GADKOLU RAMESH,IND,0,ILLITERATE,37,,
TELANGANA,NIZAMABAD,GAJJALA SAI PRASAD,IND,0,ILLITERATE,39,9000,0
TELANGANA,NIZAMABAD,GANGA REDDY KALLEM,IND,0,GRADUATE,44,2151500,40000
TELANGANA,NIZAMABAD,GANGADHAR ANDHETI,IND,0,5TH PASS,43,13366300,340000
TELANGANA,NIZAMABAD,GANGADHAR BADDAM,IND,0,12TH PASS,45,12716000,867000
TELANGANA,NIZAMABAD,GANGANNA CHILKURI,IND,0,ILLITERATE,41,,
TELANGANA,NIZAMABAD,GANGAREDDY MAILARAM,IND,0,ILLITERATE,49,2199350,124976
TELANGANA,NIZAMABAD,GANGAREDDY MUSKU,IND,0,ILLITERATE,46,1690000,0
TELANGANA,NIZAMABAD,GANGAREDDY RIKKALA,IND,0,5TH PASS,44,,
TELANGANA,NIZAMABAD,GANGAREDDY THORTHI,IND,0,ILLITERATE,39,1100000,0
TELANGANA,NIZAMABAD,GOSKULA MAHESH BABU,IND,0,10TH PASS,27,260000,0
TELANGANA,NIZAMABAD,GUMMERLA VIJAY,IND,0,ILLITERATE,58,1040000,0
TELANGANA,NIZAMABAD,GURADI SRINIVAS,IND,0,10TH PASS,45,395000,0
TELANGANA,NIZAMABAD,HANMANDLU PUPPALA,IND,0,ILLITERATE,52,,
TELANGANA,NIZAMABAD,IPPA LACHCHANNA,IND,0,ILLITERATE,53,1450000,0
TELANGANA,NIZAMABAD,J. CHINNA REDDY,IND,0,5TH PASS,43,1350000,100000
TELANGANA,NIZAMABAD,JAIDI CHINNA GANGARAM,IND,0,ILLITERATE,42,,
TELANGANA,NIZAMABAD,K KAVITHA,TRS,2,GRADUATE PROFESSIONAL,41,179382394,90723181
TELANGANA,NIZAMABAD,K. RAM RAJ,IND,0,12TH PASS,31,1230000,0
TELANGANA,NIZAMABAD,KANDUKALA SHIVA KUMAR GOUD,IND,0,10TH PASS,48,440000,0
TELANGANA,NIZAMABAD,KATIPALLY KUMAR,IND,0,10TH PASS,30,1700000,639000
TELANGANA,NIZAMABAD,KATIPELLI RAMESH,IND,0,GRADUATE,34,,
TELANGANA,NIZAMABAD,KOMATI REDDY PRASHANTH,IND,1,ILLITERATE,30,5001000,150000
TELANGANA,NIZAMABAD,KOMMULA BUCHIREDDY,IND,0,OTHERS,39,1695000,200000
TELANGANA,NIZAMABAD,KONDHAPURAM NARSAIAH,IND,0,ILLITERATE,48,,
TELANGANA,NIZAMABAD,KONGARI SANJIV,IND,0,10TH PASS,35,187000,0
TELANGANA,NIZAMABAD,KUMBALA SANJEEVA REDDY,IND,0,10TH PASS,59,5005000,400000
TELANGANA,NIZAMABAD,KURMA DIVAKAR,IND,0,10TH PASS,25,150000,0
TELANGANA,NIZAMABAD,LAXMAN GANNA,IND,0,12TH PASS,37,125000,0
TELANGANA,NIZAMABAD,LIMBA REDDY PERKIT,IND,0,8TH PASS,32,,
TELANGANA,NIZAMABAD,LIMBAIAH SOMIDI,IND,0,GRADUATE,40,255000,0
TELANGANA,NIZAMABAD,LINGA REDDY DODDIKINDI,IND,0,10TH PASS,51,3183594,1098000
TELANGANA,NIZAMABAD,LINGA REDDY SANTHA,IND,0,10TH PASS,36,,
TELANGANA,NIZAMABAD,LINGAPURAM BHUMESHWAR,IND,0,ILLITERATE,37,1961500,50000
TELANGANA,NIZAMABAD,LOKA SUBHASH,IND,1,ILLITERATE,40,5404257,150000
TELANGANA,NIZAMABAD,MACHARLA PRATHAP,IND,0,10TH PASS,33,1446797,270000
TELANGANA,NIZAMABAD,MADHU BUTTI,IND,0,GRADUATE PROFESSIONAL,37,493142,99000
TELANGANA,NIZAMABAD,MADHUSUDAN ALIAS MADHU GOUD YASKHI,INC,1,POST GRADUATE,61,,
TELANGANA,NIZAMABAD,MAGGIDI KATIPALLY RAJESH,IND,0,10TH PASS,29,1568000,100000
TELANGANA,NIZAMABAD,MAGGIDI NARSAIAH MAMIDI,IND,0,5TH PASS,54,7875000,1600000
TELANGANA,NIZAMABAD,MAHENDER NALIMELA,IND,0,12TH PASS,25,,
TELANGANA,NIZAMABAD,MAHENDHAR KOTTALA,IND,0,10TH PASS,29,545000,100000
TELANGANA,NIZAMABAD,MAHENDHAR MUSKU,IND,0,ILLITERATE,37,6741100,100000
TELANGANA,NIZAMABAD,MAMIDI CHINNA REDDY,IND,0,10TH PASS,0,1100000,100000
TELANGANA,NIZAMABAD,MAMIDI RAJASHEKAR REDDY,IND,0,GRADUATE,35,1820000,767000
TELANGANA,NIZAMABAD,MAMIDI THIRUPATHIREDDY,IND,0,10TH PASS,49,,
TELANGANA,NIZAMABAD,MANDALA SHEKHAR,IND,0,ILLITERATE,35,100000,0
TELANGANA,NIZAMABAD,MARU JANARDHAN,IND,0,10TH PASS,37,1900000,470000
TELANGANA,NIZAMABAD,MEDIPALLI SHEKAR REDDY,IND,0,10TH PASS,30,,
TELANGANA,NIZAMABAD,MEKKONDA RAMREDDY,IND,0,12TH PASS,40,1820000,600000
TELANGANA,NIZAMABAD,MITTAPALLI MALLIAH,IND,0,10TH PASS,56,507995,258800
TELANGANA,NIZAMABAD,MOHAN CHINTALA PALLI,IND,0,GRADUATE,40,940000,0
TELANGANA,NIZAMABAD,MOHANAREDDY ELETI,IND,0,10TH PASS,36,11381000,1125000
TELANGANA,NIZAMABAD,MOHD JAMEEL,IND,0,POST GRADUATE,35,,
TELANGANA,NIZAMABAD,MUTHENNA LAKKARA,IND,0,10TH PASS,50,1485000,0
TELANGANA,NIZAMABAD,N MALLAREDDY,IND,0,10TH PASS,42,550000,50000
TELANGANA,NIZAMABAD,N. OMKAR REDDY,IND,0,GRADUATE PROFESSIONAL,29,,
TELANGANA,NIZAMABAD,NADIPI GANGARAM NIRADI,IND,0,ILLITERATE,32,750000,0
TELANGANA,NIZAMABAD,NADISHARAM MALLAIAH,IND,0,10TH PASS,40,948500,20000
TELANGANA,NIZAMABAD,NALLA NADIPI MUTHENNA,IND,0,5TH PASS,51,2268500,60000
TELANGANA,NIZAMABAD,NARSAIAH GUNDA,IND,0,5TH PASS,54,535279,0
TELANGANA,NIZAMABAD,NARSAREDDY PANNALA,IND,0,10TH PASS,41,,
TELANGANA,NIZAMABAD,NATTA BAVANNA,IND,0,10TH PASS,42,175000,0
TELANGANA,NIZAMABAD,NEMILLA LINGA REDDY,IND,0,5TH PASS,35,586000,237000
TELANGANA,NIZAMABAD,NOMULA GOPAL REDDY,IND,0,POST GRADUATE,27,,
TELANGANA,NIZAMABAD,NOMULA MOHAN REDDY,IND,0,ILLITERATE,49,7926500,200000
TELANGANA,NIZAMABAD,PEDDA GANGADAR TALARI,IND,0,ILLITERATE,59,1820000,100000
TELANGANA,NIZAMABAD,PENTA NARSAIAH,IND,0,10TH PASS,51,570000,138000
TELANGANA,NIZAMABAD,POTHUGANTI VENKATESH,IND,0,12TH PASS,28,140000,0
TELANGANA,NIZAMABAD,PRAKASH MANCHIRYALA,IND,0,GRADUATE,67,,
TELANGANA,NIZAMABAD,PRAVEEN NEERADI,IND,0,GRADUATE PROFESSIONAL,30,147272,0
TELANGANA,NIZAMABAD,PRAVEEN PAIDIGELA,IND,0,10TH PASS,35,10161000,1130000
TELANGANA,NIZAMABAD,PUNDRA SRINIVAS REDDY,IND,0,10TH PASS,40,,
TELANGANA,NIZAMABAD,RAJ KUMAR SUNKARI,IND,0,GRADUATE,32,862000,65000
TELANGANA,NIZAMABAD,RAJA VENKAT REDDY PASHAPU,IND,0,ILLITERATE,32,9457376,235000
TELANGANA,NIZAMABAD,RAJAREDDY GANGASARAM,IND,0,ILLITERATE,45,3734050,0
TELANGANA,NIZAMABAD,RAJASHEKAR SARIKELA,IND,0,10TH PASS,31,455000,0
TELANGANA,NIZAMABAD,RAJENDAR PASAPU,IND,0,ILLITERATE,57,,
TELANGANA,NIZAMABAD,RAJESHWAR ENUGU,IND,0,10TH PASS,34,562000,180000
TELANGANA,NIZAMABAD,RAJESHWAR MUSKU,IND,0,12TH PASS,59,1457000,100000
TELANGANA,NIZAMABAD,RAJU SOMIREDDY,IND,0,POST GRADUATE,29,,
TELANGANA,NIZAMABAD,RAMESH REDDY SAMA,IND,0,10TH PASS,30,1605000,0
TELANGANA,NIZAMABAD,RAPELLY SRINIVAS,IND,0,8TH PASS,44,248000,0
TELANGANA,NIZAMABAD,RAVISHANKAR KUNTA,IND,0,ILLITERATE,32,5015800,350000
TELANGANA,NIZAMABAD,ROTTE CHAKRADHAR SHARMA,SAMAJWADI FORWARD BLOC,0,10TH PASS,38,275500,0
TELANGANA,NIZAMABAD,S. SAGAR,BAHUJAN MUKTI PARTY,0,GRADUATE,36,,
TELANGANA,NIZAMABAD,SAI REDDY PUTTINITI,IND,0,5TH PASS,44,6363370,647000
TELANGANA,NIZAMABAD,SAMA BHASKAR REDDY,IND,0,10TH PASS,53,2918000,150000
TELANGANA,NIZAMABAD,SAMA THIRUPATHI,IND,0,GRADUATE,34,,
TELANGANA,NIZAMABAD,SANDIREDDY GOPAL REDDY,IND,0,5TH PASS,56,2137000,300000
TELANGANA,NIZAMABAD,SANJEEVA REDDY GADDAM,IND,0,GRADUATE PROFESSIONAL,62,5583087,0
TELANGANA,NIZAMABAD,SANTOSH BARLA,IND,0,12TH PASS,40,4430000,200000
TELANGANA,NIZAMABAD,SANTOSH KOMAMULA,IND,0,12TH PASS,34,16577000,1386000
TELANGANA,NIZAMABAD,SAYANNA BAI,IND,0,ILLITERATE,47,,
TELANGANA,NIZAMABAD,SHANKAR YENUGU,IND,0,POST GRADUATE,35,1251000,90000
TELANGANA,NIZAMABAD,SOMA SRINIVAS,IND,0,10TH PASS,29,477000,235000
TELANGANA,NIZAMABAD,SRINIVAS GUNDETI,IND,0,ILLITERATE,31,,
TELANGANA,NIZAMABAD,SUJITH GADEPALLI,IND,0,5TH PASS,30,4818000,1100000
TELANGANA,NIZAMABAD,SUMAN MAGGIDI,IND,0,10TH PASS,28,1308000,165000
TELANGANA,NIZAMABAD,SURAKANTI RAJA REDDY,IND,0,ILLITERATE,56,6070000,270000
TELANGANA,NIZAMABAD,SURESH BADDAM,IND,0,5TH PASS,31,390000,199000
TELANGANA,NIZAMABAD,SURESH BASA,IND,0,GRADUATE,35,,
TELANGANA,NIZAMABAD,SURUKANTI CHINNA ANJAIAH,IND,0,5TH PASS,38,5305000,85000
TELANGANA,NIZAMABAD,SWAMI REDDY SAMA,IND,0,10TH PASS,35,755000,221000
TELANGANA,NIZAMABAD,TALARI SUMAN,IND,0,POST GRADUATE,32,,
TELANGANA,NIZAMABAD,TEEGALA RAJESHWAR,IND,0,10TH PASS,45,5684000,300000
TELANGANA,NIZAMABAD,THEEGALA ASHOK REDDY,IND,0,12TH PASS,45,2750000,500000
TELANGANA,NIZAMABAD,THEETLA ANIL,IND,0,10TH PASS,27,40500,0
TELANGANA,NIZAMABAD,THIRUPATHI GADDAM,IND,0,ILLITERATE,68,1440000,0
TELANGANA,NIZAMABAD,THIRUPATHI REDDY PANNALA,IND,0,12TH PASS,41,,
TELANGANA,NIZAMABAD,THOTA SRINIVAS,IND,0,GRADUATE,38,2480000,770000
TELANGANA,NIZAMABAD,TUMMALA NAVEEN,IND,0,12TH PASS,30,6478000,550000
TELANGANA,NIZAMABAD,TURAGA NARSAREDDY,IND,0,ILLITERATE,45,,
TELANGANA,NIZAMABAD,URUMALLA LAKSHMA REDDY,IND,0,10TH PASS,0,2060000,190000
TELANGANA,NIZAMABAD,VELMA MALLAREDDY,IND,0,10TH PASS,38,1083000,50000
TELANGANA,NIZAMABAD,VENKATESH KOLA,IND,1,GRADUATE PROFESSIONAL,27,2910726,0
TELANGANA,NIZAMABAD,VINAY TANKASAALA,IND,0,ILLITERATE,28,340000,0
TELANGANA,NIZAMABAD,YELLALA RAJITHA,IND,0,GRADUATE PROFESSIONAL,30,,
TELANGANA,PEDDAPALLE,VENKATESH NETHA BORLAKUNTA,TRS,0,DOCTORATE,42,16597300,0
TELANGANA,PEDDAPALLE,AMBALA MAHENDAR,IND,0,12TH PASS,46,,0
TELANGANA,PEDDAPALLE,ARSHAM ASHOK,IND,0,10TH PASS,31,,0
TELANGANA,PEDDAPALLE,BALA KALYAN PANJA,BSP,0,GRADUATE PROFESSIONAL,36,,
TELANGANA,PEDDAPALLE,DR. AGAMA CHANDRASHEKAR,INC,0,GRADUATE PROFESSIONAL,60,63320000,5000000
TELANGANA,PEDDAPALLE,DURGAM. RAJANNA,IND,0,GRADUATE PROFESSIONAL,27,15500,0
TELANGANA,PEDDAPALLE,ERUGURALA BHAGYA LAXMI,PYRAMID PARTY OF INDIA,0,POST GRADUATE,27,,
TELANGANA,PEDDAPALLE,GADDALA VINAY KUMAR,IND,0,8TH PASS,62,12309436,450000
TELANGANA,PEDDAPALLE,GODISELLA NAGAMANI,IND,0,10TH PASS,28,,0
TELANGANA,PEDDAPALLE,KUMAR SOGULA,BJP,0,POST GRADUATE,52,11933904,3730368
TELANGANA,PEDDAPALLE,KUNTALA NARSAIAH,IND,0,10TH PASS,42,720540,0
TELANGANA,PEDDAPALLE,RAJESH ERIKILLA,IND,0,POST GRADUATE,31,,
TELANGANA,PEDDAPALLE,SANKENAPALLI. DEVADAS,ANTI CORRUPTION DYNAMIC PARTY,0,12TH PASS,40,160000,0
TELANGANA,PEDDAPALLE,SIRIKONDA KRISHNA,SECULAR DEMOCRATIC CONGRESS,0,8TH PASS,35,25000,0
TELANGANA,PEDDAPALLE,THADEM RAJ PRAKASH,INDIA PRAJA BANDHU PARTY,0,POST GRADUATE,43,,
TELANGANA,PEDDAPALLE,VELTHURU MALLAIAH,RPI(KHOBRAGADE),0,10TH PASS,63,255000,570000
TELANGANA,SECUNDERABAD,GANGAPURAM KISHAN REDDY,BJP,0,OTHERS,58,81430778,4500000
TELANGANA,SECUNDERABAD,ABDALLAH IBRAHIM,IND,0,12TH PASS,53,10238358,0
TELANGANA,SECUNDERABAD,ABDUL AZEEM,IND,0,10TH PASS,49,,0
TELANGANA,SECUNDERABAD,AKHIL CHIRRAVURI,IND,0,POST GRADUATE,25,,
TELANGANA,SECUNDERABAD,ANDRAPU SUDHARSHAN GANGAPUTRA,IND,0,GRADUATE,43,60000,0
TELANGANA,SECUNDERABAD,ANDUKURI VIJAYA BHASKAR,INDIA PRAJA BANDHU PARTY,0,GRADUATE PROFESSIONAL,49,5000,0
TELANGANA,SECUNDERABAD,ANJAN KUMAR YADAV,INC,0,GRADUATE,58,,
TELANGANA,SECUNDERABAD,BATHULA RAVI,IND,0,12TH PASS,48,75000,0
TELANGANA,SECUNDERABAD,BODDU SATISH,IND,0,POST GRADUATE,34,33000,0
TELANGANA,SECUNDERABAD,DORNALA JAYA PRAKASH,NEW INDIA PARTY,2,GRADUATE,36,1364218,100000
TELANGANA,SECUNDERABAD,FARAH NAAZ KHAN,IND,0,12TH PASS,33,1933207,86600
TELANGANA,SECUNDERABAD,G . LAXMINARSIMHA RAO,TELANGANA PRAJALA PARTY,1,GRADUATE PROFESSIONAL,51,,
TELANGANA,SECUNDERABAD,J . N . RAO,DALITA BAHUJANA PARTY,0,GRADUATE,64,1530065,0
TELANGANA,SECUNDERABAD,JUNAID ANAM SIDDIQUI,IND,0,12TH PASS,36,,
TELANGANA,SECUNDERABAD,K VENKATANARAYANA,IND,0,12TH PASS,31,14000,0
TELANGANA,SECUNDERABAD,M . ASHOK KUMAR,SAMAJWADI FORWARD BLOC,0,GRADUATE PROFESSIONAL,37,342000,0
TELANGANA,SECUNDERABAD,MALLESH JATAVATH,SUCI(C),0,GRADUATE,26,,0
TELANGANA,SECUNDERABAD,MEESALA GOPAL SAI BABA,IND,0,GRADUATE PROFESSIONAL,49,9774500,3900000
TELANGANA,SECUNDERABAD,N . SHANKAR GOUD,JANASENA PARTY,0,8TH PASS,46,,
TELANGANA,SECUNDERABAD,NANDIPATI VINOD KUMAR,IND,0,GRADUATE PROFESSIONAL,45,30000,0
TELANGANA,SECUNDERABAD,R LAXMAN RAO GANGAPUTRA,IND,0,8TH PASS,48,1670000,30000
TELANGANA,SECUNDERABAD,RAVI KUMAR VODELA,IND,0,POST GRADUATE,36,,
TELANGANA,SECUNDERABAD,SHAIK MUNEER PASHA,IND,0,12TH PASS,39,142000,0
TELANGANA,SECUNDERABAD,SHAKTI SATAYAVATHI,PYRAMID PARTY OF INDIA,0,10TH PASS,55,65000,0
TELANGANA,SECUNDERABAD,TALASANI SAI KIRAN,TRS,6,POST GRADUATE,32,301011219,68489543
TELANGANA,WARANGAL,DAYAKAR PASNORI,TRS,0,GRADUATE,51,24889712,1428227
TELANGANA,WARANGAL,AITHA PRAVEEN KUMAR,IND,0,12TH PASS,35,10000,0
TELANGANA,WARANGAL,BARLA SRINIVAS,IND,0,POST GRADUATE,30,15000,0
TELANGANA,WARANGAL,BOCHU KRUPAKAR,HUM BHARTIYA PARTY,0,GRADUATE,45,,
TELANGANA,WARANGAL,BOLLAPALLY SARAIAH,BSP,0,GRADUATE,60,9666781,0
TELANGANA,WARANGAL,BUNGA JYOTHI RAMANA,AIHRA NATIONAL PARTY,1,GRADUATE,45,1665000,300000
TELANGANA,WARANGAL,CHILUVERU PRATHAP,IND,0,10TH PASS,48,,
TELANGANA,WARANGAL,CHINTHA SAMBAMURTHY,BJP,0,12TH PASS,65,2503100,660000
TELANGANA,WARANGAL,KANNAM VENKANNA,MARXIST COMMUNIST PARTY OF INDIA (UNITED),0,12TH PASS,42,320000,0
TELANGANA,WARANGAL,PANIGANTI RAJITHAVANI,PYRAMID PARTY OF INDIA,0,10TH PASS,46,20000,0
TELANGANA,WARANGAL,PASULA RAMMURTHY,IND,0,8TH PASS,46,,
TELANGANA,WARANGAL,SAMBAIAH DOMMATI,INC,0,POST GRADUATE,56,12211566,5552696
TELANGANA,WARANGAL,SURESH KANAKAM,SAMAJWADI FORWARD BLOC,0,12TH PASS,46,6240000,0
TELANGANA,WARANGAL,UPENDAR JERIPOTHULA,IND,0,POST GRADUATE,37,,
TELANGANA,ZAHIRABAD,B.B.PATIL,TRS,18,GRADUATE,63,1287851556,11535000
TELANGANA,ZAHIRABAD,ALIGE JEEVAN,BAHUJAN MUKTI PARTY,0,GRADUATE,28,51000,0
TELANGANA,ZAHIRABAD,BANALA LAXMA REDDY,BJP,3,12TH PASS,47,,
TELANGANA,ZAHIRABAD,BENJAMIN RAJU,IND,0,POST GRADUATE,49,7558960,3000000
TELANGANA,ZAHIRABAD,K. MADAN MOHAN RAO,INC,0,POST GRADUATE,49,903663001,0
TELANGANA,ZAHIRABAD,KALESH,BHARTIYA ANARAKSHIT PARTY,0,GRADUATE,49,,
TELANGANA,ZAHIRABAD,MARK BABU,INDIA PRAJA BANDHU PARTY,1,POST GRADUATE,33,507877,84623
TELANGANA,ZAHIRABAD,MOHAMMED NAWAZ,AMBEDKAR NATIONAL CONGRESS,0,5TH PASS,33,453267,0
TELANGANA,ZAHIRABAD,NANGUNOORI LATA,IND,0,GRADUATE,43,256000,0
TELANGANA,ZAHIRABAD,RAMARAO PATIL,IND,0,GRADUATE,48,21550000,750000
TRIPURA,TRIPURA EAST,REBATI TRIPURA,BJP,0,POST GRADUATE,43,,
TRIPURA,TRIPURA EAST,AMAR DEBBARMA,IND,0,12TH PASS,41,744404,0
TRIPURA,TRIPURA EAST,BIJOY DEBBARMA,IND,0,GRADUATE,65,4725000,0
TRIPURA,TRIPURA EAST,CHITTA RANJAN DEBBARMA,IND,0,POST GRADUATE,58,,
TRIPURA,TRIPURA EAST,DIPTI HALAM,IND,0,8TH PASS,42,1040000,100000
TRIPURA,TRIPURA EAST,JITENDRA CHAUDHURY,CPI(M),1,10TH PASS,60,22751748,1120000
TRIPURA,TRIPURA EAST,KARNADHAN CHAKMA,AMRA BANGALEE,0,GRADUATE,47,,
TRIPURA,TRIPURA EAST,MAHARAJ KUMARI PRAGYA DEBBURMAN,INC,0,POST GRADUATE,50,69244661,576370
TRIPURA,TRIPURA EAST,NARENDRA CHANDRA DEBBARMA,INDIGENOUSN PEOPLES FRONT OF TRIPURA,0,GRADUATE,76,12289807,0
TRIPURA,TRIPURA EAST,SUBIR KUMAR JAMATIA,IND,0,8TH PASS,57,4000000,0
TRIPURA,TRIPURA WEST,PRATIMA BHOUMIK,BJP,0,GRADUATE,50,642398,0
TRIPURA,TRIPURA WEST,ARUN KUMAR BHAUMIK,SUCI(C),0,GRADUATE,64,5456399,0
TRIPURA,TRIPURA WEST,BRAJALAL DEBNATH,IND,0,GRADUATE PROFESSIONAL,72,5485000,0
TRIPURA,TRIPURA WEST,BRISHAKETU DEBBARMA,INDIGENOUSN PEOPLES FRONT OF TRIPURA,0,GRADUATE,42,,
TRIPURA,TRIPURA WEST,JAYKI MURASING,AMBEDKARITE PARTY OF INDIA,0,12TH PASS,25,10700,0
TRIPURA,TRIPURA WEST,KABRABAM DHIRENDRA SINGHA,IND,0,POST GRADUATE,43,6587,0
TRIPURA,TRIPURA WEST,MAMAN KHAN,AITC,0,POST GRADUATE,34,,
TRIPURA,TRIPURA WEST,NARAYAN CHANDRA DEY,IND,0,8TH PASS,49,,0
TRIPURA,TRIPURA WEST,PRABIR DEBNATH,AMRA BANGALEE,0,POST GRADUATE,36,120000,0
TRIPURA,TRIPURA WEST,SANKAR PRASAD DATTA,CPI(M),0,POST GRADUATE,61,27948486,0
TRIPURA,TRIPURA WEST,SUBAL BHOWMIK,INC,1,GRADUATE PROFESSIONAL,58,,
TRIPURA,TRIPURA WEST,SUBAL SARKAR,IND,0,10TH PASS,60,10452,0
UTTAR PRADESH,AGRA,SATYAPAL SINGH BAGHEL,BJP,5,DOCTORATE,58,74274036,8606522
UTTAR PRADESH,AGRA,AMBEDKARI HASNURAM AMBEDKARI,IND,1,LITERATE,64,1200,85000
UTTAR PRADESH,AGRA,BABU LAL,IND,0,GRADUATE,63,5015863,0
UTTAR PRADESH,AGRA,HIMANSHI,LOK GATHBANDHAN PARTY,0,GRADUATE,26,,
UTTAR PRADESH,AGRA,MANOJ KUMAR SONI,BSP,0,POST GRADUATE,47,133784385,22251891
UTTAR PRADESH,AGRA,PREETA HARIT,INC,0,POST GRADUATE,54,55075753,0
UTTAR PRADESH,AGRA,RAJA,RASHTRIYA VYAPARI PARTY,0,8TH PASS,30,,
UTTAR PRADESH,AGRA,RAMJI LAL VIDHYARTHI,PEACE PARTY,3,10TH PASS,61,318500,0
UTTAR PRADESH,AKBARPUR,AMIT TRIPATHI,ADHUNIK BHARAT PARTY,0,GRADUATE,33,5961861,3650000
UTTAR PRADESH,AKBARPUR,ARUN KUMAR,IND,0,12TH PASS,33,352000,0
UTTAR PRADESH,AKBARPUR,ASHOK PASWAN,SABHI JAN PARTY,0,POST GRADUATE,42,,
UTTAR PRADESH,AKBARPUR,MAHENDRA SINGH YADAV,PRAGATISHIL SAMAJWADI PARTY (LOHIA),0,GRADUATE,60,63553139,450000
UTTAR PRADESH,AKBARPUR,MANOJ GUPTA,IND,0,10TH PASS,36,51872,0
UTTAR PRADESH,AKBARPUR,NEERAJ KUMAR PASI ADVOCATE,JUSTICE PARTY,0,GRADUATE PROFESSIONAL,36,,
UTTAR PRADESH,AKBARPUR,NISHA,BSP,0,POST GRADUATE,46,134661233,13619617
UTTAR PRADESH,AKBARPUR,RAJARAM PAL,INC,1,GRADUATE PROFESSIONAL,58,19097262,8600000
UTTAR PRADESH,AKBARPUR,SAURABH MISHRA,BHARTIYA SHAKTI CHETNA PARTY,0,POST GRADUATE,26,406427,0
UTTAR PRADESH,AKBARPUR,SUNIL KUMAR,AAJAD BHARAT PARTY (DEMOCRATIC),0,POST GRADUATE,46,1183000,0
UTTAR PRADESH,AKBARPUR,VIKAS TRIPATHI,BHARTIYA LOK SEVA DAL,0,ILLITERATE,40,,
UTTAR PRADESH,ALIGARH,SATISH KUMAR GAUTAM,BJP,0,10TH PASS,46,109522559,28095176
UTTAR PRADESH,ALIGARH,AJEET KUMAR,BSP,0,DOCTORATE,51,281852783,0
UTTAR PRADESH,ALIGARH,AMAR SINGH MAHAUR,SWATANTRA JANTARAJ PARTY,0,GRADUATE PROFESSIONAL,52,2044500,474336
UTTAR PRADESH,ALIGARH,ASHOK KUMAR PANDEY,IND,2,POST GRADUATE,35,,
UTTAR PRADESH,ALIGARH,BIJENDRA SINGH,INC,4,GRADUATE,62,12863000,4273034
UTTAR PRADESH,ALIGARH,CHARAN SINGH,IND,0,12TH PASS,56,2210000,0
UTTAR PRADESH,ALIGARH,DEEPAK CHAUDHARY,PRAGATISHIL SAMAJWADI PARTY (LOHIA),1,GRADUATE,30,,
UTTAR PRADESH,ALIGARH,DILEEP SHARMA,PEACE PARTY,0,GRADUATE PROFESSIONAL,36,461000,0
UTTAR PRADESH,ALIGARH,MOHD. SHAKEEL (ADV.),LOK DAL,2,POST GRADUATE,46,1696000,0
UTTAR PRADESH,ALIGARH,SATISH CHANDRA SHARMA,AAP,0,LITERATE,48,102266526,0
UTTAR PRADESH,ALIGARH,SHAHEEN,IND,0,OTHERS,54,,
UTTAR PRADESH,ALIGARH,THAKUR MANOJ SINGH,RASHTRAVADI PARTY (BHARAT),0,10TH PASS,41,6050000,400000
UTTAR PRADESH,ALLAHABAD,RITA BAHUGUNA JOSHI,BJP,6,DOCTORATE,69,26919330,1600000
UTTAR PRADESH,ALLAHABAD,ABHIMANYU SINGH PATEL,PRAGATISHIL SAMAJWADI PARTY (LOHIA),0,GRADUATE PROFESSIONAL,43,6819643,24672
UTTAR PRADESH,ALLAHABAD,AJAY KUMAR,IND,0,GRADUATE,50,22346181,1958107
UTTAR PRADESH,ALLAHABAD,AJEET KUMAR PATEL,PRAGATISHEEL SAMAJ PARTY,0,12TH PASS,31,,
UTTAR PRADESH,ALLAHABAD,BHAWANI SINGH,AAP,0,ILLITERATE,46,2678730,0
UTTAR PRADESH,ALLAHABAD,GAYATRI PRASAD,BHARTIYA SHAKTI CHETNA PARTY,0,POST GRADUATE,0,18227000,104000
UTTAR PRADESH,ALLAHABAD,GIRDHAR GOPAL TRIPATHI,CPI,0,POST GRADUATE,77,,
UTTAR PRADESH,ALLAHABAD,OM GURU CHARANDAS,SANATAN SANSKRITI RAKSHA DAL,0,10TH PASS,49,246707,0
UTTAR PRADESH,ALLAHABAD,RABINDRA KUMAR SRIVASTAVA,IND,0,GRADUATE PROFESSIONAL,48,434127,0
UTTAR PRADESH,ALLAHABAD,RAM PAL,PARIVARTAN SAMAJ PARTY,0,10TH PASS,47,3238000,250000
UTTAR PRADESH,ALLAHABAD,SHIV DUTT SHUKLA,ANNADATA PARTY,0,12TH PASS,49,,
UTTAR PRADESH,ALLAHABAD,SHIV PRASAD,LOK GATHBANDHAN PARTY,0,12TH PASS,63,39331787,1562481
UTTAR PRADESH,ALLAHABAD,YOGESH SHUKLA,INC,1,12TH PASS,49,4200199,0
UTTAR PRADESH,AMBEDKAR NAGAR,RITESH PANDEY,BSP,1,GRADUATE,35,,
UTTAR PRADESH,AMBEDKAR NAGAR,ASHUTOSH,MOULIK ADHIKAR PARTY,0,POST GRADUATE,47,11817408,0
UTTAR PRADESH,AMBEDKAR NAGAR,AYODHYA,BHARAT PRABHAT PARTY,0,POST GRADUATE,38,2281000,0
UTTAR PRADESH,AMBEDKAR NAGAR,MASTRAM KORI,SWATANTRA JANTARAJ PARTY,0,12TH PASS,49,,
UTTAR PRADESH,AMBEDKAR NAGAR,MUKUT BIHARI,BJP,0,GRADUATE PROFESSIONAL,71,24116406,12848
UTTAR PRADESH,AMBEDKAR NAGAR,PARSHURAM PATEL,HINDUSTHAN NIRMAN DAL,4,POST GRADUATE,60,8716423,2933974
UTTAR PRADESH,AMBEDKAR NAGAR,PREMNATH NISHAD,PRAGATISHIL SAMAJWADI PARTY (LOHIA),0,GRADUATE,38,,
UTTAR PRADESH,AMBEDKAR NAGAR,RAKESH,SUHELDEV BHARTIYA SAMAJ PARTY,0,12TH PASS,36,2137783,0
UTTAR PRADESH,AMBEDKAR NAGAR,RAM SINGAR,VOTERS PARTY INTERNATIONAL,0,5TH PASS,54,605300,0
UTTAR PRADESH,AMBEDKAR NAGAR,SUSHILA DINKAR,BAHUJAN MUKTI PARTY,0,POST GRADUATE,56,6163500,0
UTTAR PRADESH,AMBEDKAR NAGAR,TAIGAR RAMNIHOR PATEL RATNASHAH,IND,0,8TH PASS,70,5351688,0
UTTAR PRADESH,AMETHI,SMRITI IRANI,BJP,0,12TH PASS,43,,
UTTAR PRADESH,AMETHI,AFAJAL VARIS,BAHUJAN MUKTI PARTY,1,8TH PASS,46,2257300,0
UTTAR PRADESH,AMETHI,BAS DEO MAURYA,CPI(ML) RED STAR,0,GRADUATE PROFESSIONAL,57,1975294,88910
UTTAR PRADESH,AMETHI,BHAGWANDEEN,IND,0,8TH PASS,57,,
UTTAR PRADESH,AMETHI,DHURV LAL,IND,0,8TH PASS,60,1755324,0
UTTAR PRADESH,AMETHI,DR. U.P. SHIVANANDA,IND,4,GRADUATE PROFESSIONAL,68,56021821,5150427
UTTAR PRADESH,AMETHI,DURGESH SINGH,BHARAT PRABHAT PARTY,2,GRADUATE,43,,
UTTAR PRADESH,AMETHI,GOPAL PRASAD,IND,1,12TH PASS,46,201577,0
UTTAR PRADESH,AMETHI,GOPAL SWAROOP GANDHI,KISAN MAJDOOR BEROJGAR SANGH,0,POST GRADUATE,56,2324000,0
UTTAR PRADESH,AMETHI,HEMANT KUMAR,IND,0,POST GRADUATE,52,5777986,0
UTTAR PRADESH,AMETHI,LAL BABU,IND,0,ILLITERATE,41,1370000,40000
UTTAR PRADESH,AMETHI,MO HASAN LAHARI,IND,1,8TH PASS,0,,
UTTAR PRADESH,AMETHI,NATHU RAM,JANVADI PARTY(SOCIALIST),0,12TH PASS,61,918000,0
UTTAR PRADESH,AMETHI,PANKAJ RAMKUMAR SINGH,AKHAND RASHTRAWADI PARTY,0,10TH PASS,32,2523000,0
UTTAR PRADESH,AMETHI,PREM SHANKAR,MOULIK ADHIKAR PARTY,0,10TH PASS,34,,
UTTAR PRADESH,AMETHI,RAHUL GANDHI,INC,6,POST GRADUATE,48,158877063,7201904
UTTAR PRADESH,AMETHI,RAM MILAN,RASHTRIYA APNA DAL,0,12TH PASS,50,2331893,17000
UTTAR PRADESH,AMETHI,RAMSIDH YADAV,MANAVTAWADI SAMAJ PARTY,0,GRADUATE,61,6155815,0
UTTAR PRADESH,AMETHI,SARITHA S NAIR,IND,34,OTHERS,40,4380000,1000000
UTTAR PRADESH,AMETHI,SHATRUNJAI SINGH,LOK GATHBANDHAN PARTY,0,GRADUATE PROFESSIONAL,46,,
UTTAR PRADESH,AMETHI,SHIV KUMAR,IND,0,8TH PASS,41,177000,0
UTTAR PRADESH,AMETHI,SHIV NANDAN SINGH,BHARATIYA SAMPURAN KRANTIKARI PARTY,0,GRADUATE,44,1999445,0
UTTAR PRADESH,AMETHI,SURESH KUMAR SHUKLA,IND,0,12TH PASS,54,2687092,0
UTTAR PRADESH,AMETHI,VIPIN YADAV,IND,0,GRADUATE,30,89000,0
UTTAR PRADESH,AMROHA,KUNWAR DANISH ALI,BSP,0,POST GRADUATE,43,,
UTTAR PRADESH,AMROHA,AKHTAR,IND,0,LITERATE,48,3300000,150000
UTTAR PRADESH,AMROHA,KANWAR SINGH TANWAR,BJP,0,8TH PASS,58,1821251171,10700504
UTTAR PRADESH,AMROHA,MATLOOB AHMAD,PRAGATISHIL SAMAJWADI PARTY (LOHIA),1,8TH PASS,43,6219412,0
UTTAR PRADESH,AMROHA,NARESH KUMAR,IND,0,POST GRADUATE,33,4200000,0
UTTAR PRADESH,AMROHA,RAJPAL SINGH,IND,0,LITERATE,44,,
UTTAR PRADESH,AMROHA,RAJPAL SINGH SAINI,JAN SHAKTI DAL,0,GRADUATE PROFESSIONAL,60,3110000,0
UTTAR PRADESH,AMROHA,ROBIN TYAGI,IND,0,10TH PASS,26,241000,0
UTTAR PRADESH,AMROHA,VIKAR AHMAD,IND,0,LITERATE,43,3215000,0
UTTAR PRADESH,AONLA,DHARMENDRA KUMAR,BJP,0,10TH PASS,50,21766502,3324300
UTTAR PRADESH,AONLA,DHARMENDRA,SHS,0,POST GRADUATE,36,763881,0
UTTAR PRADESH,AONLA,DINESH KUMAR,HINDUSTHAN NIRMAN DAL,0,12TH PASS,34,,
UTTAR PRADESH,AONLA,HEMENDRA PAL SINGH,IND,0,POST GRADUATE,39,713500,0
UTTAR PRADESH,AONLA,IRSHAD ALI ANSARI,VANCHITSAMAJ INSAAF PARTY,0,POST GRADUATE,40,2210000,0
UTTAR PRADESH,AONLA,KUNWAR SARVRAJ SINGH,INC,0,GRADUATE PROFESSIONAL,64,,
UTTAR PRADESH,AONLA,LAKSHMI,IND,0,12TH PASS,29,724100,0
UTTAR PRADESH,AONLA,MOHD ATEEQ,NATIONAL FIFTY FIFTY FRONT,0,GRADUATE,61,14289307,0
UTTAR PRADESH,AONLA,PRITI KASHYAP,RASHTRIYA MAZDOOR EKTA PARTY,0,ILLITERATE,27,2081000,0
UTTAR PRADESH,AONLA,RAM PHAL SHAKYA,BAHUJAN MUKTI PARTY,0,10TH PASS,67,3574800,0
UTTAR PRADESH,AONLA,RISHI PAL,JAN SHAKTI EKTA PARTY,0,10TH PASS,30,,
UTTAR PRADESH,AONLA,RUCHI VIRA,BSP,1,GRADUATE,57,241164456,2100000
UTTAR PRADESH,AONLA,SUNIL KUMAR,PRAGATISHIL SAMAJWADI PARTY (LOHIA),1,GRADUATE,35,5377315,0
UTTAR PRADESH,AZAMGARH,AKHILESH YADAV,SP,0,GRADUATE PROFESSIONAL,45,377859166,2853000
UTTAR PRADESH,AZAMGARH,ABHIMANYU SINGH SUNNY,SUHELDEV BHARTIYA SAMAJ PARTY,0,POST GRADUATE,28,446300,0
UTTAR PRADESH,AZAMGARH,ANIL SINGH,RASHTRIYA ULAMA COUNCIL,0,12TH PASS,41,,
UTTAR PRADESH,AZAMGARH,ARVIND KUMAR PANDEY,NAGRIK EKTA PARTY,0,POST GRADUATE,41,6681669,1032950
UTTAR PRADESH,AZAMGARH,BUDHI RAM,IND,0,GRADUATE,59,5855000,400000
UTTAR PRADESH,AZAMGARH,DINESH LAL YADAV NIRAHUA,BJP,1,12TH PASS,40,,
UTTAR PRADESH,AZAMGARH,DR. RAJEEV PANDEY,IND,0,POST GRADUATE,38,2493309,0
UTTAR PRADESH,AZAMGARH,EHSAN AHMAD,NAITIK PARTY,0,8TH PASS,38,725500,50000
UTTAR PRADESH,AZAMGARH,GORAKHRAM NISHAD,BAHUJAN UDAY MANCH,0,10TH PASS,55,2152000,65000
UTTAR PRADESH,AZAMGARH,MOHINDER KUMAR,SARVSHRESHTH DAL,0,12TH PASS,46,236613,0
UTTAR PRADESH,AZAMGARH,PAWAN SINGH SAMRAT,AAM JANTA PARTY (INDIA),0,GRADUATE,34,,
UTTAR PRADESH,AZAMGARH,PRAMOD TIWARI,JANHIT KISAN PARTY,0,8TH PASS,45,1240000,0
UTTAR PRADESH,AZAMGARH,RAJARAM GOND,IND,0,8TH PASS,64,2595000,0
UTTAR PRADESH,AZAMGARH,RAJIV TALWAR,IND,0,GRADUATE,43,,
BYE ELECTION ON 23-06-2022   : UTTAR PRADESH,AZAMGARH,"DINESH LAL YADAV ""NIRAHUA""",BJP,1,12TH PASS,43,76746563,2088413
BYE ELECTION ON 23-06-2022   : UTTAR PRADESH,AZAMGARH,AMARAWATI,AL-HIND PARTY,0,5TH PASS,39,40000,0
BYE ELECTION ON 23-06-2022   : UTTAR PRADESH,AZAMGARH,AMBRISH KUMAR VIJAITA,IND,0,POST GRADUATE,30,45000,0
BYE ELECTION ON 23-06-2022   : UTTAR PRADESH,AZAMGARH,DHARMENDRA YADAV,SP,3,POST GRADUATE,43,,
BYE ELECTION ON 23-06-2022   : UTTAR PRADESH,AZAMGARH,DHEERAJ SRIVASTAVA,PRAGATISHEEL SAMAJ PARTY,0,OTHERS,28,370000,0
BYE ELECTION ON 23-06-2022   : UTTAR PRADESH,AZAMGARH,JAYNATH CHAUHAN,JANTA KRANTI PARTY (RASHTRAVADI),0,GRADUATE,39,,
BYE ELECTION ON 23-06-2022   : UTTAR PRADESH,AZAMGARH,PANKAJ KUMAR YADAV,IND,0,POST GRADUATE,32,55954,0
BYE ELECTION ON 23-06-2022   : UTTAR PRADESH,AZAMGARH,RAJIV TALWAR,IND,0,GRADUATE,46,8950000,0
BYE ELECTION ON 23-06-2022   : UTTAR PRADESH,AZAMGARH,RAVINDRA NATH SHARMA,MOULIK ADHIKAR PARTY,0,12TH PASS,59,5564500,0
BYE ELECTION ON 23-06-2022   : UTTAR PRADESH,AZAMGARH,SARVAR ALI,SARVAR PARTY,0,GRADUATE,26,930330,0
BYE ELECTION ON 23-06-2022   : UTTAR PRADESH,AZAMGARH,SHAH ALAM ALIAS GUDDU JAMALI,BSP,1,POST GRADUATE,49,,
BYE ELECTION ON 23-06-2022   : UTTAR PRADESH,AZAMGARH,VIRENDRA KUMAR NISHAD,IND,0,8TH PASS,51,435000,0
UTTAR PRADESH,BADAUN,SANGH MITRA MAURYA,BJP,2,GRADUATE PROFESSIONAL,34,40372093,0
UTTAR PRADESH,BADAUN,ATUL KUMAR,IND,0,GRADUATE,46,18330769,1038000
UTTAR PRADESH,BADAUN,DHARMENDRA YADAV,SP,3,POST GRADUATE,40,118688322,26510293
UTTAR PRADESH,BADAUN,HARI SINGH,IND,0,12TH PASS,64,,
UTTAR PRADESH,BADAUN,KAILASH KUMAR MISHRA,AIFB,0,GRADUATE,0,5234088,22000
UTTAR PRADESH,BADAUN,KIRPA SHANKAR SHAKYA,IND,0,NOT GIVEN,39,1734000,50000
UTTAR PRADESH,BADAUN,MAHESH SHRIWASTAV,KALYANKARI JANTANTRIK PARTY,0,10TH PASS,44,,
UTTAR PRADESH,BADAUN,SALEEM IQWAL SHERVANI,INC,5,GRADUATE,66,763872000,5000000
UTTAR PRADESH,BAGHPAT,DR. SATYAPAL SINGH,BJP,1,DOCTORATE,63,78195793,0
UTTAR PRADESH,BAGHPAT,CHAUDHARY MOHKAM,PRAGATISHIL SAMAJWADI PARTY (LOHIA),2,10TH PASS,56,66000,0
UTTAR PRADESH,BAGHPAT,DAVENDER,AAPKI APNI PARTY (PEOPLES),0,10TH PASS,38,1264900,550000
UTTAR PRADESH,BAGHPAT,DR. SALEEM AHMAD,SABSE ACHCHHI PARTY,1,GRADUATE,59,,
UTTAR PRADESH,BAGHPAT,ISTAKAR ALI,NATIONAL LOKMAT PARTY,0,8TH PASS,45,1111500,0
UTTAR PRADESH,BAGHPAT,JAFAR,IND,0,5TH PASS,51,,
UTTAR PRADESH,BAGHPAT,JAYANT CHAUDHARY,RLD,0,POST GRADUATE,40,275023812,29242618
UTTAR PRADESH,BAGHPAT,MANOJ RANA,AKHIL BHARTIYA LOK DAL,0,10TH PASS,48,16475000,70000
UTTAR PRADESH,BAGHPAT,RAMKUMAR,SARVJAN LOK SHAKTI PARTY,0,8TH PASS,63,1066000,0
UTTAR PRADESH,BAGHPAT,RUBY KASHYAP,HINDUSTHAN NIRMAN DAL,0,GRADUATE,32,2860000,200000
UTTAR PRADESH,BAGHPAT,SUBHASH,IND,0,LITERATE,44,,
UTTAR PRADESH,BAGHPAT,UTTAR KUMAR JINDAL,BHARTIYA NAUJAWAN INKLAV PARTY,0,GRADUATE,66,15468070,0
UTTAR PRADESH,BAHRAICH,AKSHAYABAR LAL,BJP,0,10TH PASS,73,45691463,3028133
UTTAR PRADESH,BAHRAICH,GUR PRASAD,IND,0,10TH PASS,69,1521000,100000
UTTAR PRADESH,BAHRAICH,JAGDISH KUMAR SINGH,PRAGATISHIL SAMAJWADI PARTY (LOHIA),0,POST GRADUATE,53,,
UTTAR PRADESH,BAHRAICH,JANARDAN GOND,IND,0,12TH PASS,46,5035964,0
UTTAR PRADESH,BAHRAICH,MOJILAL,RASHTRIYA JANADHIKAR PARTY,0,8TH PASS,44,886000,0
UTTAR PRADESH,BAHRAICH,RAM SAGAR,RASHTRIYA KRANTI PARTY,1,LITERATE,47,,
UTTAR PRADESH,BAHRAICH,RINKU SAHANI,SHS,0,GRADUATE,25,25000,0
UTTAR PRADESH,BAHRAICH,SAVITRI BAI PHOOLE,INC,7,GRADUATE,38,3046772,0
UTTAR PRADESH,BAHRAICH,SHIVNANDAN,IND,0,GRADUATE PROFESSIONAL,52,4610000,0
UTTAR PRADESH,BALLIA,VIRENDRA SINGH,BJP,2,GRADUATE,62,24498319,0
UTTAR PRADESH,BALLIA,ARVIND,BHARTIYA JAN NAYAK PARTY,1,12TH PASS,60,504000,0
UTTAR PRADESH,BALLIA,GOPAL RAM KHARWAR,GONDVANA GANTANTRA PARTY,0,12TH PASS,62,1112644,0
UTTAR PRADESH,BALLIA,JANMEJAY KUMAR PRAJAPATI,BHARATIYA SAMTA SAMAJ PARTY,0,OTHERS,26,,
UTTAR PRADESH,BALLIA,MAJOR RAMESH CHANDRA UPADHYAY,AKHIL BHARAT HINDU MAHASABHA,1,OTHERS,67,931000,0
UTTAR PRADESH,BALLIA,OM PRAKASH PANDEY,IND,0,GRADUATE PROFESSIONAL,28,290707,0
UTTAR PRADESH,BALLIA,SANATAN PANDEY,SP,5,OTHERS,56,,
UTTAR PRADESH,BALLIA,SEEMA CHAUHAN,JANTA KRANTI PARTY (RASHTRAVADI),0,GRADUATE,30,1634000,0
UTTAR PRADESH,BALLIA,UDAY PRAKASH,JANTA RAJ PARTY,0,POST GRADUATE,42,50000,0
UTTAR PRADESH,BANDA,R.K. SINGH PATEL,BJP,2,GRADUATE,59,55794086,0
UTTAR PRADESH,BANDA,BALKUMAR PATEL,INC,8,12TH PASS,59,43232650,13868284
UTTAR PRADESH,BANDA,CHHOTELAL,PRAGATISHIL SAMAJWADI PARTY (LOHIA),0,12TH PASS,37,2995889,0
UTTAR PRADESH,BANDA,MAHENDRA,CPI,0,GRADUATE,56,,
UTTAR PRADESH,BANDA,MEERA DEVI,SWATANTRA JANTARAJ PARTY,0,GRADUATE,26,80000,0
UTTAR PRADESH,BANDA,RAMPRATAP,IND,0,GRADUATE PROFESSIONAL,45,,
UTTAR PRADESH,BANDA,SHIRAZ RAHAT KHAN,AMBEDKAR SAMAJ PARTY,0,GRADUATE,44,7653989,0
UTTAR PRADESH,BANDA,SHYAMA CHARAN GUPTA,SP,0,GRADUATE PROFESSIONAL,74,655645059,0
UTTAR PRADESH,BANSGAON,KAMLESH PASWAN,BJP,5,GRADUATE,42,171706883,6049264
UTTAR PRADESH,BANSGAON,LALCHAND PRASAD,RASHTRIYA JANSHAKTI PARTY (SECULAR),0,DOCTORATE,49,1294635,0
UTTAR PRADESH,BANSGAON,SADAL PRASAD,BSP,0,POST GRADUATE,62,,
UTTAR PRADESH,BANSGAON,SURENDRA PRASAD,PRAGATISHIL SAMAJWADI PARTY (LOHIA),0,8TH PASS,33,130000,0
UTTAR PRADESH,BARABANKI,UPENDRA SINGH RAWAT,BJP,1,POST GRADUATE,51,,
UTTAR PRADESH,BARABANKI,ASHA DEVI,LOK DAL,0,8TH PASS,33,105000,50000
UTTAR PRADESH,BARABANKI,FOOL DULARI,SAMDARSHI SAMAJ PARTY,0,ILLITERATE,39,5634959,0
UTTAR PRADESH,BARABANKI,KALPANA RAWAT,BHARAT PRABHAT PARTY,0,GRADUATE PROFESSIONAL,32,,
UTTAR PRADESH,BARABANKI,KISHAN LAL,IND,0,5TH PASS,42,6216451,0
UTTAR PRADESH,BARABANKI,MANJU DEVI,IND,0,LITERATE,32,160000,0
UTTAR PRADESH,BARABANKI,MOLHEY RAM RAWAT,IND,0,10TH PASS,77,,
UTTAR PRADESH,BARABANKI,OMKAR,BAHUJAN MUKTI PARTY,0,10TH PASS,33,1280000,0
UTTAR PRADESH,BARABANKI,RAM SAGAR RAWAT,SP,5,10TH PASS,68,10294367,127553
UTTAR PRADESH,BARABANKI,TANUJ PUNIA,INC,0,GRADUATE PROFESSIONAL,34,12572577,27052
UTTAR PRADESH,BARABANKI,TARAWATI,AWAMI SAMTA PARTY,0,5TH PASS,50,968500,610000
UTTAR PRADESH,BARABANKI,VINOD KUMAR,AAM JANTA PARTY (INDIA),0,8TH PASS,36,3176312,0
UTTAR PRADESH,BAREILLY,SANTOSH KUMAR GANGWAR,BJP,0,GRADUATE PROFESSIONAL,70,,
UTTAR PRADESH,BAREILLY,BHAGWAT SARAN GANGWAR,SP,2,12TH PASS,63,31857876,0
UTTAR PRADESH,BAREILLY,JAGPAL,AKHAND SAMAJ PARTY,0,8TH PASS,41,1406083,0
UTTAR PRADESH,BAREILLY,JAVED KHAN,IND,4,LITERATE,35,,
UTTAR PRADESH,BAREILLY,LAEEK AHMAD MANSOORI,NAITIK PARTY,0,LITERATE,52,444925,0
UTTAR PRADESH,BAREILLY,MANOJ VIKAT,BAHUJAN NYAY DAL,1,12TH PASS,45,121000,0
UTTAR PRADESH,BAREILLY,NITIN MOHAN,IND,0,POST GRADUATE,40,,
UTTAR PRADESH,BAREILLY,PRAVEEN SINGH ARON,INC,1,GRADUATE PROFESSIONAL,61,1477686028,46548771
UTTAR PRADESH,BAREILLY,RABIYA AKHTAR,KHUSRO SENA PARTY,1,LITERATE,40,7735000,0
UTTAR PRADESH,BAREILLY,RAKESH AGARWAL ADVOCATE,IND,0,POST GRADUATE,61,81035000,0
UTTAR PRADESH,BAREILLY,SAMAN TAHIR,PRAGATISHIL SAMAJWADI PARTY (LOHIA),0,POST GRADUATE,26,4382566,0
UTTAR PRADESH,BAREILLY,SATISH KUMAR,CPI,0,GRADUATE,41,7376969,0
UTTAR PRADESH,BAREILLY,SYED RASHID ALI,IND,0,POST GRADUATE,41,10118000,0
UTTAR PRADESH,BAREILLY,USHA AGARWAL,IND,0,POST GRADUATE,64,,
UTTAR PRADESH,BAREILLY,YATENDRA SINGH,BAHUJAN SAMYAK PARTY (MISSION),0,LITERATE,50,19586551,1174000
UTTAR PRADESH,BASTI,HARISH CHANDRA ALIAS HARISH DWIVEDI,BJP,5,POST GRADUATE,45,,
UTTAR PRADESH,BASTI,BHAGWANDAS,IND,0,8TH PASS,51,1815569,0
UTTAR PRADESH,BASTI,CHANDRA MANI PANDEY,IND,0,POST GRADUATE,39,15077000,0
UTTAR PRADESH,BASTI,PANKAJ DUBEY,LOK GATHBANDHAN PARTY,0,POST GRADUATE,36,1538839,500000
UTTAR PRADESH,BASTI,PRAMOD SHUKLA,"RASHTRAWADI PARTY OF INDIA,",1,8TH PASS,38,72000,0
UTTAR PRADESH,BASTI,RAJ KISHOR SINGH,INC,0,GRADUATE,50,,
UTTAR PRADESH,BASTI,RAM PRASAD CHAUDHARY,BSP,3,OTHERS,65,66059943,1166159
UTTAR PRADESH,BASTI,RAM PRASAD CHAURASIYA,JANHIT KISAN PARTY,0,GRADUATE PROFESSIONAL,49,5360601,0
UTTAR PRADESH,BASTI,ROHIT KUMAR PATHAK,HINDUSTHAN NIRMAN DAL,1,12TH PASS,25,6291133,0
UTTAR PRADESH,BASTI,VINOD KUMAR RAJBHAR,SUHELDEV BHARTIYA SAMAJ PARTY,0,12TH PASS,42,2026650,0
UTTAR PRADESH,BHADOHI,RAMESH CHAND,BJP,6,10TH PASS,44,,
UTTAR PRADESH,BHADOHI,AKHILESH,NCP,0,DOCTORATE,51,1232900,270000
UTTAR PRADESH,BHADOHI,DR RAJESH KUMAR VERMA,PEOPLES PARTY OF INDIA (DEMOCRATIC),0,DOCTORATE,51,13698354,8192500
UTTAR PRADESH,BHADOHI,KULDEEP,IND,0,POST GRADUATE,31,,
UTTAR PRADESH,BHADOHI,RAM SAKHA,IND,0,GRADUATE,60,27151000,104000
UTTAR PRADESH,BHADOHI,RAMAKANT,INC,2,10TH PASS,59,82444969,0
UTTAR PRADESH,BHADOHI,RANGNATH MISHRA,BSP,5,GRADUATE,59,124899017,54880849
UTTAR PRADESH,BHADOHI,SAIYYAD MOHAMMAD ARIF,IND,0,8TH PASS,45,10660000,0
UTTAR PRADESH,BHADOHI,SATISH BAHADUR,IND,0,12TH PASS,48,140532,0
UTTAR PRADESH,BHADOHI,SUSHIL,IND,2,12TH PASS,38,61208,0
UTTAR PRADESH,BHADOHI,VINOD,HINDUSTHAN NIRMAN DAL,0,POST GRADUATE,42,,
UTTAR PRADESH,BIJNOR,MALOOK NAGAR,BSP,7,GRADUATE,53,2499628021,1016148176
UTTAR PRADESH,BIJNOR,ANSHU CHAITANYA MAHARAJ,HINDUSTHAN NIRMAN DAL,0,12TH PASS,31,8147499,0
UTTAR PRADESH,BIJNOR,BABLOO RAM,BHARATIYA SARVODAYA KRANTI PARTY,0,10TH PASS,47,1170000,0
UTTAR PRADESH,BIJNOR,ILAM SINGH,PRAGATISHIL SAMAJWADI PARTY (LOHIA),1,12TH PASS,64,,
UTTAR PRADESH,BIJNOR,MAHAK SINGH,IND,0,GRADUATE,64,5135575,250000
UTTAR PRADESH,BIJNOR,MANGERAM,PEOPLES PARTY OF INDIA (DEMOCRATIC),0,12TH PASS,57,,
UTTAR PRADESH,BIJNOR,MOHAMMAD ZAHID,IND,0,GRADUATE,29,1564215,0
UTTAR PRADESH,BIJNOR,MUKESH KUMAR,AIFB,0,8TH PASS,43,2880000,0
UTTAR PRADESH,BIJNOR,PARVEJ AQIL,ALL INDIA MINORITIES FRONT,0,GRADUATE,47,104992,0
UTTAR PRADESH,BIJNOR,RAJA BHARTENDRA SINGH,BJP,3,GRADUATE,55,49867061,0
UTTAR PRADESH,BIJNOR,RAJIV CHOUDHARY,BHARTIYA KISAN PARTY,0,12TH PASS,45,,
UTTAR PRADESH,BIJNOR,SONU,JANSATTA PARTY,0,8TH PASS,34,130000,0
UTTAR PRADESH,BULANDSHAHR,BHOLA SINGH,BJP,1,GRADUATE,42,18728861,0
UTTAR PRADESH,BULANDSHAHR,BANSHI SINGH,INC,3,10TH PASS,58,13324200,360000
UTTAR PRADESH,BULANDSHAHR,MANOJ KUMAR SINGH,IND,0,GRADUATE,30,,
UTTAR PRADESH,BULANDSHAHR,PRAMOD KUMAR,RASHTRIYA SAMAJ PAKSHA,0,GRADUATE,49,11102000,0
UTTAR PRADESH,BULANDSHAHR,RADHIKA DEVI,IND,0,DOCTORATE,43,18337750,8830049
UTTAR PRADESH,BULANDSHAHR,REENA DEVI,NATIONAL BHRASHTACHAR MUKT PARTY,0,8TH PASS,32,,
UTTAR PRADESH,BULANDSHAHR,SATISH,BHARATIYA BAHUJAN PARIVARTAN PARTY,0,NOT GIVEN,47,590000,0
UTTAR PRADESH,BULANDSHAHR,VINAY KUMAR,AAPKI APNI PARTY (PEOPLES),0,GRADUATE PROFESSIONAL,37,1365000,560300
UTTAR PRADESH,CHANDAULI,DR. MAHENDRA NATH PANDEY,BJP,0,DOCTORATE,62,,
UTTAR PRADESH,CHANDAULI,ARJUN PANDEY,ATULYA BHARAT PARTY,0,POST GRADUATE,66,255000,38000
UTTAR PRADESH,CHANDAULI,BYASMUNI,KANSHIRAM BAHUJAN DAL,0,POST GRADUATE,35,194939,0
UTTAR PRADESH,CHANDAULI,JANGBAHADUR,BHARTIYA MANAV SAMAJ PARTY,0,12TH PASS,31,10694000,0
UTTAR PRADESH,CHANDAULI,KRISHNA PRATAP SINGH,SAMAGRA UTTHAN PARTY,0,POST GRADUATE,47,6803000,104000
UTTAR PRADESH,CHANDAULI,LIYAKAT ALI,IND,0,GRADUATE PROFESSIONAL,68,,
UTTAR PRADESH,CHANDAULI,MAHENDER YADAV,PRAGATISHEEL MANAV SAMAJ PARTY,0,GRADUATE PROFESSIONAL,63,1810000,0
UTTAR PRADESH,CHANDAULI,MAHENDRA PRATAP SINGH,AL-HIND PARTY,0,12TH PASS,67,5008000,0
UTTAR PRADESH,CHANDAULI,RAMGOVIND,SUHELDEV BHARTIYA SAMAJ PARTY,0,GRADUATE PROFESSIONAL,32,197703,9917
UTTAR PRADESH,CHANDAULI,SANJAY SINGH CHAUHAN,SP,2,POST GRADUATE,43,4015011,369000
UTTAR PRADESH,CHANDAULI,SHIV KANYA KUSHWAHA,JAN ADHIKAR PARTY,2,5TH PASS,52,,
UTTAR PRADESH,CHANDAULI,SHIVRATRI,PRITHVIRAJ JANSHAKTI PARTY,0,5TH PASS,67,490000,0
UTTAR PRADESH,DEORIA,RAMAPATI RAM TRIPATHI,BJP,1,GRADUATE PROFESSIONAL,69,29451678,9310684
UTTAR PRADESH,DEORIA,BIRJA,PEACE PARTY,0,LITERATE,46,1240000,0
UTTAR PRADESH,DEORIA,BRIJENDRA MANI TRIPATHI,IND,1,GRADUATE,51,8367500,0
UTTAR PRADESH,DEORIA,CHANDAN KUMAR YADAV,RASHTRIYA ULAMA COUNCIL,2,GRADUATE,31,,
UTTAR PRADESH,DEORIA,ISRAR AHAMAD,BHARATIYA AAVAAM EKTA PARTY,0,GRADUATE,45,5762743,0
UTTAR PRADESH,DEORIA,JITENDRA,SUHELDEV BHARTIYA SAMAJ PARTY,0,LITERATE,43,10545500,0
UTTAR PRADESH,DEORIA,MANOJ KUMAR MISHRA,MANUVADI PARTY,0,GRADUATE,45,,
UTTAR PRADESH,DEORIA,ONKAR SINGH,SAMAJWADI SAMAJ PARTY,0,POST GRADUATE,43,59793984,1500000
UTTAR PRADESH,DHAURAHRA,REKHA VERMA,BJP,3,12TH PASS,45,24735488,7095916
UTTAR PRADESH,DHAURAHRA,ANIL KUMAR,BAHUJAN AWAM PARTY,0,POST GRADUATE,48,1767409,0
UTTAR PRADESH,DHAURAHRA,ARSHAD ILIYAS SIDDIQUI,BSP,7,10TH PASS,63,524986176,176677024
UTTAR PRADESH,DHAURAHRA,BALJEET KAUR,HINDUSTHAN NIRMAN DAL,0,LITERATE,33,,
UTTAR PRADESH,DHAURAHRA,KUNWAR JITIN PRASADA,INC,0,POST GRADUATE,42,121801005,0
UTTAR PRADESH,DHAURAHRA,MALKHAN SINGH RAJPOOT,PRAGATISHIL SAMAJWADI PARTY (LOHIA),0,5TH PASS,76,11450000,0
UTTAR PRADESH,DHAURAHRA,MUKESH KUMAR,SHS,0,12TH PASS,59,,
UTTAR PRADESH,DHAURAHRA,REETU VERMA,IND,1,GRADUATE,41,8210000,0
UTTAR PRADESH,DOMARIYAGANJ,JAGDAMBIKA PAL,BJP,3,POST GRADUATE,68,103366710,2838478
UTTAR PRADESH,DOMARIYAGANJ,AFTAB ALAM,BSP,3,GRADUATE,37,63242772,19391778
UTTAR PRADESH,DOMARIYAGANJ,ARJUN SINGH LODHI,BAHUJAN MUKTI PARTY,0,POST GRADUATE,50,5236000,0
UTTAR PRADESH,DOMARIYAGANJ,BRIJESH KUMAR,JANHIT KISAN PARTY,0,LITERATE,46,,
UTTAR PRADESH,DOMARIYAGANJ,CHANDRASH,INC,0,POST GRADUATE,37,64076173,24438446
UTTAR PRADESH,DOMARIYAGANJ,KESHARI NANDAN,SABKA DAL UNITED,0,8TH PASS,35,,
UTTAR PRADESH,DOMARIYAGANJ,KESHAV,SUHELDEV BHARTIYA SAMAJ PARTY,0,8TH PASS,36,2893000,600000
UTTAR PRADESH,DOMARIYAGANJ,SANJAY KUMAR CHAUHAN,NAGRIK EKTA PARTY,0,GRADUATE,44,273900,389500
UTTAR PRADESH,ETAH,RAJVEER SINGH,BJP,0,GRADUATE PROFESSIONAL,58,383629735,100220000
UTTAR PRADESH,ETAH,ANAND PRAKASH SINGH RAJPUT,RASHTRIYA BACKWARD PARTY,0,POST GRADUATE,54,7723000,0
UTTAR PRADESH,ETAH,ANUJ KUMAR,SUBHASHWADI BHARTIYA SAMAJWADI PARTY (SUBHAS,0,POST GRADUATE,34,94000,0
UTTAR PRADESH,ETAH,ASHOK KUMAR,IND,2,GRADUATE,55,,
UTTAR PRADESH,ETAH,ATAR SINGH,RASHTRIYA SHOSHIT SAMAJ PARTY,0,POST GRADUATE,59,7891600,445000
UTTAR PRADESH,ETAH,BHARAT SINGH,RASHTRIYA KRANTI PARTY,1,GRADUATE,58,1550000,190000
UTTAR PRADESH,ETAH,HARIOM,IND,0,12TH PASS,47,,
UTTAR PRADESH,ETAH,INDRAPAL,RASHTRIYA SURYA PRAKASH PARTY,0,LITERATE,56,1102500,0
UTTAR PRADESH,ETAH,KU. DEVENDRA SINGH YADAV,SP,0,DOCTORATE,70,2046415655,53156203
UTTAR PRADESH,ETAH,PARVATI NANDAN,RASHTRIYA BHARATIYA JAN JAN PARTY,0,POST GRADUATE,53,7020269,0
UTTAR PRADESH,ETAH,RASHMI YADAV,PRAGATISHIL SAMAJWADI PARTY (LOHIA),0,DOCTORATE,45,,
UTTAR PRADESH,ETAH,SATENDRA KUMAR PANDA,IND,0,12TH PASS,65,20993298,3218593
UTTAR PRADESH,ETAH,SURAJ SINGH,JAN ADHIKAR PARTY,0,POST GRADUATE,77,13594065,103328
UTTAR PRADESH,ETAWAH,DR RAM SHANKAR KATHERIA,BJP,12,DOCTORATE,54,,
UTTAR PRADESH,ETAWAH,AJAY KUMAR,BHARTIYA JAN NAYAK PARTY,2,POST GRADUATE,35,4205000,0
UTTAR PRADESH,ETAWAH,AKSHASH KRISHNA,PICHHRA SAMAJ PARTY,0,GRADUATE,30,343500,0
UTTAR PRADESH,ETAWAH,ARTI DEVI,MAHASANKALP JANTA PARTY,0,12TH PASS,29,,
UTTAR PRADESH,ETAWAH,ASHOK KUMAR DOHARE,INC,0,GRADUATE,45,24398780,1900000
UTTAR PRADESH,ETAWAH,DALVEER SINGH,IND,0,GRADUATE,26,111321,33000
UTTAR PRADESH,ETAWAH,KAMLESH KUMAR,SP,0,GRADUATE,35,11207526,2190246
UTTAR PRADESH,ETAWAH,LALTA PRASAD,VOTERS PARTY INTERNATIONAL,0,5TH PASS,54,3546200,40000
UTTAR PRADESH,ETAWAH,SANJAY KUMAR,IND,0,GRADUATE PROFESSIONAL,46,4364623,0
UTTAR PRADESH,ETAWAH,SHAMBHU DAYAL,PRAGATISHIL SAMAJWADI PARTY (LOHIA),2,GRADUATE,61,42060422,9949035
UTTAR PRADESH,ETAWAH,SITA,BHARTIYA SHAKTI CHETNA PARTY,0,5TH PASS,0,,
UTTAR PRADESH,FAIZABAD,LALLU SINGH,BJP,1,POST GRADUATE,64,,
UTTAR PRADESH,FAIZABAD,ANAND SEN,SP,8,12TH PASS,55,43920899,1560431
UTTAR PRADESH,FAIZABAD,ASHA DEVI,LOK DAL,0,12TH PASS,25,67265,0
UTTAR PRADESH,FAIZABAD,KAMLESH TIWARI,IND,8,GRADUATE,43,,
UTTAR PRADESH,FAIZABAD,KANCHAN YADAV,MOULIK ADHIKAR PARTY,0,POST GRADUATE,34,3474829,1200000
UTTAR PRADESH,FAIZABAD,LAL MANI TRIPATHI (BHAI SAHAB),IND,0,POST GRADUATE,55,8741915,0
UTTAR PRADESH,FAIZABAD,MAHESH TIWARI,SHS,0,POST GRADUATE,46,21813345,1534016
UTTAR PRADESH,FAIZABAD,MANOJ KUMAR MISHRA,IND,0,12TH PASS,28,1575000,0
UTTAR PRADESH,FAIZABAD,RAJBAHADUR URF RAJAN PANDEY,IND,0,12TH PASS,45,28366730,500000
UTTAR PRADESH,FAIZABAD,SHARAD KUMAR,IND,0,GRADUATE,34,788716,0
UTTAR PRADESH,FAIZABAD,SHER AFGAN,BHARAT PRABHAT PARTY,0,10TH PASS,44,,
UTTAR PRADESH,FAIZABAD,VIJAY SHANKAR PANDEY,LOK GATHBANDHAN PARTY,0,POST GRADUATE,62,15509419,2400000
UTTAR PRADESH,FARRUKHABAD,MUKESH RAJPUT,BJP,0,GRADUATE,50,,
UTTAR PRADESH,FARRUKHABAD,LUXMAN,SHS,2,GRADUATE PROFESSIONAL,58,2512801,0
UTTAR PRADESH,FARRUKHABAD,MANOJ AGARWAL,BSP,2,GRADUATE,54,547843588,174106490
UTTAR PRADESH,FARRUKHABAD,RAHUL KUMAR,IND,0,POST GRADUATE,29,613256,0
UTTAR PRADESH,FARRUKHABAD,SALMAN KHURSHID,INC,1,POST GRADUATE,66,384280845,0
UTTAR PRADESH,FARRUKHABAD,SANJAY KUMAR,IND,0,10TH PASS,47,,
UTTAR PRADESH,FARRUKHABAD,SHREE KRISHAN,MAZDOOR DALIT KISAAN MAHILA GAREEB PARTY (HIN,0,12TH PASS,56,23595341,0
UTTAR PRADESH,FARRUKHABAD,UDAY PAL SINGH,PRAGATISHIL SAMAJWADI PARTY (LOHIA),10,GRADUATE,42,12175857,320000
UTTAR PRADESH,FATEHPUR,SADHVI NIRANJAN JYOTI,BJP,0,12TH PASS,52,,
UTTAR PRADESH,FATEHPUR,ASHOK KUMAR,JANHIT BHARAT PARTY,0,12TH PASS,56,3273573,0
UTTAR PRADESH,FATEHPUR,BENI PRASAD,IND,0,GRADUATE,61,300000,0
UTTAR PRADESH,FATEHPUR,JUBER AHMAD,IND,0,12TH PASS,44,,
UTTAR PRADESH,FATEHPUR,KAMTA PRASAD,IND,0,12TH PASS,36,238000,0
UTTAR PRADESH,FATEHPUR,MAHESH CHANDRA SAHU,PRAGATISHIL SAMAJWADI PARTY (LOHIA),0,GRADUATE,42,30086078,11191125
UTTAR PRADESH,FATEHPUR,RAJKUMAR,VIKAS INSAF PARTY,0,GRADUATE,40,,
UTTAR PRADESH,FATEHPUR,RAKESH SACHAN,INC,8,POST GRADUATE,63,350670770,67794880
UTTAR PRADESH,FATEHPUR,RAM KUMAR,PEOPLES PARTY OF INDIA (DEMOCRATIC),0,GRADUATE,68,3586000,387000
UTTAR PRADESH,FATEHPUR,SUKHDEV PRASAD,BSP,0,8TH PASS,62,74544921,4500729
UTTAR PRADESH,FATEHPUR SIKRI,RAJKUMAR CHAHAR,BJP,3,GRADUATE,52,,
UTTAR PRADESH,FATEHPUR SIKRI,ANIL KUMAR KUSHWAHA,IND,0,GRADUATE,37,4693000,0
UTTAR PRADESH,FATEHPUR SIKRI,ARTI SHARMA,IND,0,12TH PASS,36,803000,0
UTTAR PRADESH,FATEHPUR SIKRI,MANISHA SINGH,PRAGATISHIL SAMAJWADI PARTY (LOHIA),0,12TH PASS,44,,
UTTAR PRADESH,FATEHPUR SIKRI,NARESH KUMAR,IND,0,NOT GIVEN,38,30000,0
UTTAR PRADESH,FATEHPUR SIKRI,NAWAB GUL CHAMAN SHERWANI,VANCHITSAMAJ INSAAF PARTY,1,8TH PASS,36,37255,0
UTTAR PRADESH,FATEHPUR SIKRI,PASTAR THOMSAN MASSY,IND,0,8TH PASS,43,,
UTTAR PRADESH,FATEHPUR SIKRI,PURUSHOTTAM DAS (FAUZI BHAI),IND,0,GRADUATE,59,3951427,0
UTTAR PRADESH,FATEHPUR SIKRI,RAJ BABBAR,INC,4,GRADUATE,68,182861705,12294927
UTTAR PRADESH,FATEHPUR SIKRI,RAM BAHORI,IND,0,5TH PASS,49,5387104,0
UTTAR PRADESH,FATEHPUR SIKRI,SADAB NOOR,ADARSH SAMAJ PARTY,0,NOT GIVEN,32,20000,0
UTTAR PRADESH,FATEHPUR SIKRI,SARVESH KUMAR,BHARATIYA MAJDOOR JANTA PARTY,0,GRADUATE PROFESSIONAL,29,,
UTTAR PRADESH,FATEHPUR SIKRI,SATENDAR,AAM JANTA PARTY (INDIA),0,POST GRADUATE,28,69000,0
UTTAR PRADESH,FATEHPUR SIKRI,SHREEBHAGWAN SHARMA,BSP,6,10TH PASS,44,13718806,0
UTTAR PRADESH,FATEHPUR SIKRI,VIJAY SINGH BAGHEL,RASHTRIYA SHOSHIT SAMAJ PARTY,0,12TH PASS,67,,
UTTAR PRADESH,FIROZABAD,DR. CHANDRA SEN JADON,BJP,0,GRADUATE PROFESSIONAL,68,,
UTTAR PRADESH,FIROZABAD,AKSHAY YADAV,SP,0,GRADUATE PROFESSIONAL,32,321157801,50358593
UTTAR PRADESH,FIROZABAD,CHAUDHARY BASHEER,IND,10,8TH PASS,42,27548145,1654024
UTTAR PRADESH,FIROZABAD,RAJVEER,IND,0,10TH PASS,47,175385,0
UTTAR PRADESH,FIROZABAD,SHIVPAL SINGH YADAV,PRAGATISHIL SAMAJWADI PARTY (LOHIA),0,GRADUATE PROFESSIONAL,64,99833148,12918796
UTTAR PRADESH,FIROZABAD,UPENDRA SINGH RAJPUT,BHARATIYA KISAN PARIVARTAN PARTY,0,GRADUATE PROFESSIONAL,0,,
UTTAR PRADESH,GAUTAM BUDDHA NAGAR,DR. MAHESH SHARMA,BJP,0,GRADUATE PROFESSIONAL,59,478759568,43863749
UTTAR PRADESH,GAUTAM BUDDHA NAGAR,ASHOK KUMAR ADHANA,IND,0,10TH PASS,37,4400000,42735
UTTAR PRADESH,GAUTAM BUDDHA NAGAR,DAYARAM,AAPKI APNI PARTY (PEOPLES),0,10TH PASS,42,106300,21400
UTTAR PRADESH,GAUTAM BUDDHA NAGAR,DR. ARVIND KUMAR SINGH,INC,0,DOCTORATE,30,,
UTTAR PRADESH,GAUTAM BUDDHA NAGAR,JAGDEEP SINGH,LOKTANTRIK JANSHAKTI PARTY,0,GRADUATE PROFESSIONAL,38,3850000,0
UTTAR PRADESH,GAUTAM BUDDHA NAGAR,JITENDRA SINGH,PRAGATISHIL SAMAJWADI PARTY (LOHIA),1,12TH PASS,48,,
UTTAR PRADESH,GAUTAM BUDDHA NAGAR,RAGHUVENDRA KUMAR,SUBHASHWADI BHARTIYA SAMAJWADI PARTY,0,POST GRADUATE,48,4768026,3200000
UTTAR PRADESH,GAUTAM BUDDHA NAGAR,RAMPAL,RASHTRIYA SAMAJ PAKSHA,0,POST GRADUATE,34,774000,0
UTTAR PRADESH,GAUTAM BUDDHA NAGAR,SATVEER,BSP,1,8TH PASS,42,53581678,7070674
UTTAR PRADESH,GAUTAM BUDDHA NAGAR,SHER SINGH UPADDHAYA,RASHTRIYA JANTA PARTY,0,8TH PASS,51,1651000,0
UTTAR PRADESH,GAUTAM BUDDHA NAGAR,VINOD KUMAR NAGAR,RASHTRIYA BHARATIYA JAN JAN PARTY,1,POST GRADUATE,38,,
UTTAR PRADESH,GAUTAM BUDDHA NAGAR,VINOD SHARMA,ALL INDIAN RAJIV CONGRESS PARTY,0,12TH PASS,46,4683847,0
UTTAR PRADESH,GHAZIABAD,VIJAY KUMAR SINGH,BJP,2,DOCTORATE,67,,
UTTAR PRADESH,GHAZIABAD,AMIT SHARMA,IND,0,10TH PASS,37,4775000,341233
UTTAR PRADESH,GHAZIABAD,ASHOK SHARMA,SUBHASHWADI BHARTIYA SAMAJWADI PARTY,0,POST GRADUATE,62,11721492,0
UTTAR PRADESH,GHAZIABAD,DIVYA YOG MAYA SARASWATI,RASHTRIYA BHARATIYA JAN JAN PARTY,2,ILLITERATE,51,,
UTTAR PRADESH,GHAZIABAD,DOLLY SHARMA,INC,0,POST GRADUATE,34,21001366,0
UTTAR PRADESH,GHAZIABAD,MOHAN LAL,RPI(A),0,GRADUATE PROFESSIONAL,60,19023713,0
UTTAR PRADESH,GHAZIABAD,MOHD. SALIM AHMED,SABSE ACHCHHI PARTY,0,LITERATE,50,,
UTTAR PRADESH,GHAZIABAD,NAGENDRA KUMAR,SHS,0,GRADUATE,50,4392354,785000
UTTAR PRADESH,GHAZIABAD,RAKESH SURI,RIGHT TO RECALL PARTY,0,GRADUATE,42,157942,0
UTTAR PRADESH,GHAZIABAD,SUNIL NAIR,RASHTRIYA LOK SARVADHIKAR PARTY,3,ILLITERATE,38,150000,0
UTTAR PRADESH,GHAZIABAD,SURESH BANSAL,SP,0,POST GRADUATE,76,138522059,17300000
UTTAR PRADESH,GHAZIPUR,AFZAL ANSARI,BSP,5,POST GRADUATE,65,137938756,0
UTTAR PRADESH,GHAZIPUR,AJIT PRATAP KUSHAWAHA,INC,1,GRADUATE PROFESSIONAL,46,15733302,6807639
UTTAR PRADESH,GHAZIPUR,BHANU PRAKASH PANDEY,CPI,0,DOCTORATE,57,,
UTTAR PRADESH,GHAZIPUR,BHARAT,JANTA RAJ PARTY,0,12TH PASS,49,10215600,150000
UTTAR PRADESH,GHAZIPUR,BRIJENDRA KUMAR VERMA,KISAN MAZDOOR SANGHARSH PARTY,0,POST GRADUATE,35,2513400,500000
UTTAR PRADESH,GHAZIPUR,DR. RAJESH KUMAR SINGH,BHARTIYA JAN NAYAK PARTY,1,OTHERS,47,,
UTTAR PRADESH,GHAZIPUR,HRIDAYA NARAYAN,IND,0,12TH PASS,56,43019165,292165
UTTAR PRADESH,GHAZIPUR,ISHWARI PRASAD KUSHWAHA,CPI(ML)(L),2,GRADUATE PROFESSIONAL,58,6620093,0
UTTAR PRADESH,GHAZIPUR,RAJESH KUMAR YADAV,PRAGATISHEEL MANAV SAMAJ PARTY,0,12TH PASS,36,20778237,600000
UTTAR PRADESH,GHAZIPUR,RAM PRAVESH,MOULIK ADHIKAR PARTY,0,GRADUATE,34,5831000,0
UTTAR PRADESH,GHAZIPUR,RAMJI,SUHELDEV BHARTIYA SAMAJ PARTY,0,GRADUATE,59,,
UTTAR PRADESH,GHAZIPUR,SANTOSH KUMAR YADAV,PRAGATISHIL SAMAJWADI PARTY (LOHIA),0,POST GRADUATE,38,5868106,0
UTTAR PRADESH,GHAZIPUR,VED PRAKASH,NATIONALIST JANSHAKTI PARTY,0,POST GRADUATE,43,1090000,0
UTTAR PRADESH,GHOSI,ATUL KUMAR SINGH,BSP,13,GRADUATE,36,66536025,3454591
UTTAR PRADESH,GHOSI,ABUSHAD,AKHAND SAMAJ PARTY,0,LITERATE,47,371500,0
UTTAR PRADESH,GHOSI,ATUL KUMAR SINGH,CPI,0,GRADUATE PROFESSIONAL,64,,
UTTAR PRADESH,GHOSI,BAL KRISHNA,INC,2,POST GRADUATE,70,11158421,673100
UTTAR PRADESH,GHOSI,GEETA,AMBEDKAR SAMAJ PARTY,2,LITERATE,40,137786,0
UTTAR PRADESH,GHOSI,HARINARAYAN,BJP,0,LITERATE,78,,
UTTAR PRADESH,GHOSI,KISHAN LAL,RASHTRIYA KRANTIKARI SAMAJWADI PARTY,0,12TH PASS,46,1585000,0
UTTAR PRADESH,GHOSI,MAHENDRA,SUHELDEV BHARTIYA SAMAJ PARTY,0,10TH PASS,53,10613500,0
UTTAR PRADESH,GHOSI,PRAVEEN KUMAR SINGH,PROUTIST SARVA SAMAJ,1,GRADUATE PROFESSIONAL,45,938000,0
UTTAR PRADESH,GHOSI,RAJESH KUMAR GOND,GONDVANA GANTANTRA PARTY,0,10TH PASS,44,165000,0
UTTAR PRADESH,GHOSI,SANTOSH,IND,0,POST GRADUATE,37,,
UTTAR PRADESH,GHOSI,SHEFKAT TAKI,PEACE PARTY,0,GRADUATE,40,3800000,700000
UTTAR PRADESH,GHOSI,SURYA KUMAR,IND,0,10TH PASS,32,1861000,150000
UTTAR PRADESH,GONDA,KIRTI VARDHAN SINGH ALIAS RAJA BHAIYA,BJP,0,POST GRADUATE,53,232735285,23201603
UTTAR PRADESH,GONDA,ASMAN DATT MISHRA,BHARAT PRABHAT PARTY,0,12TH PASS,55,6869702,200000
UTTAR PRADESH,GONDA,DHANI RAM CHAUDHRI,RASHTRIYA JANSAMBHAVNA PARTY,0,ILLITERATE,29,50600,0
UTTAR PRADESH,GONDA,HAFIZ ALI,PEACE PARTY,4,GRADUATE,42,,
UTTAR PRADESH,GONDA,KRISHNA PATEL,INC,0,12TH PASS,62,157585039,50520999
UTTAR PRADESH,GONDA,MAHESH SINGH,IND,0,10TH PASS,51,,
UTTAR PRADESH,GONDA,MO JAVED ANSARI,VISHWA MANAV SAMAJ KALYAN PARISHAD,0,5TH PASS,36,90000,42404
UTTAR PRADESH,GONDA,MOHD ARBI,IND,0,GRADUATE PROFESSIONAL,39,178790,0
UTTAR PRADESH,GONDA,NARENDRA SINGH,IND,0,GRADUATE,49,5174312,0
UTTAR PRADESH,GONDA,PEER ALI KHAN,KISAN MAZDOOR SANGHARSH PARTY,0,8TH PASS,43,86000,171000
UTTAR PRADESH,GONDA,"QUTUBUDDIN KHAN ""DIMOND""",PRAGATISHIL SAMAJWADI PARTY (LOHIA),0,12TH PASS,45,,
UTTAR PRADESH,GONDA,RADHEYSHYAM,SUHELDEV BHARTIYA SAMAJ PARTY,0,8TH PASS,33,928690,90000
UTTAR PRADESH,GONDA,VINOD KUMAR ALIAS PANDIT SINGH,SP,4,12TH PASS,52,26080396,3500000
UTTAR PRADESH,GONDA,VINOD KUMAR SINGH,IND,2,GRADUATE PROFESSIONAL,39,,
UTTAR PRADESH,GORAKHPUR,RAVINDRA SHYAMNARAYAN SHUKLA ALIAS RAVI KISHAN,BJP,0,12TH PASS,51,208494688,17711043
UTTAR PRADESH,GORAKHPUR,ABHISHEK CHAND,SUHELDEV BHARTIYA SAMAJ PARTY,0,POST GRADUATE,30,545000,0
UTTAR PRADESH,GORAKHPUR,AWADHESH KUMAR SINGH,SHANE HIND FOURM,0,DOCTORATE,63,124554884,4190656
UTTAR PRADESH,GORAKHPUR,DR ASHISH KUMAR SINGH,CPI,0,GRADUATE PROFESSIONAL,40,,
UTTAR PRADESH,GORAKHPUR,JAI PRAKASH MISHRA,RASHTRAWADI PARTY OF INDIA,0,GRADUATE,52,13665000,0
UTTAR PRADESH,GORAKHPUR,JITENDRA KUMAR,JWALA DAL,0,12TH PASS,31,15560000,0
UTTAR PRADESH,GORAKHPUR,MADHUSUDAN TRIPATHI,INC,1,GRADUATE PROFESSIONAL,65,,
UTTAR PRADESH,GORAKHPUR,RAMBHUAL NISHAD,SP,7,GRADUATE,58,39717782,2100000
UTTAR PRADESH,GORAKHPUR,SUBHASH CHANDRA DUBEY,SOCIALIST PARTY (INDIA),0,POST GRADUATE,73,851680,0
UTTAR PRADESH,HAMIRPUR,KUNWAR PUSHPENDRA SINGH,BJP,4,POST GRADUATE,45,167159924,35502582
UTTAR PRADESH,HAMIRPUR,DILIP SINGH,BSP,0,GRADUATE,42,161787422,22026230
UTTAR PRADESH,HAMIRPUR,KAMLESH KUMAR,IND,0,GRADUATE,26,2715000,675695
UTTAR PRADESH,HAMIRPUR,KAMTA PRASAD,IND,0,12TH PASS,52,,
UTTAR PRADESH,HAMIRPUR,KEDARNATH,BAHUJAN MUKTI PARTY,0,GRADUATE PROFESSIONAL,64,23400000,0
UTTAR PRADESH,HAMIRPUR,MADHURAJ,IND,0,12TH PASS,30,,
UTTAR PRADESH,HAMIRPUR,PRITAM SINGH,INC,0,POST GRADUATE,64,28424501,15460966
UTTAR PRADESH,HAMIRPUR,RAJESH,IND,0,10TH PASS,53,2205400,0
UTTAR PRADESH,HAMIRPUR,SANJAY KUMAR SAHU,IND,1,GRADUATE,43,123746239,12041195
UTTAR PRADESH,HAMIRPUR,SARJU LAL,IND,0,8TH PASS,69,4447262,0
UTTAR PRADESH,HAMIRPUR,SURESH CHANDRA,RASHTRIYA KRANTI PARTY,0,8TH PASS,39,,
UTTAR PRADESH,HARDOI,JAI PRAKASH,BJP,0,GRADUATE,61,234032624,2615368
UTTAR PRADESH,HARDOI,AVDHESH KUMAR,IND,0,POST GRADUATE,46,911651,0
UTTAR PRADESH,HARDOI,BHAIYA LAL,IND,0,10TH PASS,46,20500,0
UTTAR PRADESH,HARDOI,CHOTTE LAL,IND,0,5TH PASS,65,,
UTTAR PRADESH,HARDOI,MAHENDRA PAL VERMA,BAHUJAN AWAM PARTY,0,12TH PASS,60,5816000,0
UTTAR PRADESH,HARDOI,RAM CHANDRA,BHARTIYA KRISHAK DAL,0,POST GRADUATE,52,,
UTTAR PRADESH,HARDOI,SAHAB SINGH,PEOPLES PARTY OF INDIA (DEMOCRATIC),0,GRADUATE,49,2053900,0
UTTAR PRADESH,HARDOI,SANJAY BHARATIYA,PRAGATISHIL SAMAJWADI PARTY (LOHIA),0,POST GRADUATE,50,10818915,5870000
UTTAR PRADESH,HARDOI,USHA VERMA,SP,0,POST GRADUATE,55,42403277,1060839
UTTAR PRADESH,HARDOI,VIRENDRA KUMAR,INC,0,GRADUATE,46,12864500,14762567
UTTAR PRADESH,HATHRAS,RAJVIR DILER,BJP,0,12TH PASS,61,14930000,0
UTTAR PRADESH,HATHRAS,BHUPENDRA KUMAR,RASHTRIYA SHOSHIT SAMAJ PARTY,0,12TH PASS,31,3222056,821000
UTTAR PRADESH,HATHRAS,DINESH SAI,IND,0,GRADUATE,27,564824,0
UTTAR PRADESH,HATHRAS,HARSWAROOP,IND,0,8TH PASS,58,,
UTTAR PRADESH,HATHRAS,RAJARAM,LOK DAL,0,GRADUATE,65,794348,0
UTTAR PRADESH,HATHRAS,RAMJI LAL SUMAN,SP,2,GRADUATE PROFESSIONAL,68,,
UTTAR PRADESH,HATHRAS,TILAK SINGH,IND,0,10TH PASS,61,2622200,0
UTTAR PRADESH,HATHRAS,TRILOKI RAM,INC,0,GRADUATE,71,118225490,9510364
UTTAR PRADESH,JALAUN,BHANU PRATAP SINGH,BJP,1,POST GRADUATE,60,10699516,12265
UTTAR PRADESH,JALAUN,AJAY SINGH,BSP,0,12TH PASS,46,19137271,661326
UTTAR PRADESH,JALAUN,BRAJLAL KHABRI,INC,0,POST GRADUATE,56,,
UTTAR PRADESH,JALAUN,RAM SINGH,CPI(ML)(L),0,8TH PASS,51,588000,0
UTTAR PRADESH,JALAUN,SHRAVAN KUMAR PAL,RASHTRIYA SHOSHIT SAMAJ PARTY,0,12TH PASS,55,33942093,1500000
UTTAR PRADESH,JAUNPUR,SHYAM SINGH YADAV,BSP,0,POST GRADUATE,65,140717620,3577000
UTTAR PRADESH,JAUNPUR,AJAY KUMAR SHARMA,MOULIK ADHIKAR PARTY,0,POST GRADUATE,41,2329000,0
UTTAR PRADESH,JAUNPUR,ANIL,HUM SABKI PARTY,0,10TH PASS,43,2630000,0
UTTAR PRADESH,JAUNPUR,ASHOK KUMAR,IND,0,GRADUATE,51,,
UTTAR PRADESH,JAUNPUR,BRIJESH KUMAR,SUHELDEV BHARTIYA SAMAJ PARTY,0,12TH PASS,29,1981152,0
UTTAR PRADESH,JAUNPUR,COM. ASHOK KUMAR KHARWAR,SUCI(C),0,LITERATE,60,2297800,0
UTTAR PRADESH,JAUNPUR,DEO VRAT MISHRA,INC,0,GRADUATE PROFESSIONAL,48,,
UTTAR PRADESH,JAUNPUR,KRISHNA PRATAP SINGH,BJP,0,DOCTORATE,42,113972361,1751674
UTTAR PRADESH,JAUNPUR,MADHAVENDRA PUSHKAR SINGH,IND,0,GRADUATE PROFESSIONAL,38,9232000,0
UTTAR PRADESH,JAUNPUR,NAVIN,VOTERS PARTY INTERNATIONAL,0,GRADUATE,30,1021950,0
UTTAR PRADESH,JAUNPUR,PRADEEP KUMAR PANDEY,IND,3,12TH PASS,32,1868488,0
UTTAR PRADESH,JAUNPUR,RAJESH KUMAR,RASHTRIYA SAMAJ PAKSHA,0,10TH PASS,43,,
UTTAR PRADESH,JAUNPUR,RUKAMANI DEVI,PRAGATISHEEL MANAV SAMAJ PARTY,0,LITERATE,63,612000,0
UTTAR PRADESH,JAUNPUR,SANGEETA DEVI,PRAGATISHIL SAMAJWADI PARTY (LOHIA),0,12TH PASS,44,4100000,0
UTTAR PRADESH,JAUNPUR,SHESHMANI MAURYA,HINDUSTHAN NIRMAN DAL,0,POST GRADUATE,39,,
UTTAR PRADESH,JAUNPUR,SHYAMLAL,BHARAT PRABHAT PARTY,0,POST GRADUATE,32,3055000,0
UTTAR PRADESH,JAUNPUR,VINOD KUMAR,ANDAMAN & NICOBAR JANTA PARTY,0,GRADUATE,32,4009970,0
UTTAR PRADESH,JAUNPUR,VISHOK KUMAR VISHWAKARMA,NATIONALIST JANSHAKTI PARTY,0,12TH PASS,47,857517,0
UTTAR PRADESH,JHANSI,ANURAG SHARMA,BJP,0,POST GRADUATE,54,1243060113,14212970
UTTAR PRADESH,JHANSI,DILSHAD AHMED SIDDIQUE,SWATANTRA JANTARAJ PARTY,0,POST GRADUATE,39,169000,0
UTTAR PRADESH,JHANSI,GAURI SHANKAR,KISAN RAKSHA PARTY,2,12TH PASS,48,,
UTTAR PRADESH,JHANSI,JAGAT VIKRAM SINGH,PRAGATISHIL SAMAJWADI PARTY (LOHIA),1,POST GRADUATE,49,23417000,2452262
UTTAR PRADESH,JHANSI,KALPANA KHARD,IND,0,LITERATE,51,3853811,0
UTTAR PRADESH,JHANSI,RAJA KHATEEK,IND,2,GRADUATE,29,,
UTTAR PRADESH,JHANSI,RAMGOPAL,IND,0,12TH PASS,61,13088853,0
UTTAR PRADESH,JHANSI,SHIVSHARAN,INC,1,POST GRADUATE,47,45715000,2025000
UTTAR PRADESH,JHANSI,SHYAM SUNDER SINGH,SP,4,GRADUATE,59,272086643,0
UTTAR PRADESH,JHANSI,SUNIL PRAJAPATI,IND,0,GRADUATE PROFESSIONAL,42,15182684,0
UTTAR PRADESH,KAIRANA,PRADEEP KUMAR,BJP,5,POST GRADUATE,48,17292937,1300000
UTTAR PRADESH,KAIRANA,HARENDRA SINGH MALIK,INC,0,GRADUATE,64,57266147,5082884
UTTAR PRADESH,KAIRANA,HARISH KUMAR,IND,0,8TH PASS,58,9882500,0
UTTAR PRADESH,KAIRANA,IMRAN,IND,0,5TH PASS,39,,
UTTAR PRADESH,KAIRANA,MANOJ KUMAR,AAPKI APNI PARTY (PEOPLES),0,12TH PASS,46,1657200,250000
UTTAR PRADESH,KAIRANA,MOHD GUFRAN KAZMI,IND,0,GRADUATE,41,31239500,0
UTTAR PRADESH,KAIRANA,MOHD SALEEM,IND,0,LITERATE,51,,
UTTAR PRADESH,KAIRANA,MUKESH DEVI,MAHASANKALP JANTA PARTY,0,LITERATE,41,680000,0
UTTAR PRADESH,KAIRANA,SHESHRAJ,BHARATRASHTRA DEMOCRATIC PARTY,0,OTHERS,69,57933786,0
UTTAR PRADESH,KAIRANA,SHRIPAL SINGH,SARVJAN LOK SHAKTI PARTY,0,10TH PASS,46,1444000,0
UTTAR PRADESH,KAIRANA,TABASSUM BEGUM,SP,0,10TH PASS,48,,
UTTAR PRADESH,KAIRANA,YOGESH KUMAR,RASHTRIYA MAZDOOR EKTA PARTY,0,12TH PASS,45,3100500,0
UTTAR PRADESH,KAISERGANJ,BRIJ BHUSHAN SHARAN SINGH,BJP,4,GRADUATE PROFESSIONAL,62,98905402,61524736
UTTAR PRADESH,KAISERGANJ,CHANDRA PRAKASH PANDEY,NAITIK PARTY,0,12TH PASS,0,153000,0
UTTAR PRADESH,KAISERGANJ,CHANDRADEV RAM YADAV,BSP,3,POST GRADUATE,66,,
UTTAR PRADESH,KAISERGANJ,DHANANJAY SHARMA,PRAGATISHIL SAMAJWADI PARTY (LOHIA),0,GRADUATE,46,1313579,45680
UTTAR PRADESH,KAISERGANJ,MUNNI,IND,0,ILLITERATE,41,,0
UTTAR PRADESH,KAISERGANJ,OM PRAKASH MISHRA,IND,0,GRADUATE,35,,
UTTAR PRADESH,KAISERGANJ,PRAMOD KUMAR,SAMRAT ASHOK SENA PARTY,0,10TH PASS,39,100000,0
UTTAR PRADESH,KAISERGANJ,SANTOSH,BHARAT PRABHAT PARTY,0,GRADUATE PROFESSIONAL,39,60000,0
UTTAR PRADESH,KAISERGANJ,UMESH KUMAR,RASHTRIYA JAN ADHIKAR PARTY,0,LITERATE,34,2980000,0
UTTAR PRADESH,KAISERGANJ,WAJID,AAM JANTA PARTY (INDIA),0,GRADUATE,52,3533500,0
UTTAR PRADESH,KANNAUJ,SUBRAT PATHAK,BJP,11,GRADUATE,39,,
UTTAR PRADESH,KANNAUJ,ANAND VIKRAM SINGH,SHS,9,GRADUATE,32,2856631,0
UTTAR PRADESH,KANNAUJ,ANKIT SINGH,IND,2,12TH PASS,29,375439,0
UTTAR PRADESH,KANNAUJ,DIMPLE YADAV,SP,0,GRADUATE,41,,
UTTAR PRADESH,KANNAUJ,PRATYUSH PATHAK,IND,0,GRADUATE,30,5952261,0
UTTAR PRADESH,KANNAUJ,RAMA DEVI,BHARTIYA VANCHITSAMAJ PARTY,0,10TH PASS,30,2485200,0
UTTAR PRADESH,KANNAUJ,SANJEEV KUMAR,RASHTRIYA SAMAJ PAKSHA,0,POST GRADUATE,35,,
UTTAR PRADESH,KANNAUJ,SATYA RAM,RASHTRIYA KRANTI PARTY,0,8TH PASS,54,2536600,1100000
UTTAR PRADESH,KANNAUJ,SUBHASH CHANDRA,AIFB,0,12TH PASS,56,5076358,963000
UTTAR PRADESH,KANNAUJ,SUNIL KUMAR,IND,0,GRADUATE,46,4886041,2130000
UTTAR PRADESH,KANPUR,SATYADEV PACHAURI,BJP,0,POST GRADUATE,71,132382819,31052190
UTTAR PRADESH,KANPUR,ALOK KUMAR,SABHI JAN PARTY,5,POST GRADUATE,38,402178,0
UTTAR PRADESH,KANPUR,BALBIR SINGH CHANDEL,SHS,0,GRADUATE PROFESSIONAL,68,666367383,0
UTTAR PRADESH,KANPUR,CHANDRA BHAN SANKHWAR,RASHTRIYA JANMAT PARTY,0,GRADUATE PROFESSIONAL,56,,
UTTAR PRADESH,KANPUR,DILSHAD AHMED,IND,0,8TH PASS,38,558566,397848
UTTAR PRADESH,KANPUR,JAVED MOHAMMAD KHAN,IND,1,12TH PASS,42,500000,0
UTTAR PRADESH,KANPUR,MUKTI YADAV,BHARATIYA RASHTRIYA MORCHA,0,POST GRADUATE,29,,
UTTAR PRADESH,KANPUR,POONAM SHUKLA,BHARTIYA SHAKTI CHETNA PARTY,0,GRADUATE,32,1771655,0
UTTAR PRADESH,KANPUR,RAM GOPAL UTTAM,IND,0,POST GRADUATE,69,32955000,110000
UTTAR PRADESH,KANPUR,RINA,SAAF PARTY,0,5TH PASS,31,143460,0
UTTAR PRADESH,KANPUR,SHIVAM KUSHWAHA,AAJAD BHARAT PARTY (DEMOCRATIC),0,GRADUATE,27,,
UTTAR PRADESH,KANPUR,SRIPRAKASH JAISWAL,INC,0,12TH PASS,74,78641628,0
UTTAR PRADESH,KANPUR,TRIVENI NARAYAN JAISWAL,ADHUNIK BHARAT PARTY,0,POST GRADUATE,47,2895507,190000
UTTAR PRADESH,KAUSHAMBI,VINOD KUMAR SONKAR,BJP,4,GRADUATE,49,,
UTTAR PRADESH,KAUSHAMBI,BACHACHA LAL,BHARTIYA SHAKTI CHETNA PARTY,0,8TH PASS,41,81500,0
UTTAR PRADESH,KAUSHAMBI,CHHEDDU,IND,0,LITERATE,0,26000,0
UTTAR PRADESH,KAUSHAMBI,GIRISH CHANDRA,INC,4,12TH PASS,52,,
UTTAR PRADESH,KAUSHAMBI,INDRAJEET SAROJ,SP,2,GRADUATE,57,110999555,20623099
UTTAR PRADESH,KAUSHAMBI,MISHRI LAL,SWATANTRA JANTARAJ PARTY,0,GRADUATE,30,448500,0
UTTAR PRADESH,KAUSHAMBI,PRADEEP KUMAR,IND,0,GRADUATE,30,,
UTTAR PRADESH,KAUSHAMBI,RAJDEV,PRAGATISHIL SAMAJWADI PARTY (LOHIA),0,POST GRADUATE,63,12459352,0
UTTAR PRADESH,KAUSHAMBI,RAM SUMER,IND,0,8TH PASS,58,7141194,109000
UTTAR PRADESH,KAUSHAMBI,SHAILENDRA KUMAR S/O GAYADEEN,IND,0,10TH PASS,44,1940866,0
UTTAR PRADESH,KAUSHAMBI,SHAILENDRA KUMAR S/O SHIV PRASHAD,IND,0,GRADUATE,40,985000,0
UTTAR PRADESH,KHERI,AJAY KUMAR,BJP,1,GRADUATE PROFESSIONAL,60,45295455,0
UTTAR PRADESH,KHERI,AJAY KUMAR DIXIT,IND,0,GRADUATE,56,1772410,0
UTTAR PRADESH,KHERI,ASIF KHAN,BHARTIYA KISAN PARTY,0,10TH PASS,40,,
UTTAR PRADESH,KHERI,BANDANA GUPTA,BHARTIYA SHAKTI CHETNA PARTY,0,10TH PASS,37,17000,0
UTTAR PRADESH,KHERI,KRISHNA KUMAR YADAV,LOK JAN SANGHARSH PARTY,0,LITERATE,45,2053200,0
UTTAR PRADESH,KHERI,MANOJ KUMAR SINGH,IND,0,8TH PASS,44,,
UTTAR PRADESH,KHERI,MOH. MUMTAZ RAZA,RASHTRIYA JANWADI PARTY (SOCIALIST),0,10TH PASS,39,81700,0
UTTAR PRADESH,KHERI,PARO KINNAR,IND,0,ILLITERATE,33,2000040,0
UTTAR PRADESH,KHERI,RAM JEEVAN,BAHUJAN AWAM PARTY,0,GRADUATE PROFESSIONAL,35,814329,0
UTTAR PRADESH,KHERI,SHRI KRISHNA,PEACE PARTY,0,8TH PASS,34,2253000,0
UTTAR PRADESH,KHERI,SHRIKRISHNA KUMAR,IND,0,GRADUATE,60,,
UTTAR PRADESH,KHERI,VIPNESH SHUKLA,CPI,0,GRADUATE PROFESSIONAL,68,9470000,0
UTTAR PRADESH,KHERI,ZAFAR ALI NAQVI,INC,0,GRADUATE PROFESSIONAL,71,8936547,1061456
UTTAR PRADESH,KUSHI NAGAR,VIJAY KUMAR DUBEY,BJP,2,12TH PASS,50,21860780,316847
UTTAR PRADESH,KUSHI NAGAR,AMIRUDDIN,APNA DAL UNITED PARTY,0,GRADUATE,42,6770000,0
UTTAR PRADESH,KUSHI NAGAR,ARVIND YADAV,CPI(ML) RED STAR,0,GRADUATE,46,3077500,0
UTTAR PRADESH,KUSHI NAGAR,DR GANESH,AKHIL BHARTIYA GONDWANA PARTY,0,GRADUATE PROFESSIONAL,41,,
UTTAR PRADESH,KUSHI NAGAR,GUDDI KINNAR,IND,0,LITERATE,37,362500,0
UTTAR PRADESH,KUSHI NAGAR,KUNWER RATANJIT PRATAP NARAYAN SINGH,INC,0,GRADUATE,55,295474005,0
UTTAR PRADESH,KUSHI NAGAR,LALITA,AKHIL BHARTIYA NAVNIRMAN PARTY,0,POST GRADUATE,36,,
UTTAR PRADESH,KUSHI NAGAR,N.P. KUSHWAHA ALIAS NATHUNI PRASAD KUSHWAHA,SP,0,POST GRADUATE,65,37474062,4000000
UTTAR PRADESH,KUSHI NAGAR,P.C. KUREEL,INDIAN NATIONAL LEAGUE,1,12TH PASS,62,29582528,545000
UTTAR PRADESH,KUSHI NAGAR,RAM PRATAP,PURVANCHAL MAHAPANCHAYAT,0,8TH PASS,42,3254000,0
UTTAR PRADESH,KUSHI NAGAR,SHIV KUMAR,IND,3,10TH PASS,49,5200000,0
UTTAR PRADESH,KUSHI NAGAR,UMESH SINGH,BHARTIYA SHAKTI CHETNA PARTY,0,10TH PASS,38,,
UTTAR PRADESH,KUSHI NAGAR,USMAN,PEACE PARTY,0,LITERATE,58,1660000,80000
UTTAR PRADESH,LALGANJ,SANGEETA AZAD,BSP,0,GRADUATE PROFESSIONAL,44,,
UTTAR PRADESH,LALGANJ,AKHILESH,IND,0,12TH PASS,43,85000,0
UTTAR PRADESH,LALGANJ,CHANDRASHEKHAR,BHARAT PRABHAT PARTY,0,POST GRADUATE,48,2186000,0
UTTAR PRADESH,LALGANJ,DR. DEELIP KUMAR SAROJ,SUHELDEV BHARTIYA SAMAJ PARTY,0,DOCTORATE,45,,
UTTAR PRADESH,LALGANJ,ENGINEER AJEET SONKAR,AAP,0,POST GRADUATE,34,280000,0
UTTAR PRADESH,LALGANJ,HEMRAJ PASWAN,PRAGATISHIL SAMAJWADI PARTY (LOHIA),0,POST GRADUATE,66,13537434,0
UTTAR PRADESH,LALGANJ,LCCHIMAN KANNOOIZYA,PRITHVIRAJ JANSHAKTI PARTY,0,LITERATE,65,,
UTTAR PRADESH,LALGANJ,NEELAM SONKER,BJP,1,POST GRADUATE,43,46688371,4550000
UTTAR PRADESH,LALGANJ,PANKAJ MOHAN SONKAR,INC,3,GRADUATE,29,4615570,1743219
UTTAR PRADESH,LALGANJ,RADHESHYAM GAUTAM,RASHTRIYA ULAMA COUNCIL,0,8TH PASS,40,504000,0
UTTAR PRADESH,LALGANJ,RAMCHANDAR,IND,4,5TH PASS,48,4605000,0
UTTAR PRADESH,LALGANJ,SANTOSH KUMAR,IND,0,GRADUATE PROFESSIONAL,32,116443,0
UTTAR PRADESH,LALGANJ,SUBASH SAROJ,IND,0,10TH PASS,45,537800,0
UTTAR PRADESH,LALGANJ,TRILOKI NATH,CPI,1,12TH PASS,62,,
UTTAR PRADESH,LUCKNOW,RAJNATH SINGH,BJP,0,POST GRADUATE,67,,
UTTAR PRADESH,LUCKNOW,ACHARYA PRAMOD KRISHNAM,INC,0,POST GRADUATE,56,49765383,0
UTTAR PRADESH,LUCKNOW,AVINASH CHANDRA JAIN,IND,0,GRADUATE,69,16039898,0
UTTAR PRADESH,LUCKNOW,DEV NARAYAN SINGH,PEOPLES PARTY OF INDIA (DEMOCRATIC),0,POST GRADUATE,59,,
UTTAR PRADESH,LUCKNOW,GANESH CHAUDARI,SAAF PARTY,0,GRADUATE PROFESSIONAL,46,3447025,0
UTTAR PRADESH,LUCKNOW,GIRISH NARAIN PANDE,SARVODAYA BHARAT PARTY,0,POST GRADUATE,64,110490000,0
UTTAR PRADESH,LUCKNOW,JIMIDAR SINGH YADAV,IND,0,LITERATE,39,,
UTTAR PRADESH,LUCKNOW,MO FAHIM,INDIAN NATIONAL LEAGUE,0,10TH PASS,65,15485250,0
UTTAR PRADESH,LUCKNOW,POONAM SHATRUGHAN SINHA,SP,1,GRADUATE,68,1935459756,284863762
UTTAR PRADESH,LUCKNOW,RAM SAGAR PAL,AWAMI SAMTA PARTY,0,GRADUATE,37,71300,0
UTTAR PRADESH,LUCKNOW,RAMESH,AIFB,0,LITERATE,29,90765,0
UTTAR PRADESH,LUCKNOW,SANJAY SINGH RANA,IND,0,GRADUATE,38,,
UTTAR PRADESH,LUCKNOW,SHAMIM KHAN,NAGRIK EKTA PARTY,2,8TH PASS,49,156369044,45879547
UTTAR PRADESH,MACHHLISHAHR,BHOLANATH (B.P. SAROJ),BJP,0,GRADUATE,58,259027394,11194163
UTTAR PRADESH,MACHHLISHAHR,BRIJESH KUMAR,RPI,0,12TH PASS,40,185000,0
UTTAR PRADESH,MACHHLISHAHR,CHANCHAL KUMAR,RASHTRIYA SAMAJ PAKSHA,0,POST GRADUATE,27,,
UTTAR PRADESH,MACHHLISHAHR,DASHARATH,PRITHVIRAJ JANSHAKTI PARTY,0,12TH PASS,51,1141332,0
UTTAR PRADESH,MACHHLISHAHR,DEEPAK KUMAR,IND,0,8TH PASS,32,198000,0
UTTAR PRADESH,MACHHLISHAHR,DR. AMARNATH PASWAN,JAN ADHIKAR PARTY,0,DOCTORATE,42,,
UTTAR PRADESH,MACHHLISHAHR,GANGARAM,IND,0,8TH PASS,54,28000,0
UTTAR PRADESH,MACHHLISHAHR,JITENDRA,BHARTIYA MANAV SAMAJ PARTY,0,GRADUATE,37,208000,0
UTTAR PRADESH,MACHHLISHAHR,RAJ NATH,SUHELDEV BHARTIYA SAMAJ PARTY,0,POST GRADUATE,70,4441330,0
UTTAR PRADESH,MACHHLISHAHR,RAJKESHAR,SAJAG SAMAJ PARTY,0,GRADUATE PROFESSIONAL,0,2335000,0
UTTAR PRADESH,MACHHLISHAHR,RAM NARESH,MOULIK ADHIKAR PARTY,0,POST GRADUATE,45,,
UTTAR PRADESH,MACHHLISHAHR,TRIBHUVAN RAM,BSP,1,GRADUATE,70,102095537,11700000
UTTAR PRADESH,MAHARAJGANJ,PANKAJ CHOUDHARY,BJP,5,12TH PASS,54,371827109,4483048
UTTAR PRADESH,MAHARAJGANJ,AKHILESH,SP,4,GRADUATE,55,82263380,0
UTTAR PRADESH,MAHARAJGANJ,AMARJEET,IND,0,12TH PASS,51,1560000,0
UTTAR PRADESH,MAHARAJGANJ,ANEEL KUMAR,IND,0,POST GRADUATE,40,,
UTTAR PRADESH,MAHARAJGANJ,LALDHARI YADAV,IND,2,POST GRADUATE,42,127495,0
UTTAR PRADESH,MAHARAJGANJ,MANISH,BAHUJAN MUKTI PARTY,1,GRADUATE PROFESSIONAL,38,191717,0
UTTAR PRADESH,MAHARAJGANJ,MANOJ KUMAR RANA,BHARTIYA KISAN UNION SAMAJ PARTY,0,12TH PASS,46,,
UTTAR PRADESH,MAHARAJGANJ,MOHAN KUMAR,IND,0,10TH PASS,49,4090400,0
UTTAR PRADESH,MAHARAJGANJ,PAPPU CHAUHAN,SATYA KRANTI PARTY,0,12TH PASS,63,774009,0
UTTAR PRADESH,MAHARAJGANJ,PRAMOD KUMAR,IND,1,GRADUATE,36,985543,0
UTTAR PRADESH,MAHARAJGANJ,SHIV CHARAN,JAI HIND SAMAJ PARTY,0,POST GRADUATE,30,,
UTTAR PRADESH,MAHARAJGANJ,SUMIT,JANHIT KISAN PARTY,0,GRADUATE,31,2195000,0
UTTAR PRADESH,MAHARAJGANJ,SUPRIYA SHRINATE,INC,0,POST GRADUATE,41,85042997,7395000
UTTAR PRADESH,MAINPURI,MULAYAM SINGH YADAV,SP,1,POST GRADUATE,79,205604593,22055657
UTTAR PRADESH,MAINPURI,CHAKRAPAN5,JAN ADESH AKSHUNI SENA,0,12TH PASS,32,4391000,0
UTTAR PRADESH,MAINPURI,HARIRAM SHAKYA,VOTERS PARTY INTERNATIONAL,0,POST GRADUATE,81,12816866,0
UTTAR PRADESH,MAINPURI,KULDEEP KUMAR,BHARTIYA KISAN PARTY,0,GRADUATE,27,,
UTTAR PRADESH,MAINPURI,OMBEER LODHI,JAN SEVA SAHAYAK PARTY,0,10TH PASS,0,7090100,0
UTTAR PRADESH,MAINPURI,PREM SINGH SHAKYA,BJP,0,OTHERS,60,,
UTTAR PRADESH,MAINPURI,RAJAT KUMAR,BHARTIYA JAN NAYAK PARTY,1,GRADUATE PROFESSIONAL,28,2240815,0
UTTAR PRADESH,MAINPURI,RAVINDRA SINGH KATAR,BHARTIYA NAVODAYA PARTY,0,POST GRADUATE,43,1800000,0
UTTAR PRADESH,MAINPURI,SAVENDRA SINGH,IND,0,GRADUATE PROFESSIONAL,51,28523500,65000
UTTAR PRADESH,MAINPURI,SHYAM SINGH,SWATANTRA JANTARAJ PARTY,0,POST GRADUATE,44,152465,0
UTTAR PRADESH,MAINPURI,TEJ PRATAP SINGH JATAV,MOULIK ADHIKAR PARTY,0,12TH PASS,55,,
BYE ELECTION ON 05-12-2022 : UTTAR PRADESH,MAINPURI,DIMPLE YADAV,SP,0,GRADUATE,44,399150416,3153000
BYE ELECTION ON 05-12-2022 : UTTAR PRADESH,MAINPURI,BHUPENDRA KUMAR DHANGAR,RASHTRIYA SHOSHIT SAMAJ PARTY,0,GRADUATE,34,2804182,400000
BYE ELECTION ON 05-12-2022 : UTTAR PRADESH,MAINPURI,PRAMOD KUMAR YADAV,BHARTIYA KRISHAK DAL,0,POST GRADUATE,49,,
BYE ELECTION ON 05-12-2022 : UTTAR PRADESH,MAINPURI,RAGHURAJ SINGH SHAKYA,BJP,0,POST GRADUATE,54,96257581,2277968
BYE ELECTION ON 05-12-2022 : UTTAR PRADESH,MAINPURI,SURESH CHANDRA,IND,0,GRADUATE PROFESSIONAL,67,16161234,0
BYE ELECTION ON 05-12-2022 : UTTAR PRADESH,MAINPURI,SUSHMA DEVI,IND,0,GRADUATE,38,,
UTTAR PRADESH,MATHURA,HEMA MALINI DHARMENDRA DEOL,BJP,0,DOCTORATE,70,,
UTTAR PRADESH,MATHURA,CHATTAR ALIAS CHATRAPAL SINGH NISHAD,BAHUJAN MUKTI PARTY,0,NOT GIVEN,48,34000,0
UTTAR PRADESH,MATHURA,DINESH KUMAR GAUTAM,BHARTIYA ANARAKSHIT PARTY,0,POST GRADUATE,53,36742543,0
UTTAR PRADESH,MATHURA,JAGVIR SINGH,PRAGATISHIL SAMAJWADI PARTY (LOHIA),0,NOT GIVEN,40,10800000,0
UTTAR PRADESH,MATHURA,JASVANT SINGH BAGHEL,RASHTRIYA SHOSHIT SAMAJ PARTY,0,10TH PASS,42,69108182,2440225
UTTAR PRADESH,MATHURA,JASVEER SINGH,RASHTRIYA NAUJAWAN DAL,0,12TH PASS,45,,
UTTAR PRADESH,MATHURA,MAHESH PATHAK,INC,0,GRADUATE,63,356953188,0
UTTAR PRADESH,MATHURA,NARENDRA SINGH,RLD,2,GRADUATE,66,216820285,5708000
UTTAR PRADESH,MATHURA,PHAKKAD BABA,IND,0,LITERATE,73,12722,0
UTTAR PRADESH,MATHURA,PRAMOD KRISHNA,IND,0,12TH PASS,48,359000,0
UTTAR PRADESH,MATHURA,RAMDAS TYAGI,IND,0,LITERATE,44,,
UTTAR PRADESH,MATHURA,RAMDEV GAUTAM,BHARTIYA LOK SEVA DAL,0,12TH PASS,46,4054925,0
UTTAR PRADESH,MEERUT,RAJENDRA AGARWAL,BJP,3,POST GRADUATE,68,13489377,1990094
UTTAR PRADESH,MEERUT,AFZAAL,BAHUJAN MAHA PARTY,2,8TH PASS,48,2121000,50000
UTTAR PRADESH,MEERUT,ARTI AGRAWAL,SHS,0,GRADUATE,39,26953422,922000
UTTAR PRADESH,MEERUT,DHARMENDRA,BHARTIYA JANTA DAL,0,GRADUATE PROFESSIONAL,38,,
UTTAR PRADESH,MEERUT,HAJI MOHAMMAD YAQOOB,BSP,6,8TH PASS,60,89793968,0
UTTAR PRADESH,MEERUT,HARENDRA AGARWAL,INC,1,GRADUATE,68,115801988,3686064
UTTAR PRADESH,MEERUT,KIRAN R. C. JATAV,KARTAVYA RASHTRIYA PARTY,1,GRADUATE,32,,
UTTAR PRADESH,MEERUT,NASIR ALI KHAN,PRAGATISHIL SAMAJWADI PARTY (LOHIA),0,OTHERS,46,11276488,363223
UTTAR PRADESH,MEERUT,SAHANSAR PAL SINGH,IND,0,GRADUATE PROFESSIONAL,62,7480634,1523311
UTTAR PRADESH,MEERUT,SHRAWAN KUMAR AGARWAL,IND,0,10TH PASS,65,5415000,0
UTTAR PRADESH,MIRZAPUR,ANUPRIYA SINGH PATEL,APNA DAL (SONEYLAL),2,POST GRADUATE,37,26900662,1805603
UTTAR PRADESH,MIRZAPUR,ADESH TYAGI,BHARAT PRABHAT PARTY,0,GRADUATE,49,24645000,0
UTTAR PRADESH,MIRZAPUR,ARCHANA MISHRA,SATYA BAHUMAT PARTY,0,POST GRADUATE,33,,
UTTAR PRADESH,MIRZAPUR,ASHISH KUMAR TRIPATHI,PRAGATISHIL SAMAJWADI PARTY (LOHIA),0,12TH PASS,27,2972000,0
UTTAR PRADESH,MIRZAPUR,DINESH KUMAR PAL,RASHTRIYA SAMAJ PAKSHA,0,GRADUATE,34,695000,0
UTTAR PRADESH,MIRZAPUR,JEERA DEVI,CPI(ML)(L),1,LITERATE,51,,
UTTAR PRADESH,MIRZAPUR,LALITESH PATI TRIPATHI,INC,3,GRADUATE,41,79195975,2723790
UTTAR PRADESH,MIRZAPUR,RADHESHYAM INSHAN,BHARTIYA REPUBLICAN PARTY (INSAN),0,8TH PASS,64,586200,0
UTTAR PRADESH,MISRIKH,ASHOK KUMAR,BJP,0,POST GRADUATE,52,48771207,5735470
UTTAR PRADESH,MISRIKH,AKASH NIRAJ,IND,0,POST GRADUATE,29,2717326,0
UTTAR PRADESH,MISRIKH,ARPIT,IND,0,GRADUATE,35,821000,0
UTTAR PRADESH,MISRIKH,ARUN KUMARI KORI,PRAGATISHIL SAMAJWADI PARTY (LOHIA),0,POST GRADUATE,46,,
UTTAR PRADESH,MISRIKH,ARVIND KUMAR,IND,0,GRADUATE,28,45000,0
UTTAR PRADESH,MISRIKH,BEERENDRA KANAUJIYA,HINDUSTHAN NIRMAN DAL,0,GRADUATE,27,,
UTTAR PRADESH,MISRIKH,DR NEELU SATYARTHI,BSP,0,DOCTORATE,44,39928000,300000
UTTAR PRADESH,MISRIKH,MANJARI RAHI,INC,1,POST GRADUATE,53,54872128,1350000
UTTAR PRADESH,MISRIKH,RAHUL KUMAR,BHARTIYA KRISHAK DAL,0,GRADUATE,27,296000,0
UTTAR PRADESH,MISRIKH,RAJU VERMA,IND,0,12TH PASS,29,1865240,1090000
UTTAR PRADESH,MISRIKH,RAMPAL,IND,0,12TH PASS,45,,
UTTAR PRADESH,MISRIKH,SHRI PAL VERMA,IND,0,12TH PASS,60,13653000,1573717
UTTAR PRADESH,MOHANLALGANJ,KAUSHAL KISHORE,BJP,1,GRADUATE,59,55530561,0
UTTAR PRADESH,MOHANLALGANJ,C.L. VERMA,BSP,1,POST GRADUATE,49,83407710,6808934
UTTAR PRADESH,MOHANLALGANJ,GANESH RAWAT,PRAGATISHIL SAMAJWADI PARTY (LOHIA),0,12TH PASS,46,64381199,4487364
UTTAR PRADESH,MOHANLALGANJ,JAGDISH PRASAD GAUTAM,MANAVTAWADI SAMAJ PARTY,0,GRADUATE,52,,
UTTAR PRADESH,MOHANLALGANJ,JAGDISH RAWAT,IND,0,12TH PASS,50,36406534,1207090
UTTAR PRADESH,MOHANLALGANJ,PRABHAWATI DEVI,IND,0,LITERATE,45,,
UTTAR PRADESH,MOHANLALGANJ,R.K. CHAUDHARY,INC,0,GRADUATE PROFESSIONAL,60,9185305,0
UTTAR PRADESH,MOHANLALGANJ,RADHA DEVI,PEOPLES PARTY OF INDIA (DEMOCRATIC),0,8TH PASS,57,40823586,3185660
UTTAR PRADESH,MOHANLALGANJ,RAMESH KUMAR,IND,0,POST GRADUATE,47,6008954,0
UTTAR PRADESH,MOHANLALGANJ,SHATROHAN LAL RAWAT,LOK DAL,0,10TH PASS,51,22500000,40000
UTTAR PRADESH,MOHANLALGANJ,SUSHIL KUMAR,AADARSH SANGRAM PARTY,0,12TH PASS,29,,
UTTAR PRADESH,MORADABAD,DR. S T HASAN,SP,0,POST GRADUATE,60,55795546,500000
UTTAR PRADESH,MORADABAD,AKEEL,IND,0,LITERATE,39,2440000,0
UTTAR PRADESH,MORADABAD,BHISHM JEET SINGH,FAUJI JANTA PARTY,0,OTHERS,25,906000,0
UTTAR PRADESH,MORADABAD,DILERAM,BHARTIYA HARIT PARTY,0,12TH PASS,58,,
UTTAR PRADESH,MORADABAD,KUNWAR SARVESH KUMAR,BJP,3,10TH PASS,67,102903614,600000
UTTAR PRADESH,MORADABAD,MO. ASLAM ALIAS PASHA,JAN SHAKTI DAL,0,LITERATE,48,,
UTTAR PRADESH,MORADABAD,MO. IMRAN KHAN,INC,0,POST GRADUATE,32,31547689,10034039
UTTAR PRADESH,MORADABAD,MUSARAAT HUSSAIN,IND,0,GRADUATE,58,8347923,0
UTTAR PRADESH,MORADABAD,NARESH KUMAR SAINI,IND,0,LITERATE,39,880000,0
UTTAR PRADESH,MORADABAD,PRINCE KUMAR SHARMA,IND,0,POST GRADUATE,28,40000,0
UTTAR PRADESH,MORADABAD,ROOPCHAND SINGH,BHARATIYA BAHUJAN SAMTA PARTY,0,12TH PASS,67,,
UTTAR PRADESH,MORADABAD,TEJ SINGH SENY,RASHTRIYA SAMANTA DAL,0,8TH PASS,49,5188005,36000
UTTAR PRADESH,MUZAFFARNAGAR,SANJEEV KUMAR BALYAN,BJP,1,DOCTORATE,46,,
UTTAR PRADESH,MUZAFFARNAGAR,AJIT SINGH,RLD,0,POST GRADUATE,78,166125602,0
UTTAR PRADESH,MUZAFFARNAGAR,ANKIT,IND,0,GRADUATE,29,852976,0
UTTAR PRADESH,MUZAFFARNAGAR,ASHOK,IND,0,12TH PASS,48,,
UTTAR PRADESH,MUZAFFARNAGAR,JAIPAL SINGH SAINI,JANSATTA PARTY,0,10TH PASS,68,1644000,0
UTTAR PRADESH,MUZAFFARNAGAR,KRISHAN PAL SINGH,BHARAT LOK SEWAK PARTY,0,10TH PASS,60,3060252,1000
UTTAR PRADESH,MUZAFFARNAGAR,MANGERAM KASHYAP,MAJDOOR KISAN UNION PARTY,0,GRADUATE PROFESSIONAL,51,,
UTTAR PRADESH,MUZAFFARNAGAR,NEEL KUMAR,IND,0,POST GRADUATE,29,6587000,0
UTTAR PRADESH,MUZAFFARNAGAR,S.S.K.S. GANGWAL,BHARATIYA BAHUJAN SAMTA PARTY,0,POST GRADUATE,62,4452000,0
UTTAR PRADESH,MUZAFFARNAGAR,YAJPAL SINGH RATHI,IND,0,10TH PASS,62,11681000,0
UTTAR PRADESH,NAGINA,GIRISH CHANDRA,BSP,1,12TH PASS,55,,
UTTAR PRADESH,NAGINA,AMICHAND,RASHTRIYA SAMANTA DAL,0,8TH PASS,69,1600000,0
UTTAR PRADESH,NAGINA,CHARAN SINGH,IND,0,POST GRADUATE,44,730000,0
UTTAR PRADESH,NAGINA,KAMESH KUMAR,PEOPLES PARTY OF INDIA (DEMOCRATIC),0,GRADUATE PROFESSIONAL,38,382000,50000
UTTAR PRADESH,NAGINA,OMVATI DEVI,INC,0,10TH PASS,69,37158570,0
UTTAR PRADESH,NAGINA,TEJ SINGH,AMBEDKAR SAMAJ PARTY,2,GRADUATE,63,,
UTTAR PRADESH,NAGINA,YASHWANT SINGH,BJP,0,POST GRADUATE,56,66352887,900000
UTTAR PRADESH,PHULPUR,KESHARI DEVI PATEL,BJP,2,POST GRADUATE,62,,
UTTAR PRADESH,PHULPUR,ATUL KUMAR DWIVEDI,LOK GATHBANDHAN PARTY,0,GRADUATE PROFESSIONAL,35,45209588,754229
UTTAR PRADESH,PHULPUR,DAKKHINI PRASAD KUSHWAHA,RASHTRIYA GARIB DAL,0,GRADUATE,68,20723709,0
UTTAR PRADESH,PHULPUR,DR. NEERAJ,IND,0,GRADUATE PROFESSIONAL,51,,
UTTAR PRADESH,PHULPUR,DR. RAM LAKHAN CHAURASIYA,MOULIK ADHIKAR PARTY,0,LITERATE,56,41000,0
UTTAR PRADESH,PHULPUR,KAMLA PRASAD,AMBEDKAR YUG PARTY,0,GRADUATE PROFESSIONAL,53,4045000,0
UTTAR PRADESH,PHULPUR,PANDHARI YADAV,SP,0,GRADUATE,58,9986599,0
UTTAR PRADESH,PHULPUR,PANKAJ PATEL,INC,1,GRADUATE,38,38223599,0
UTTAR PRADESH,PHULPUR,RAM NATH,RASHTRIYA JANMAT PARTY,0,POST GRADUATE,81,678882,0
UTTAR PRADESH,PHULPUR,RISHABH PANDEY,IND,1,GRADUATE PROFESSIONAL,29,730000,200000
UTTAR PRADESH,PHULPUR,SANJEEV KUMAR MISHRA,YUVA VIKAS PARTY,0,POST GRADUATE,41,,
UTTAR PRADESH,PHULPUR,SHRI CHANDRA KESARWANI,BALIRAJA PARTY,0,GRADUATE PROFESSIONAL,38,4181850,0
UTTAR PRADESH,PHULPUR,SUNIL KUMAR MAURYA,PRAGATISHEEL SAMAJ PARTY,0,12TH PASS,57,5364510,593000
UTTAR PRADESH,PILIBHIT,FEROZE VARUN GANDHI,BJP,0,POST GRADUATE,39,603200539,28952800
UTTAR PRADESH,PILIBHIT,ANITA TRIPATHI,SHS,0,12TH PASS,58,10559842,5000000
UTTAR PRADESH,PILIBHIT,DR. BHARAT,JD(U),0,GRADUATE PROFESSIONAL,45,47676000,4380000
UTTAR PRADESH,PILIBHIT,DR. SITA RAM RAJPUT,SABKA DAL UNITED,0,DOCTORATE,40,,
UTTAR PRADESH,PILIBHIT,HEMRAJ VERMA,SP,1,GRADUATE,43,10931313,645587
UTTAR PRADESH,PILIBHIT,JAFRI BEGUM,IND,0,8TH PASS,42,,
UTTAR PRADESH,PILIBHIT,KAIF RAZA KHAN,IND,0,GRADUATE,29,30000,0
UTTAR PRADESH,PILIBHIT,MO. HANIF,PRAGATISHIL SAMAJWADI PARTY (LOHIA),0,12TH PASS,44,16759000,3250000
UTTAR PRADESH,PILIBHIT,SANJAY KUMAR BHARTI,NAITIK PARTY,0,8TH PASS,50,1606000,72000
UTTAR PRADESH,PILIBHIT,SURENDRA KUMAR GUPTA,IND,0,GRADUATE,71,38766636,0
UTTAR PRADESH,PILIBHIT,URVASHI SINGH,IND,0,GRADUATE PROFESSIONAL,34,,
UTTAR PRADESH,PILIBHIT,VARUN GANDHI,IND,0,GRADUATE,35,3711815,0
UTTAR PRADESH,PRATAPGARH,SANGAM LAL GUPTA,BJP,2,8TH PASS,48,,
UTTAR PRADESH,PRATAPGARH,AKSHAY PRATAP SINGH ALIAS GOPAL JI,JANSATTA DAL LOKTANTRIK,4,8TH PASS,51,156138084,46218245
UTTAR PRADESH,PRATAPGARH,ASHOK TRIPATHI,BSP,1,GRADUATE,45,3746721,7260000
UTTAR PRADESH,PRATAPGARH,DR. B. L. VERMA,IND,2,GRADUATE PROFESSIONAL,56,,
UTTAR PRADESH,PRATAPGARH,RAJKUMARI RATNA SINGH,INC,6,GRADUATE,57,362051733,1008000
UTTAR PRADESH,PRATAPGARH,RAM BAHADUR SHARMA,MOULIK ADHIKAR PARTY,0,POST GRADUATE,69,2051985,0
UTTAR PRADESH,PRATAPGARH,SHESHNATH,SUCI(C),0,5TH PASS,65,3575808,0
UTTAR PRADESH,RAE BARELI,SONIA GANDHI,INC,1,OTHERS,72,,
UTTAR PRADESH,RAE BARELI,ASHOK PRATAP MAURYA,AAJAD BHARAT PARTY (DEMOCRATIC),2,POST GRADUATE,53,4355882,290000
UTTAR PRADESH,RAE BARELI,DINESH PRATAP SINGH,BJP,3,GRADUATE,51,29676192,972748
UTTAR PRADESH,RAE BARELI,HORI LAL,PRAGATISHEEL SAMAJ PARTY,0,GRADUATE PROFESSIONAL,61,,
UTTAR PRADESH,RAE BARELI,KIRAN CHAUDHARY,BAHUJAN MUKTI PARTY,0,GRADUATE,42,2421740,2498227
UTTAR PRADESH,RAE BARELI,NAIMISH PRATAP NARAYAN SINGH,IND,0,GRADUATE,41,5378564,29708
UTTAR PRADESH,RAE BARELI,PRAMENDRA KUMAR,IND,0,POST GRADUATE,40,,
UTTAR PRADESH,RAE BARELI,PRAMOD KUREEL,IND,0,POST GRADUATE,52,645000,250000
UTTAR PRADESH,RAE BARELI,RAM NARAYAN,VOTERS PARTY INTERNATIONAL,0,GRADUATE,56,7795000,200000
UTTAR PRADESH,RAE BARELI,RAMESHVAR,SABKA DAL UNITED,0,8TH PASS,40,1434563,0
UTTAR PRADESH,RAE BARELI,SARTAJ KHAN,IND,0,8TH PASS,46,4685105,0
UTTAR PRADESH,RAE BARELI,SUNEEL KUMAR S/O ANJANI KUMAR,PEACE PARTY,0,POST GRADUATE,33,1570600,0
UTTAR PRADESH,RAE BARELI,SURENDRA BAHADUR SINGH,IND,0,POST GRADUATE,69,138159191,0
UTTAR PRADESH,RAE BARELI,VIJAY BAHADUR SINGH,IND,0,12TH PASS,64,,
UTTAR PRADESH,RAMPUR,MOHAMMAD AZAM KHAN,SP,10,GRADUATE PROFESSIONAL,64,,
UTTAR PRADESH,RAMPUR,ARSHAD WARSI,MINORITIES DEMOCRATIC PARTY,3,LITERATE,37,1735000,0
UTTAR PRADESH,RAMPUR,HANEEF KHAN,IND,0,10TH PASS,65,847312,0
UTTAR PRADESH,RAMPUR,ISHRAT KHAN,ALL INDIA MINORITIES FRONT,0,POST GRADUATE,42,,
UTTAR PRADESH,RAMPUR,JAVED KHAN,IND,1,ILLITERATE,43,620608,0
UTTAR PRADESH,RAMPUR,JAYAPRADA NAHATA,BJP,0,12TH PASS,57,279273009,16204374
UTTAR PRADESH,RAMPUR,MOHD. KHUSHI,UNITED DEMOCRATIC FRONT SECULAR,4,10TH PASS,30,85000,0
UTTAR PRADESH,RAMPUR,NAIM,IND,0,ILLITERATE,51,321961,0
UTTAR PRADESH,RAMPUR,SANJAY KAPOOR,INC,0,GRADUATE PROFESSIONAL,56,97199000,5525000
UTTAR PRADESH,RAMPUR,SAROJ,PEOPLES PARTY OF INDIA (DEMOCRATIC),0,POST GRADUATE,38,1679000,8500
BYE ELECTION ON 23-06-2022   : UTTAR PRADESH,RAMPUR,GHANSHYAM SINGH LODHI,BJP,0,10TH PASS,55,21485502,6961860
BYE ELECTION ON 23-06-2022   : UTTAR PRADESH,RAMPUR,HARIPRAKASH ARYA,SANYUKT SAMAJWADI DAL,0,GRADUATE,29,6088,0
BYE ELECTION ON 23-06-2022   : UTTAR PRADESH,RAMPUR,IMTIYAZ UR REHMAN KHAN,IND,0,LITERATE,48,,
BYE ELECTION ON 23-06-2022   : UTTAR PRADESH,RAMPUR,KAPIL MUNI,IND,6,POST GRADUATE,42,119554223,7200000
BYE ELECTION ON 23-06-2022   : UTTAR PRADESH,RAMPUR,MOHD. ASIM RAJA,SP,8,POST GRADUATE,64,736407,0
BYE ELECTION ON 23-06-2022   : UTTAR PRADESH,RAMPUR,SHIV PRASAD,IND,1,8TH PASS,44,,
UTTAR PRADESH,ROBERTSGANJ,PAKAURI LAL,APNA DAL (SONEYLAL),0,LITERATE,66,23048078,684133
UTTAR PRADESH,ROBERTSGANJ,ANITA,JD(U),0,GRADUATE,38,630000,0
UTTAR PRADESH,ROBERTSGANJ,ANUJ KUMAR,BHARTIYA LOKMAT RASHTRWADI PARTY,0,POST GRADUATE,28,1696772,0
UTTAR PRADESH,ROBERTSGANJ,ASHOK KUMAR KANAUJIYA,CPI,0,GRADUATE PROFESSIONAL,55,,
UTTAR PRADESH,ROBERTSGANJ,BHAGWATI PRASAD CHOUDHARY,INC,0,GRADUATE PROFESSIONAL,64,26146670,4105250
UTTAR PRADESH,ROBERTSGANJ,BHAI LAL,SP,1,8TH PASS,67,20813273,640631
UTTAR PRADESH,ROBERTSGANJ,KAILASH NATH,SUHELDEV BHARTIYA SAMAJ PARTY,0,8TH PASS,40,,
UTTAR PRADESH,ROBERTSGANJ,PRABHU DAYAL,IND,0,12TH PASS,65,1860000,0
UTTAR PRADESH,ROBERTSGANJ,S R DARAPURI,ALL INDIA PEOPLES FRONT (RADICAL),0,GRADUATE,64,12713261,105801
UTTAR PRADESH,ROBERTSGANJ,SUNIL KUMAR,BHARAT PRABHAT PARTY,0,12TH PASS,42,1176000,0
UTTAR PRADESH,ROBERTSGANJ,VIDYA PRAKASH KUREEL,IND,0,GRADUATE,63,,
UTTAR PRADESH,SAHARANPUR,HAJI FAZLUR REHMAN,BSP,0,GRADUATE,67,,
UTTAR PRADESH,SAHARANPUR,AMAR BAHADUR,IND,0,5TH PASS,54,7722000,885528
UTTAR PRADESH,SAHARANPUR,BRIJPAL SINGH,HINDUSTHAN NIRMAN DAL,0,POST GRADUATE,44,1221393,238684
UTTAR PRADESH,SAHARANPUR,IMRAN MASOOD,INC,8,12TH PASS,48,50597337,0
UTTAR PRADESH,SAHARANPUR,INDU DEVI,IND,0,8TH PASS,47,3058900,0
UTTAR PRADESH,SAHARANPUR,MOHD. UVAIS,PRAGATISHIL SAMAJWADI PARTY (LOHIA),0,10TH PASS,54,,
UTTAR PRADESH,SAHARANPUR,PAWAN KUMAR,AAPKI APNI PARTY (PEOPLES),0,10TH PASS,50,53400,0
UTTAR PRADESH,SAHARANPUR,RAGHAV LAKHANPAL,BJP,2,POST GRADUATE,44,47543994,0
UTTAR PRADESH,SAHARANPUR,SHABNAM,IND,0,12TH PASS,28,1061500,0
UTTAR PRADESH,SAHARANPUR,YOGESH DAHIYA,AAP,5,GRADUATE,50,149541616,1141161
UTTAR PRADESH,SALEMPUR,RAVINDER,BJP,0,12TH PASS,55,27031724,249400
UTTAR PRADESH,SALEMPUR,AJIMULLAH,PEACE PARTY,0,POST GRADUATE,64,2305000,0
UTTAR PRADESH,SALEMPUR,CHHOTELAL,IND,0,POST GRADUATE,55,1356000,0
UTTAR PRADESH,SALEMPUR,KAILASH CHAUHAN,JANTA KRANTI PARTY (RASHTRAVADI),0,LITERATE,50,,
UTTAR PRADESH,SALEMPUR,KRIPA SHANKAR PRASAD,BHARATIYA SAMTA SAMAJ PARTY,0,GRADUATE PROFESSIONAL,39,2213000,0
UTTAR PRADESH,SALEMPUR,MOHD SAROOR ALI,JANATA CONGRESS,0,GRADUATE,40,201000,400000
UTTAR PRADESH,SALEMPUR,PUJA PANDEY,PRAGATISHIL SAMAJWADI PARTY (LOHIA),0,12TH PASS,33,,
UTTAR PRADESH,SALEMPUR,R S KUSHWAHA,BSP,0,OTHERS,62,115246002,265057
UTTAR PRADESH,SALEMPUR,RAJARAM,SUHELDEV BHARTIYA SAMAJ PARTY,0,10TH PASS,54,6310007,0
UTTAR PRADESH,SALEMPUR,RAMJI PRATAP JIGYASU,HINDUSTHAN NIRMAN DAL,1,12TH PASS,44,229850,0
UTTAR PRADESH,SALEMPUR,SUMESHWAR NATH TIWARI,RASHTRIYA VIKLANG PARTY,0,POST GRADUATE,40,,
UTTAR PRADESH,SALEMPUR,SUNIL KUMAR PANDEY,IND,0,POST GRADUATE,41,,0
UTTAR PRADESH,SALEMPUR,VIDYA SHANKER PANDEY,IND,0,POST GRADUATE,65,53117000,0
UTTAR PRADESH,SALEMPUR,VISHRAM,IND,0,12TH PASS,40,,
UTTAR PRADESH,SAMBHAL,DR. SHAFIQUR REHMAN BARQ,SP,0,GRADUATE,86,13296671,0
UTTAR PRADESH,SAMBHAL,BHOJ RAJ,SWATANTRA JANTARAJ PARTY,0,POST GRADUATE,63,6245326,0
UTTAR PRADESH,SAMBHAL,FIROZ KHAN,IND,0,LITERATE,37,,
UTTAR PRADESH,SAMBHAL,HASAN RAZA,RASHTRIYA ULAMA COUNCIL,0,GRADUATE,45,418000,0
UTTAR PRADESH,SAMBHAL,ILYAS,BHARTIYA HIND FAUJ,0,LITERATE,45,3476532,0
UTTAR PRADESH,SAMBHAL,KARAN SINGH,PRAGATISHIL SAMAJWADI PARTY (LOHIA),0,12TH PASS,61,,
UTTAR PRADESH,SAMBHAL,MAJOR JAGAT PAL SINGH,INC,0,GRADUATE,78,27137444,0
UTTAR PRADESH,SAMBHAL,MOHD. MASROOR,IND,0,NOT GIVEN,39,120000,185000
UTTAR PRADESH,SAMBHAL,RAM CHANDRA,BHARAT PRABHAT PARTY,0,GRADUATE,27,25100,0
UTTAR PRADESH,SAMBHAL,SHAHLA WAJID,AMBEDKAR SAMAJ PARTY,0,12TH PASS,42,4172000,0
UTTAR PRADESH,SAMBHAL,VIRENDRA KUMAR,IND,0,12TH PASS,53,,
UTTAR PRADESH,SANT KABIR NAGAR,PRAVEEN KUMAR NISHAD,BJP,0,GRADUATE PROFESSIONAL,30,,
UTTAR PRADESH,SANT KABIR NAGAR,AKHILESH KUMAR,MOULIK ADHIKAR PARTY,0,GRADUATE,46,4301046,709201
UTTAR PRADESH,SANT KABIR NAGAR,ANAND KUMAR GAUTAM,BAHUJAN MUKTI PARTY,0,GRADUATE,29,81000,0
UTTAR PRADESH,SANT KABIR NAGAR,BHAL CHANDRA YADAV,INC,2,GRADUATE,60,,
UTTAR PRADESH,SANT KABIR NAGAR,BHISHMA SHANKAR,BSP,0,12TH PASS,54,142535633,0
UTTAR PRADESH,SANT KABIR NAGAR,LOTAN PRASAD,IND,0,GRADUATE,57,1201000,0
UTTAR PRADESH,SANT KABIR NAGAR,RAJENDRA YADAV,IND,0,POST GRADUATE,57,35138400,0
UTTAR PRADESH,SHAHJAHANPUR,ARUN KUMAR SAGAR,BJP,1,12TH PASS,42,,
UTTAR PRADESH,SHAHJAHANPUR,AMAR CHANDRA JAUHAR,BSP,5,POST GRADUATE,48,15755445,1200128
UTTAR PRADESH,SHAHJAHANPUR,ARUN KUMAR,IND,0,10TH PASS,30,208562,0
UTTAR PRADESH,SHAHJAHANPUR,BRAHM SWAROOP SAGAR,INC,0,GRADUATE,47,52249560,2159156
UTTAR PRADESH,SHAHJAHANPUR,DHARMVIR BALMIKI,BHARTIYA BHAICHARA PARTY,0,12TH PASS,27,100000,0
UTTAR PRADESH,SHAHJAHANPUR,KISHAN LAL,SANYUKT VIKAS PARTY,0,8TH PASS,59,,
UTTAR PRADESH,SHAHJAHANPUR,KUNWAR PAL SINGH,JAN SEVA SAHAYAK PARTY,0,12TH PASS,44,3532000,0
UTTAR PRADESH,SHAHJAHANPUR,MANISH CHANDRA KORI,CPI,0,GRADUATE,32,1762720,0
UTTAR PRADESH,SHAHJAHANPUR,NARVEER,PRAGATISHIL SAMAJWADI PARTY (LOHIA),0,GRADUATE,39,10461208,300000
UTTAR PRADESH,SHAHJAHANPUR,SHYAMACHARAN,IND,0,12TH PASS,42,2153810,0
UTTAR PRADESH,SHAHJAHANPUR,SOHAN PAL ALIAS SONPAL,BHARTIYA KRISHAK DAL,0,8TH PASS,58,,
UTTAR PRADESH,SHAHJAHANPUR,VINEET,IND,0,12TH PASS,25,109616,0
UTTAR PRADESH,SHRAWASTI,RAM SHIROMANI,BSP,0,GRADUATE PROFESSIONAL,49,,
UTTAR PRADESH,SHRAWASTI,ARJUN,IND,0,8TH PASS,51,148940,0
UTTAR PRADESH,SHRAWASTI,BALMUKUND,IND,0,GRADUATE,26,315398,94873
UTTAR PRADESH,SHRAWASTI,DADDAN MISHRA,BJP,0,POST GRADUATE,52,,
UTTAR PRADESH,SHRAWASTI,DHIRENDRA PRATAP SINGH,INC,8,POST GRADUATE,54,110455296,1671408
UTTAR PRADESH,SHRAWASTI,HANOMAN PRASSAD MISHRA,KISAN MAZDOOR SANGHARSH PARTY,5,12TH PASS,40,86000,0
UTTAR PRADESH,SHRAWASTI,NABBAN KHAN,CPI,0,LITERATE,63,,
UTTAR PRADESH,SHRAWASTI,RAJWANT SINGH,SHS,1,GRADUATE PROFESSIONAL,47,7600000,300600
UTTAR PRADESH,SHRAWASTI,RAM KUMAR PANDEY,HINDUSTHAN NIRMAN DAL,0,GRADUATE PROFESSIONAL,36,5898888,0
UTTAR PRADESH,SHRAWASTI,UGRASEN SINGH,IND,0,12TH PASS,45,4262224,0
UTTAR PRADESH,SITAPUR,RAJESH VERMA,BJP,1,POST GRADUATE,58,73129716,108148
UTTAR PRADESH,SITAPUR,ANIL SINGH,AAM JANTA PARTY (INDIA),0,LITERATE,30,3762806,0
UTTAR PRADESH,SITAPUR,GEETA DEVI,BAHUJAN AWAM PARTY,0,5TH PASS,39,31000,0
UTTAR PRADESH,SITAPUR,MAHENDRA KUMAR,AWAMI SAMTA PARTY,0,12TH PASS,48,,
UTTAR PRADESH,SITAPUR,NAKUL DUBEY,BSP,1,GRADUATE PROFESSIONAL,53,34286356,0
UTTAR PRADESH,SITAPUR,PYARE LAL BHARGAV,IND,0,12TH PASS,56,2935267,0
UTTAR PRADESH,SITAPUR,QAISER JAHAN,INC,1,8TH PASS,45,,
UTTAR PRADESH,SITAPUR,SAIYYAD ABBU BAKR,BHARAT PRABHAT PARTY,0,GRADUATE,29,259879,0
UTTAR PRADESH,SITAPUR,TURAB ALI,IND,0,LITERATE,48,917200,0
UTTAR PRADESH,SITAPUR,VIJAY KUMAR MISHRA,PRAGATISHIL SAMAJWADI PARTY (LOHIA),3,8TH PASS,52,1773960000,100000000
UTTAR PRADESH,SITAPUR,VINOD KUMAR,IND,0,POST GRADUATE,61,,
UTTAR PRADESH,SULTANPUR,MANEKA SANJAY GANDHI,BJP,0,12TH PASS,62,556926451,11935800
UTTAR PRADESH,SULTANPUR,ABU UMAIMA,IND,0,GRADUATE PROFESSIONAL,32,2616000,0
UTTAR PRADESH,SULTANPUR,AKHILESH,IND,0,GRADUATE,55,12907306,0
UTTAR PRADESH,SULTANPUR,CHANDRA BHADRA SINGH,BSP,6,POST GRADUATE,43,,
UTTAR PRADESH,SULTANPUR,DR. SANJAY SINH,INC,0,DOCTORATE,67,411199451,0
UTTAR PRADESH,SULTANPUR,FIROJ AHAMAD,KANSHIRAM BAHUJAN DAL,0,8TH PASS,40,859968,0
UTTAR PRADESH,SULTANPUR,HARI LAL,RASTRIYA INSAAF PARTY,0,10TH PASS,38,,
UTTAR PRADESH,SULTANPUR,KAMLA DEVI,PRAGATISHIL SAMAJWADI PARTY (LOHIA),5,12TH PASS,42,18251000,676000
UTTAR PRADESH,SULTANPUR,MATHURA,IND,0,12TH PASS,45,1687899,0
UTTAR PRADESH,SULTANPUR,NASIR ALI,BHARAT PRABHAT PARTY,1,12TH PASS,50,10570383,80000
UTTAR PRADESH,SULTANPUR,RISHABH SHRIVASTAVA,BHARTIYA HIND FAUJ,0,GRADUATE,30,,
UTTAR PRADESH,SULTANPUR,SUNITA RAJBHAR,SUHELDEV BHARTIYA SAMAJ PARTY,0,5TH PASS,37,1412500,0
UTTAR PRADESH,SULTANPUR,VIRENDRA,IND,0,LITERATE,40,1340000,0
UTTAR PRADESH,UNNAO,SWAMI SACHCHIDANAND HARI SAKSHI,BJP,4,DOCTORATE,63,40886941,699025
UTTAR PRADESH,UNNAO,ANNU TANDON,INC,1,GRADUATE,61,816046184,96675048
UTTAR PRADESH,UNNAO,ARUN SHANKER SHUKLA,SP,2,10TH PASS,61,458367272,2074764
UTTAR PRADESH,UNNAO,CHEDI LAL,BHARAT PRABHAT PARTY,0,12TH PASS,58,,
UTTAR PRADESH,UNNAO,DEEPAK CHAURASA,JANHIT KISAN PARTY,0,12TH PASS,51,7597500,0
UTTAR PRADESH,UNNAO,SATISH KUMAR,PRAGATISHIL SAMAJWADI PARTY (LOHIA),0,POST GRADUATE,56,8490514,360315
UTTAR PRADESH,UNNAO,SATYENDRA NATH GAUR,IND,0,12TH PASS,62,,
UTTAR PRADESH,UNNAO,SHAILESH KUSHWAHA,AAJAD BHARAT PARTY (DEMOCRATIC),1,12TH PASS,42,6362500,2000000
UTTAR PRADESH,VARANASI,NARENDRA MODI,BJP,0,POST GRADUATE,68,,
UTTAR PRADESH,VARANASI,AASHIN U. S.,INDIAN GANDHIYAN PARTY,2,12TH PASS,32,326000,0
UTTAR PRADESH,VARANASI,ADVOCATE PREM NATH SHARMA,MOULIK ADHIKAR PARTY,0,POST GRADUATE,57,3308426,0
UTTAR PRADESH,VARANASI,AJAY RAI,INC,8,GRADUATE,49,,
UTTAR PRADESH,VARANASI,AMRESH MISHRA,BHARAT PRABHAT PARTY,0,POST GRADUATE,53,2364065,0
UTTAR PRADESH,VARANASI,ANIL KUMAR CHAURASIYA,JANHIT KISAN PARTY,0,GRADUATE,37,7582111,1172000
UTTAR PRADESH,VARANASI,ASHUTOSH KUMAR PANDEY,MERA ADHIKAAR RASHTRIYA DAL,0,GRADUATE,38,,
UTTAR PRADESH,VARANASI,ATEEK AHMAD,IND,59,8TH PASS,54,255020529,0
UTTAR PRADESH,VARANASI,BRIJENDRA DUTT TRIPTAHI,ADARSHWAADI CONGRESS PARTY,0,POST GRADUATE,45,248729,0
UTTAR PRADESH,VARANASI,DR. RAKESH PRATAP,BHARATIYA JAN KRANTI DAL (DEMOCRATIC),0,DOCTORATE,62,8216000,300000
UTTAR PRADESH,VARANASI,DR. SHEKH SIRAJ BABA,RASHTRIYA MATADATA PARTY,5,GRADUATE,48,10819000,400000
UTTAR PRADESH,VARANASI,HARI BHAI PATEL,AAM JANTA PARTY (INDIA),0,GRADUATE,42,,
UTTAR PRADESH,VARANASI,HEENA SHAHID,JANHIT BHARAT PARTY,0,GRADUATE,30,585000,0
UTTAR PRADESH,VARANASI,ISHWAR DAYAL SINGH SETH,IND,0,12TH PASS,57,4755715,0
UTTAR PRADESH,VARANASI,MAANAV,IND,0,GRADUATE PROFESSIONAL,31,,
UTTAR PRADESH,VARANASI,MANISH SHRIVASTAVA,IND,0,12TH PASS,45,2226400,88000
UTTAR PRADESH,VARANASI,MANOHAR ANANDRAO PATIL,IND,0,12TH PASS,58,25000,0
UTTAR PRADESH,VARANASI,RAJESH BHARTI SURYA,RASHTRIYA AMBEDKAR DAL,3,GRADUATE PROFESSIONAL,43,11809000,1800000
UTTAR PRADESH,VARANASI,RAMSHARAN,VIKAS INSAF PARTY,0,DOCTORATE,60,1924809,600000
UTTAR PRADESH,VARANASI,SHALINI YADAV,SP,0,GRADUATE,47,,
UTTAR PRADESH,VARANASI,SUNIL KUMAR,IND,0,GRADUATE,27,306430,0
UTTAR PRADESH,VARANASI,SUNNAM ISTARI,IND,0,ILLITERATE,74,1330000,0
UTTAR PRADESH,VARANASI,SURENDRA RAJBHAR,SUHELDEV BHARTIYA SAMAJ PARTY,1,10TH PASS,35,,
UTTAR PRADESH,VARANASI,TIRBHUWAN SHARMA,BHARATIYA RASHTRAVADI SAMANTA PARTY,0,POST GRADUATE,64,53320039,0
UTTAR PRADESH,VARANASI,UMESH CHANDRA KATIYAR,AL-HIND PARTY,0,GRADUATE,49,13000,0
UTTARAKHAND,ALMORA,AJAY TAMTA,BJP,0,12TH PASS,46,9910448,55845
UTTARAKHAND,ALMORA,DROPADI VERMA,UTTARAKHAND KRANTI DAL (DEMOCRATIC),0,POST GRADUATE,59,23098000,0
UTTARAKHAND,ALMORA,K.L. ARYA,UKD,0,LITERATE,61,,
UTTARAKHAND,ALMORA,PRADEEP TAMTA,INC,1,POST GRADUATE,60,13293598,2500000
UTTARAKHAND,ALMORA,SUNDER DHAUNI,BSP,0,POST GRADUATE,41,2870000,1500000
UTTARAKHAND,ALMORA,VIMLA ARYA,UTTARAKHAND PARIVARTAN PARTY,0,GRADUATE,32,,
UTTARAKHAND,GARHWAL,TIRATH SINGH RAWAT,BJP,0,POST GRADUATE,55,15032657,3500000
UTTARAKHAND,GARHWAL,ANANDMANI DUTT JOSHI,IND,0,8TH PASS,51,1642995,0
UTTARAKHAND,GARHWAL,BHAGWAT PRASAD,IND,0,10TH PASS,57,1038000,0
UTTARAKHAND,GARHWAL,DILENDRR PAL SINGH,UTTARAKHAND KRANTI DAL (DEMOCRATIC),0,OTHERS,42,,
UTTARAKHAND,GARHWAL,DR. MUKESH SEMWAL,SUCI(C),1,DOCTORATE,47,200295,0
UTTARAKHAND,GARHWAL,DR. RAMENDRA SINGH BHANDARI,IND,0,DOCTORATE,40,690000,0
UTTARAKHAND,GARHWAL,MANISH KHANDURI,INC,0,POST GRADUATE,50,,
UTTARAKHAND,GARHWAL,SHANTI PRASAD BHATT,UKD,2,12TH PASS,53,1289500,0
UTTARAKHAND,HARIDWAR,RAMESH POKHRIYAL NISHANK,BJP,0,DOCTORATE,59,28739888,16444
UTTARAKHAND,HARIDWAR,AADIL,IND,0,LITERATE,30,864000,0
UTTARAKHAND,HARIDWAR,AMBRISH KUMAR,INC,0,POST GRADUATE,70,8548506,0
UTTARAKHAND,HARIDWAR,BACHI SINGH,IND,0,8TH PASS,32,,
UTTARAKHAND,HARIDWAR,BHANPAL SINGH,BAHUJAN MUKTI PARTY,0,POST GRADUATE,65,21240576,0
UTTARAKHAND,HARIDWAR,DHARMENDRA,IND,0,POST GRADUATE,32,208000,0
UTTARAKHAND,HARIDWAR,DR. ANTRIKSH SAINI,BSP,0,GRADUATE PROFESSIONAL,60,,
UTTARAKHAND,HARIDWAR,FURKAN ALI,PRAGATISHIL SAMAJWADI PARTY (LOHIA),0,POST GRADUATE,56,7182794,239092
UTTARAKHAND,HARIDWAR,LALIT KUMAR,PEOPLES PARTY OF INDIA (DEMOCRATIC),0,POST GRADUATE,31,100000,0
UTTARAKHAND,HARIDWAR,REENU,HINDUSTHAN NIRMAN DAL,0,POST GRADUATE,38,2150701,40000
UTTARAKHAND,HARIDWAR,SHISHUPAL SINGH,IND,0,12TH PASS,46,,
UTTARAKHAND,HARIDWAR,SURENDRA KUMAR UPADHAYAY,UKD,0,GRADUATE,0,4278300,2100000
UTTARAKHAND,HARIDWAR,TRIBIRENDRA SINGH RAWAT,UTTARAKHAND KRANTI DAL (DEMOCRATIC),0,12TH PASS,30,3941321,0
UTTARAKHAND,NAINITAL-UDHAMSINGH NAGAR,AJAY BHATT,BJP,0,GRADUATE PROFESSIONAL,57,19699529,0
UTTARAKHAND,NAINITAL-UDHAMSINGH NAGAR,HARISH RAWAT,INC,1,GRADUATE PROFESSIONAL,71,56735244,10712888
UTTARAKHAND,NAINITAL-UDHAMSINGH NAGAR,JYOTI PRAKASH TAMTA,BAHUJAN MUKTI PARTY,0,OTHERS,65,,
UTTARAKHAND,NAINITAL-UDHAMSINGH NAGAR,KAILASH PANDEY,CPI(ML)(L),0,DOCTORATE,47,1255235,0
UTTARAKHAND,NAINITAL-UDHAMSINGH NAGAR,NAVNEET AGARWAL,BSP,0,GRADUATE PROFESSIONAL,46,88443578,35352263
UTTARAKHAND,NAINITAL-UDHAMSINGH NAGAR,PREM PRASAD ARYA,PRAGATISHEEL LOK MANCH,0,GRADUATE,71,,
UTTARAKHAND,NAINITAL-UDHAMSINGH NAGAR,SUKUMAR VISHWASH,IND,0,LITERATE,68,2055399,0
UTTARAKHAND,TEHRI GARHWAL,MALA RAJYA LAXMI SHAH,BJP,0,12TH PASS,68,,
UTTARAKHAND,TEHRI GARHWAL,ANU PANT,UTTARAKHAND KRANTI DAL (DEMOCRATIC),1,GRADUATE PROFESSIONAL,32,3935900,350000
UTTARAKHAND,TEHRI GARHWAL,BARHM DEV JHA,IND,0,POST GRADUATE,53,24531259,0
UTTARAKHAND,TEHRI GARHWAL,BRIJ BHUSHAN KARANWAL,IND,0,POST GRADUATE,41,,
UTTARAKHAND,TEHRI GARHWAL,DAULAT KUNWAR,IND,0,10TH PASS,48,4757609,2200000
UTTARAKHAND,TEHRI GARHWAL,GAUTAM SINGH BISHT,SARV VIKAS PARTY,0,8TH PASS,46,9467000,0
UTTARAKHAND,TEHRI GARHWAL,GOPAL MANI,IND,0,POST GRADUATE,59,,
UTTARAKHAND,TEHRI GARHWAL,JAY PRAKASH UPADHYAY,UKD,2,GRADUATE,44,22160000,60000
UTTARAKHAND,TEHRI GARHWAL,MADHU SHAH,IND,0,5TH PASS,34,88000,0
UTTARAKHAND,TEHRI GARHWAL,PRITAM SINGH,INC,1,GRADUATE PROFESSIONAL,60,94252961,9278744
UTTARAKHAND,TEHRI GARHWAL,RAJENDRA PUROHIT,CPI(M),0,GRADUATE,57,15220000,0
UTTARAKHAND,TEHRI GARHWAL,SANJAY GOYAL,IND,0,10TH PASS,46,,
UTTARAKHAND,TEHRI GARHWAL,SANJAY KUNDALIYA,UTTARAKHAND PRAGATISHEEL PARTY,0,GRADUATE PROFESSIONAL,47,126814026,6888378
UTTARAKHAND,TEHRI GARHWAL,SARDAR KHAN,IND,0,8TH PASS,57,2116556,50000
UTTARAKHAND,TEHRI GARHWAL,SATYAPAL,BSP,1,5TH PASS,61,,
WEST BENGAL,ALIPURDUARS,JOHN BARLA,BJP,9,8TH PASS,43,,
WEST BENGAL,ALIPURDUARS,DASRATH TIRKEY,AITC,0,GRADUATE,52,9039609,581713
WEST BENGAL,ALIPURDUARS,GERGORY TRIKEY,IND,0,GRADUATE,36,1461968,361000
WEST BENGAL,ALIPURDUARS,MILI ORAON,REVOLUTIONARY SOCIALIST PARTY,0,POST GRADUATE,42,2804955,304672
WEST BENGAL,ALIPURDUARS,MOHANLAL BASUMATA,INC,0,GRADUATE PROFESSIONAL,44,2320328,659760
WEST BENGAL,ALIPURDUARS,PRASEN JAYANT KINDO,IND,0,GRADUATE,32,,
WEST BENGAL,ALIPURDUARS,RABICHAN RABHA,SUCI(C),0,10TH PASS,49,1083670,0
WEST BENGAL,ARAMBAG,APARUPA PODDAR (AFRIN ALI),AITC,1,POST GRADUATE,33,12527597,4244000
WEST BENGAL,ARAMBAG,BINAY KUMAR MALIK,RASHTRIYA JANADHIKAR SURAKSHA PARTY,0,12TH PASS,42,193000,0
WEST BENGAL,ARAMBAG,CHITTARANJAN MALLICK,IND,0,10TH PASS,60,,
WEST BENGAL,ARAMBAG,JHANTU LAL PAKRE,BHARATIYA NYAY-ADHIKAR RAKSHA PARTY,3,GRADUATE PROFESSIONAL,49,5236450,0
WEST BENGAL,ARAMBAG,JYOTI KUMARI DAS,INC,0,GRADUATE,41,12069004,2996520
WEST BENGAL,ARAMBAG,PROSANTA MALIK,SUCI(C),0,GRADUATE,44,,
WEST BENGAL,ARAMBAG,SAKTI MOHAN MALIK,CPI(M),2,POST GRADUATE,59,10448352,17324
WEST BENGAL,ARAMBAG,SAMIR MITRA,BSP,0,GRADUATE,56,41565,657278
WEST BENGAL,ASANSOL,BABUL SUPRIYA BARAL,BJP,4,GRADUATE,48,,
WEST BENGAL,ASANSOL,ABHISHEK KUMAR SINGH,SHS,0,POST GRADUATE,49,8889200,6996000
WEST BENGAL,ASANSOL,AMARNATH CHOWDHURY,SUCI(C),0,POST GRADUATE,63,10665432,0
WEST BENGAL,ASANSOL,BISWARUP MONDAL,INC,0,10TH PASS,37,10163408,2629771
WEST BENGAL,ASANSOL,GOURANGA CHATTERJEE,CPI(M),3,POST GRADUATE,59,1618401,0
WEST BENGAL,ASANSOL,KAJAL BANERJEE,IND,0,GRADUATE,53,,
WEST BENGAL,ASANSOL,MD ZAHIR ALAM,BAHUJAN MUKTI PARTY,0,POST GRADUATE,62,1748,0
WEST BENGAL,ASANSOL,SANDIP SARKAR,BSP,0,8TH PASS,53,11300,0
WEST BENGAL,ASANSOL,SWARAJ DAS,IND,1,GRADUATE,52,1190695,40000
BYE ELECTION ON 12-04-2022 : WEST BENGAL,ASANSOL,SHATRUGHAN PRASAD SINHA,AITC,2,GRADUATE,75,1327455927,291301186
BYE ELECTION ON 12-04-2022 : WEST BENGAL,ASANSOL,AGNIMITRA PAUL,BJP,5,GRADUATE,49,24126224,11700000
BYE ELECTION ON 12-04-2022 : WEST BENGAL,ASANSOL,AMITAV NASKAR,IND,0,POST GRADUATE,36,1751000,450000
BYE ELECTION ON 12-04-2022 : WEST BENGAL,ASANSOL,JAGODISH MANDAL,BHARATIYA NYAY-ADHIKAR RAKSHA PARTY,0,8TH PASS,49,,
BYE ELECTION ON 12-04-2022 : WEST BENGAL,ASANSOL,PARTHA MUKHERJEE,CPI(M),2,GRADUATE,59,5432316,0
BYE ELECTION ON 12-04-2022 : WEST BENGAL,ASANSOL,PRABHU NATH SAH,IND,0,POST GRADUATE,62,3025194,3610000
BYE ELECTION ON 12-04-2022 : WEST BENGAL,ASANSOL,PRASENJIT PUITANDY (SANKU),INC,3,12TH PASS,42,,
BYE ELECTION ON 12-04-2022 : WEST BENGAL,ASANSOL,SUNNY KUMAR SAH,IND,0,12TH PASS,32,8898149,0
WEST BENGAL,BAHARAMPUR,ADHIR RANJAN CHOWDHURY,INC,7,10TH PASS,63,101315437,8506984
WEST BENGAL,BAHARAMPUR,ANISUL AMBIA,SUCI(C),0,GRADUATE,56,7549956,0
WEST BENGAL,BAHARAMPUR,APURBA SARKAR,AITC,9,12TH PASS,55,,
WEST BENGAL,BAHARAMPUR,ASISH SINGHA,SHS,0,12TH PASS,30,14300,0
WEST BENGAL,BAHARAMPUR,DURBADAL DAS,IND,0,8TH PASS,43,291110,0
WEST BENGAL,BAHARAMPUR,KASHINATH DUTTA,RPI(A),0,12TH PASS,68,,
WEST BENGAL,BAHARAMPUR,KRISHNA JOYARDAR,BJP,0,GRADUATE,55,6200,0
WEST BENGAL,BAHARAMPUR,KUSHADHAJ BALA,BSP,0,12TH PASS,48,5281000,45000
WEST BENGAL,BAHARAMPUR,SAIKH ID MOHAMMAD,REVOLUTIONARY SOCIALIST PARTY,0,GRADUATE,66,3968029,322779
WEST BENGAL,BAHARAMPUR,SAMIR BISWAS,IND,0,8TH PASS,38,10200,0
WEST BENGAL,BALURGHAT,SUKANTA MAJUMDAR,BJP,0,DOCTORATE,40,5825866,2168170
WEST BENGAL,BALURGHAT,ABDUS SADEK SARKAR,INC,4,GRADUATE PROFESSIONAL,40,21868500,9884000
WEST BENGAL,BALURGHAT,ARPITA GHOSH,AITC,0,GRADUATE,52,2824728,0
WEST BENGAL,BALURGHAT,BIBHUTI TUDU,IND,0,10TH PASS,42,,
WEST BENGAL,BALURGHAT,BIREN MAHANTA,SUCI(C),1,GRADUATE PROFESSIONAL,43,3074000,0
WEST BENGAL,BALURGHAT,MANAS CHAKRABORTY,CPI(ML) RED STAR,2,10TH PASS,55,5000,0
WEST BENGAL,BALURGHAT,MUSLIMA KHATUN,IND,0,10TH PASS,40,,
WEST BENGAL,BALURGHAT,NALIN CHANDRA MURMU,BSP,0,10TH PASS,62,1883293,0
WEST BENGAL,BALURGHAT,NARAN TUDU,JMM,0,10TH PASS,25,5000,0
WEST BENGAL,BALURGHAT,RANEN BARMAN,REVOLUTIONARY SOCIALIST PARTY,0,10TH PASS,50,4632504,0
WEST BENGAL,BALURGHAT,RANENDRA NATH MALI,BAHUJAN MUKTI PARTY,0,12TH PASS,65,474000,0
WEST BENGAL,BALURGHAT,RANJIT KUMAR MOHANTA,SHS,0,GRADUATE,61,,
WEST BENGAL,BANGAON,SHANTANU THAKUR,BJP,8,GRADUATE,37,,
WEST BENGAL,BANGAON,ALAKESH DAS,CPI(M),1,GRADUATE PROFESSIONAL,55,5556977,524879
WEST BENGAL,BANGAON,ANIMESH CHANDRA HALDER,IND,0,12TH PASS,40,30000,0
WEST BENGAL,BANGAON,CHANDAN MALLICK,BSP,0,GRADUATE,48,,
WEST BENGAL,BANGAON,MAMATA THAKUR,AITC,4,5TH PASS,51,22042316,0
WEST BENGAL,BANGAON,SAMARESH BISWAS,PARTY FOR DEMOCRATIC SOCIALISM,0,10TH PASS,53,4261832,38700
WEST BENGAL,BANGAON,SOURAV PROSAD,INC,3,POST GRADUATE,28,3026068,39999
WEST BENGAL,BANGAON,SUBRATA BISWAS,BAHUJAN MUKTI PARTY,0,GRADUATE,45,1966504,0
WEST BENGAL,BANGAON,SWAPAN MONDAL,SUCI(C),0,GRADUATE,48,19760,0
WEST BENGAL,BANKURA,SUBHAS KUMAR SARKAR,BJP,1,GRADUATE PROFESSIONAL,65,19799440,3261495
WEST BENGAL,BANKURA,ABDUL RAHIM MALLIK,IND,0,LITERATE,52,977587,0
WEST BENGAL,BANKURA,AMIYA PATRA,CPI(M),1,GRADUATE,67,7521446,0
WEST BENGAL,BANKURA,ANANDA KUMAR SAREN,RASHTRIYA JANADHIKAR SURAKSHA PARTY,0,GRADUATE,43,,
WEST BENGAL,BANKURA,ANIMESH MAL,BHARATIYA NYAY-ADHIKAR RAKSHA PARTY,0,POST GRADUATE,27,357097,58000
WEST BENGAL,BANKURA,BIBHUTI SARDAR,IND,0,10TH PASS,64,3193060,100000
WEST BENGAL,BANKURA,GOUR CHANDRA (AKHAN) HEMBRAM,JHARKHAND PEOPLES PARTY,0,POST GRADUATE,46,,
WEST BENGAL,BANKURA,MAHADEB BAURI,BSP,1,10TH PASS,39,470000,295380
WEST BENGAL,BANKURA,MILAN MANDI,IND,5,12TH PASS,40,290750,0
WEST BENGAL,BANKURA,SHYAMAL KUMAR PALIT,IND,0,POST GRADUATE,42,1853913,150000
WEST BENGAL,BANKURA,SUBHASH SARKAR,SHS,0,8TH PASS,50,,
WEST BENGAL,BANKURA,SUBRATA MUKHERJEE,AITC,2,POST GRADUATE,72,12235759,0
WEST BENGAL,BANKURA,SUKCHAND SAREN,CPI(ML) RED STAR,0,10TH PASS,58,800,0
WEST BENGAL,BANKURA,TANMAY MANDAL,SUCI(C),0,GRADUATE PROFESSIONAL,54,,
WEST BENGAL,BARASAT,DR. KAKOLI GHOSHDASTIDAR,AITC,2,POST GRADUATE,60,40531018,1496059
WEST BENGAL,BARASAT,BANI CHAKRABORTY,SHS,0,GRADUATE,46,2189962,7000
WEST BENGAL,BARASAT,DEBASISH BISWAS,AMRA BANGALEE,0,10TH PASS,53,2097423,0
WEST BENGAL,BARASAT,DIPANKAR BAIDYA,RASHTRIYA JANASACHETAN PARTY,0,GRADUATE,39,,
WEST BENGAL,BARASAT,HARIPADA BISWAS,AIFB,0,12TH PASS,61,11890602,0
WEST BENGAL,BARASAT,MRINAL KANTI BHATTACHARJEE,IND,0,12TH PASS,57,,
WEST BENGAL,BARASAT,MRINAL KANTI DEBNATH,BJP,0,GRADUATE PROFESSIONAL,68,4949682,3370182
WEST BENGAL,BARASAT,OLI MAHAMMAD MALLICK,CPI(ML) RED STAR,32,12TH PASS,49,825815,0
WEST BENGAL,BARASAT,SUBRATA DUTTA,INC,0,GRADUATE,57,33601000,0
WEST BENGAL,BARASAT,SUKUMAR BALA,BSP,0,POST GRADUATE,44,7397647,830000
WEST BENGAL,BARASAT,TUSHAR GHOSH,SUCI(C),0,GRADUATE,56,,
WEST BENGAL,BARDHAMAN DURGAPUR,SURENDRAJEET SINGH AHLUWALIA,BJP,0,GRADUATE PROFESSIONAL,67,,
WEST BENGAL,BARDHAMAN DURGAPUR,ABHAS RAY CHAUDHURI,CPI(M),2,POST GRADUATE,50,4267888,0
WEST BENGAL,BARDHAMAN DURGAPUR,MAMTAZ SANGHAMITA,AITC,0,POST GRADUATE,73,136680993,0
WEST BENGAL,BARDHAMAN DURGAPUR,RAMKRISHNA MALIK,BSP,0,POST GRADUATE,32,,
WEST BENGAL,BARDHAMAN DURGAPUR,RANAJIT MUKHERJEE,INC,0,OTHERS,39,16662068,89517
WEST BENGAL,BARDHAMAN DURGAPUR,SUCHETA BANERJEE,SUCI(C),0,POST GRADUATE,50,1296629,109000
WEST BENGAL,BARDHAMAN PURBA,SUNIL KUMAR MONDAL,AITC,0,GRADUATE PROFESSIONAL,61,20371283,148598
WEST BENGAL,BARDHAMAN PURBA,BIPLAB MISTRI,BHARATIYA NYAY-ADHIKAR RAKSHA PARTY,0,5TH PASS,49,7383499,3249000
WEST BENGAL,BARDHAMAN PURBA,ISWAR CHANDRA DAS,CPI(M),2,POST GRADUATE,58,5892873,2811235
WEST BENGAL,BARDHAMAN PURBA,MUKUL BISWAS,BSP,0,POST GRADUATE,46,,
WEST BENGAL,BARDHAMAN PURBA,NIRMAL MAJHI,SUCI(C),0,12TH PASS,37,19324,0
WEST BENGAL,BARDHAMAN PURBA,PARESH CHANDRA DAS,BJP,1,POST GRADUATE,61,30401786,0
WEST BENGAL,BARDHAMAN PURBA,SIDDHARTHA MAJUMDAR,INC,0,POST GRADUATE,37,,
WEST BENGAL,BARRACKPUR,ARJUN SINGH,BJP,24,10TH PASS,57,8055691,1100000
WEST BENGAL,BARRACKPUR,DINESH TRIVEDI,AITC,0,POST GRADUATE,68,66207289,15925213
WEST BENGAL,BARRACKPUR,GANESH DAS,IND,3,10TH PASS,57,,
WEST BENGAL,BARRACKPUR,GARGI CHATTERJEE,CPI(M),0,GRADUATE,47,57140,0
WEST BENGAL,BARRACKPUR,GOPAL RAUT,IND,11,8TH PASS,50,13266243,6129247
WEST BENGAL,BARRACKPUR,KRISHANPAL BALMIKI,IND,0,10TH PASS,43,,
WEST BENGAL,BARRACKPUR,KUNDAN SINGH,IND,0,10TH PASS,35,717721,0
WEST BENGAL,BARRACKPUR,MD. ALAM,INC,0,8TH PASS,44,2809421,0
WEST BENGAL,BARRACKPUR,PRADIP CHAUDHURI,SUCI(C),0,GRADUATE,65,1936291,0
WEST BENGAL,BARRACKPUR,RAMU MANDI,IND,0,8TH PASS,40,116145,0
WEST BENGAL,BARRACKPUR,SHAMPA SIL,IND,0,GRADUATE,41,,
WEST BENGAL,BARRACKPUR,SOURAV SINGH,IND,4,12TH PASS,26,17538275,9020996
WEST BENGAL,BARRACKPUR,TAPASH SARKAR,BSP,0,12TH PASS,48,10000,0
WEST BENGAL,BARRACKPUR,UDAY VEER CHOUDHURY,IND,0,GRADUATE PROFESSIONAL,41,,
WEST BENGAL,BASIRHAT,NUSRAT JAHAN RUHI,AITC,0,12TH PASS,28,29088391,16881608
WEST BENGAL,BASIRHAT,ABDUL HANNAN SARDAR,IND,0,5TH PASS,63,1067000,0
WEST BENGAL,BASIRHAT,ABUL KASHEM DHALI,BSP,0,12TH PASS,56,933811,0
WEST BENGAL,BASIRHAT,AJAY KUMAR BAIN,SUCI(C),0,GRADUATE,54,,
WEST BENGAL,BASIRHAT,AMIYA SARKAR,IND,0,GRADUATE,51,543825,0
WEST BENGAL,BASIRHAT,IMAMUL HASAN MALLIK,BHARATIYA NYAY-ADHIKAR RAKSHA PARTY,0,GRADUATE PROFESSIONAL,44,243000,0
WEST BENGAL,BASIRHAT,MD. TABAROK HOSSAIN MOLLA,ALL INDIA LABOUR PARTY,0,GRADUATE,28,,
WEST BENGAL,BASIRHAT,MIZANOOR RAHAMAN,IND,1,8TH PASS,45,33549078,26000000
WEST BENGAL,BASIRHAT,PARIMAL MISTRI,IND,0,12TH PASS,70,485780,15000
WEST BENGAL,BASIRHAT,QUAZI ABDUR RAHIM,INC,1,POST GRADUATE,51,2294651,0
WEST BENGAL,BASIRHAT,SAYANTAN BASU,BJP,14,POST GRADUATE,42,,
WEST BENGAL,BASIRHAT,SUBHASIS KUMAR BHOWMIK,IND,0,12TH PASS,55,47200,0
WEST BENGAL,BIRBHUM,SATABDI ROY (BANERJEE),AITC,0,GRADUATE,49,,
WEST BENGAL,BIRBHUM,AYESHA KHATUN,SUCI(C),0,GRADUATE,49,83300,0
WEST BENGAL,BIRBHUM,CHITTARANJAN HANSDA,IND,0,POST GRADUATE,63,542000,0
WEST BENGAL,BIRBHUM,DUDH KUMAR MONDAL,BJP,7,GRADUATE,63,,
WEST BENGAL,BIRBHUM,FARUK AHAMED,RASHTRAVADI JANATA PARTY,0,10TH PASS,49,3294000,120000
WEST BENGAL,BIRBHUM,FIROJ ALI,BHARATIYA NATIONAL JANTA DAL,0,10TH PASS,39,90000,0
WEST BENGAL,BIRBHUM,IMAM HOSSAIN,INC,0,12TH PASS,51,,
WEST BENGAL,BIRBHUM,MD. REZAUL KARIM,CPI(M),0,DOCTORATE,54,11877651,1595184
WEST BENGAL,BIRBHUM,PRABIR MUKHOPADHYAY,BSP,0,10TH PASS,56,320000,0
WEST BENGAL,BISHNUPUR,SAUMITRA KHAN,BJP,6,12TH PASS,38,,
WEST BENGAL,BISHNUPUR,AJIT KUMAR BAURI,SUCI(C),0,GRADUATE,38,117442,0
WEST BENGAL,BISHNUPUR,BASUDEB SIKARI,BAHUJAN MUKTI PARTY,0,12TH PASS,43,550000,0
WEST BENGAL,BISHNUPUR,JITENDRA NATH ROY,CPI(ML) RED STAR,0,8TH PASS,62,,
WEST BENGAL,BISHNUPUR,NARAYAN CHANDRA KHAN,INC,0,GRADUATE PROFESSIONAL,67,3247596,0
WEST BENGAL,BISHNUPUR,SANJIT KHAN,IND,0,12TH PASS,39,37000,0
WEST BENGAL,BISHNUPUR,SHYAMAL SANTRA,AITC,0,POST GRADUATE,39,4642924,650000
WEST BENGAL,BISHNUPUR,SUNIL KHAN,CPI(M),0,GRADUATE,72,20299997,0
WEST BENGAL,BOLPUR,ASIT KUMAR MAL,AITC,0,10TH PASS,63,1310691,0
WEST BENGAL,BOLPUR,ABHIJIT SAHA,INC,0,GRADUATE,47,4195922,113600
WEST BENGAL,BOLPUR,BIJOY KRISHNA DOLUI,SUCI(C),0,POST GRADUATE,48,,
WEST BENGAL,BOLPUR,RAMCHANDRA DOME,CPI(M),3,GRADUATE PROFESSIONAL,61,2320217,0
WEST BENGAL,BOLPUR,RAMPRASAD DAS,BJP,0,POST GRADUATE,53,11501067,4905000
WEST BENGAL,BOLPUR,SAMIRAN DAS,BSP,0,8TH PASS,39,,
WEST BENGAL,BOLPUR,SIMANTA MONDAL,RASHTRAVADI JANATA PARTY,0,GRADUATE,44,1126000,0
WEST BENGAL,COOCH BEHAR,SRI NISITH PRAMANIK,BJP,11,8TH PASS,33,9629810,0
WEST BENGAL,COOCH BEHAR,ADHIKARY PARESH CHANDRA,AITC,0,12TH PASS,66,41775148,4120964
WEST BENGAL,COOCH BEHAR,DHANANJOY BARMAN,WELFARE PARTY OF INDIA,0,POST GRADUATE,33,210000,0
WEST BENGAL,COOCH BEHAR,GOBINDA CHANDRA ROY,AIFB,2,POST GRADUATE,61,,
WEST BENGAL,COOCH BEHAR,HAREKRISHNA SARKAR,IND,1,DOCTORATE,46,4090011,1747681
WEST BENGAL,COOCH BEHAR,KANGSA RAJ BARMAN,KAMATAPUR PEOPLES PARTY (UNITED),1,10TH PASS,49,3143000,0
WEST BENGAL,COOCH BEHAR,NARESH CHANDRA ROY,IND,0,POST GRADUATE,46,,
WEST BENGAL,COOCH BEHAR,NIRMAL KUMAR ROY,IND,0,GRADUATE,48,2510000,0
WEST BENGAL,COOCH BEHAR,PIYA ROY CHOWDHURY,INC,0,POST GRADUATE,38,7263933,547297
WEST BENGAL,COOCH BEHAR,SUBODH BARMAN,AMRA BANGALEE,0,8TH PASS,62,1406119,0
WEST BENGAL,DARJEELING,RAJU BISTA,BJP,0,GRADUATE,33,195373460,27428941
WEST BENGAL,DARJEELING,AJAY DAHAL,IND,0,12TH PASS,46,5546008,0
WEST BENGAL,DARJEELING,AMAR SINGH RAI,AITC,2,POST GRADUATE,71,17051116,120000
WEST BENGAL,DARJEELING,BHARAT DONG,GORKHA RASHTRIYA CONGRESS,1,8TH PASS,75,,
WEST BENGAL,DARJEELING,CHRISTOPHER GAHATRAJ,INDIAN DEMOCRATIC REPUBLICAN FRONT,0,GRADUATE,65,3000,0
WEST BENGAL,DARJEELING,DIGBIJAY MANDAL,IND,0,10TH PASS,58,2542668,37618
WEST BENGAL,DARJEELING,DIPAK KUMAR ROY,KAMATAPUR PEOPLES PARTY (UNITED),0,10TH PASS,49,,
WEST BENGAL,DARJEELING,HARKA BAHADUR CHHETRI,ALL INDIA JANA ANDOLAN PARTY,3,DOCTORATE,62,10844249,0
WEST BENGAL,DARJEELING,NIRODE CHANDRA ADHIKARY,IND,0,12TH PASS,66,1110777,0
WEST BENGAL,DARJEELING,RESEEKA CHETTRI,IND,0,12TH PASS,29,771856,0
WEST BENGAL,DARJEELING,SAMAN PATHAK,CPI(M),7,GRADUATE,46,,
WEST BENGAL,DARJEELING,SANKAR MALAKAR,INC,2,GRADUATE,65,36563205,0
WEST BENGAL,DARJEELING,SUDIP MANDAL,BSP,0,12TH PASS,40,2550000,447000
WEST BENGAL,DARJEELING,SUNIL PANDIT,RASHTRIYA JANASACHETAN PARTY,0,8TH PASS,39,,
WEST BENGAL,DARJEELING,TANMAY DUTTA,SUCI(C),0,GRADUATE,53,716677,0
WEST BENGAL,DIAMOND HARBOUR,ABHISHEK BANERJEE,AITC,0,GRADUATE,31,13794320,0
WEST BENGAL,DIAMOND HARBOUR,AJAY GHOSH,SUCI(C),1,POST GRADUATE,69,4335520,0
WEST BENGAL,DIAMOND HARBOUR,FUAD HALIM,CPI(M),0,GRADUATE PROFESSIONAL,48,,
WEST BENGAL,DIAMOND HARBOUR,MD. GORIBULLA MOLLA,BSP,0,10TH PASS,43,1192900,0
WEST BENGAL,DIAMOND HARBOUR,NILANJAN ROY,BJP,4,POST GRADUATE,43,4559455,935601
WEST BENGAL,DIAMOND HARBOUR,PRABIR SARKAR,IND,0,POST GRADUATE,58,,
WEST BENGAL,DIAMOND HARBOUR,SANTOSH KUMAR,SHS,2,GRADUATE,39,6255831,2353546
WEST BENGAL,DIAMOND HARBOUR,SOUMYA AICH ROY,INC,0,POST GRADUATE,49,12534000,500000
WEST BENGAL,DIAMOND HARBOUR,SWARNALATA SARKAR,BHARATIYA NYAY-ADHIKAR RAKSHA PARTY,0,10TH PASS,44,119297,82250
WEST BENGAL,DUM DUM,SOUGATA RAY,AITC,1,POST GRADUATE,71,42518790,0
WEST BENGAL,DUM DUM,AMIT SENGUPTA,RASHTRIYA JANASACHETAN PARTY,0,12TH PASS,67,2415100,270000
WEST BENGAL,DUM DUM,INDRANIL BANERJEE,SHS,0,GRADUATE,44,245511,0
WEST BENGAL,DUM DUM,JHUMA SAHA,PARTY FOR DEMOCRATIC SOCIALISM,0,GRADUATE,41,,
WEST BENGAL,DUM DUM,NARESH CHANDRA BARUI,BSP,0,GRADUATE,47,9815881,20000
WEST BENGAL,DUM DUM,NEPALDEB BHATTACHARYA,CPI(M),2,GRADUATE,67,7743732,0
WEST BENGAL,DUM DUM,SAMIK BHATTACHARYA,BJP,2,GRADUATE,56,,
WEST BENGAL,DUM DUM,SATYA BRATA BANDYOPADHYAY,RASHTRIYA JANADHIKAR SURAKSHA PARTY,0,POST GRADUATE,57,4749233,0
WEST BENGAL,DUM DUM,SAURAV SAHA,INC,1,GRADUATE PROFESSIONAL,37,12367000,5296000
WEST BENGAL,DUM DUM,SUBIR DAS,NEW DEMOCRATIC PARTY OF INDIA,0,12TH PASS,50,41200,0
WEST BENGAL,DUM DUM,TARUN KUMAR DAS,SUCI(C),0,POST GRADUATE,61,,
WEST BENGAL,GHATAL,DEEPAK ADHIKARI,AITC,0,OTHERS,36,317320579,7879681
WEST BENGAL,GHATAL,BHARATI GHOSH,BJP,11,POST GRADUATE,56,180138687,7339380
WEST BENGAL,GHATAL,DINESH MAIKAP,SUCI(C),0,POST GRADUATE,46,,
WEST BENGAL,GHATAL,DR. UJJWAL KUMAR GHATAK,SHS,0,DOCTORATE,45,9189962,0
WEST BENGAL,GHATAL,KHANDAKAR MD. SAIFULLAH (SAIFUL),INC,0,POST GRADUATE,33,11446716,0
WEST BENGAL,GHATAL,SURAJIT SENAPATI,BSP,0,POST GRADUATE,30,,
WEST BENGAL,GHATAL,TAPAN GANGULI,CPI,0,12TH PASS,63,2754951,0
WEST BENGAL,HOOGHLY,LOCKET CHATTERJEE,BJP,14,GRADUATE,45,,
WEST BENGAL,HOOGHLY,BHASKAR GHOSH,SUCI(C),0,POST GRADUATE,39,4867929,73000
WEST BENGAL,HOOGHLY,DULAL CHANDRA HEMBRAM,IND,0,12TH PASS,61,9103000,900000
WEST BENGAL,HOOGHLY,NOOR HOSSAIN MONDAL,IND,0,LITERATE,34,12563,0
WEST BENGAL,HOOGHLY,PRADIP SAHA,CPI(M),1,12TH PASS,58,1675744,0
WEST BENGAL,HOOGHLY,PRATUL CHANDRA SAHA,INC,1,12TH PASS,57,,
WEST BENGAL,HOOGHLY,RATNA DE,AITC,0,GRADUATE PROFESSIONAL,70,34779481,0
WEST BENGAL,HOOGHLY,SAJAL ADHIKARI,CPI(ML)(L),1,POST GRADUATE,55,4708000,155035
WEST BENGAL,HOWRAH,PRASUN BANERJEE,AITC,1,GRADUATE,64,13216066,0
WEST BENGAL,HOWRAH,ASHRAF ALI,IND,0,10TH PASS,52,194989,0
WEST BENGAL,HOWRAH,CHANDRA SEKHAR JHA,SHS,2,GRADUATE PROFESSIONAL,34,5465742,1299742
WEST BENGAL,HOWRAH,DEBASISH MANDAL,IND,0,GRADUATE PROFESSIONAL,43,,
WEST BENGAL,HOWRAH,GAUTAM KUMAR SHAW,PURVANCHAL JANTA PARTY (SECULAR),0,GRADUATE,40,37941,0
WEST BENGAL,HOWRAH,IMTIAZ AHMED MOLLAH,IND,2,12TH PASS,52,60000,10000
WEST BENGAL,HOWRAH,KANAI SIT,IND,0,8TH PASS,29,,
WEST BENGAL,HOWRAH,KASHI NATH MALICK,IND,0,8TH PASS,35,16320,0
WEST BENGAL,HOWRAH,MD. SHANAWAZ,SUCI(C),0,POST GRADUATE,61,10268828,0
WEST BENGAL,HOWRAH,RANTIDEV SENGUPTA,BJP,0,POST GRADUATE,60,5604890,0
WEST BENGAL,HOWRAH,SAMIR MONDAL,IND,0,10TH PASS,45,,
WEST BENGAL,HOWRAH,SEKHAR MONDAL,IND,0,12TH PASS,46,594359,0
WEST BENGAL,HOWRAH,SHAILENDRA KUMAR JAISWAL,IND,3,GRADUATE,49,9206000,41000
WEST BENGAL,HOWRAH,SHYAM PRASAD RAM,IND,0,8TH PASS,45,,
WEST BENGAL,HOWRAH,SISIR SAMANTA,IND,0,10TH PASS,59,4143334,0
WEST BENGAL,HOWRAH,SUDARSAN MANNA,SAMAJTANTRIC PARTY OF INDIA,0,10TH PASS,73,253600,0
WEST BENGAL,HOWRAH,SUVRA GHOSH,INC,0,GRADUATE,63,4706143,0
WEST BENGAL,JADAVPUR,MIMI CHAKRABORTY,AITC,0,GRADUATE,30,24398786,1900788
WEST BENGAL,JADAVPUR,ANUPAM HAZRA,BJP,0,DOCTORATE,37,13431986,0
WEST BENGAL,JADAVPUR,ANURADHA PUTATUNDA,PARTY FOR DEMOCRATIC SOCIALISM,0,GRADUATE,64,2855000,491636
WEST BENGAL,JADAVPUR,ATANU CHATTERJEE,IND,0,GRADUATE PROFESSIONAL,30,,
WEST BENGAL,JADAVPUR,BIKASH RANJAN BHATTACHARYYA,CPI(M),0,GRADUATE PROFESSIONAL,68,120034163,24358926
WEST BENGAL,JADAVPUR,BIMAL KRISHNA MANDAL,BSP,0,POST GRADUATE,59,4575270,0
WEST BENGAL,JADAVPUR,DR NAZRUL ISLAM,MULNIBASI PARTY OF INDIA,0,POST GRADUATE,65,,
WEST BENGAL,JADAVPUR,GOPAL NASKAR,RASHTRIYA JANASACHETAN PARTY,0,10TH PASS,45,164100,0
WEST BENGAL,JADAVPUR,KARTICK NASKAR,IND,0,12TH PASS,68,24008000,0
WEST BENGAL,JADAVPUR,MANGAL KUMAR SARDAR,IND,0,GRADUATE,30,141661,0
WEST BENGAL,JADAVPUR,RUPA KHAN,BHARATIYA NYAY-ADHIKAR RAKSHA PARTY,0,POST GRADUATE,50,,
WEST BENGAL,JADAVPUR,SUJATA BANERJEE,SUCI(C),1,GRADUATE,64,3367262,0
WEST BENGAL,JALPAIGURI,JAYANTA KUMAR ROY,BJP,0,GRADUATE PROFESSIONAL,51,11625047,1352581
WEST BENGAL,JALPAIGURI,BHAGIRATH CHANDRA ROY,CPI(M),0,POST GRADUATE,62,30818307,0
WEST BENGAL,JALPAIGURI,BIJOY CHANDRA BARMAN,AITC,0,POST GRADUATE,62,14612159,0
WEST BENGAL,JALPAIGURI,HAREKRISHNA SARKAR,IND,1,DOCTORATE,46,,
WEST BENGAL,JALPAIGURI,HARIBHAKTA SARDAR,SUCI(C),3,10TH PASS,63,3219966,0
WEST BENGAL,JALPAIGURI,JIBAN KRISHNA MAJUMDER,BSP,0,GRADUATE PROFESSIONAL,63,,
WEST BENGAL,JALPAIGURI,KHUSHI RANJAN MONDAL,AMRA BANGALEE,0,10TH PASS,62,2217097,0
WEST BENGAL,JALPAIGURI,MANI KUMAR DARNAL,INC,0,12TH PASS,61,7011294,300000
WEST BENGAL,JALPAIGURI,SACHIMOHAN BARMAN,IND,0,POST GRADUATE,58,1534000,0
WEST BENGAL,JALPAIGURI,SUBAL CHANDRA ROY,KAMATAPUR PEOPLES PARTY (UNITED),0,12TH PASS,62,23826796,66000
WEST BENGAL,JALPAIGURI,SUBHASH BISWAS,IND,0,5TH PASS,66,,
WEST BENGAL,JANGIPUR,KHALILUR RAHAMAN,AITC,0,GRADUATE,58,368306705,2248968
WEST BENGAL,JANGIPUR,ABHIJIT MUKHERJEE,INC,0,GRADUATE PROFESSIONAL,59,143350474,30421037
WEST BENGAL,JANGIPUR,AVIJIT KHAMARU,IND,0,10TH PASS,35,2270200,0
WEST BENGAL,JANGIPUR,DHANANJOY BANERJEE,PURVANCHAL JANTA PARTY (SECULAR),0,POST GRADUATE,44,,
WEST BENGAL,JANGIPUR,MAFUJA KHATUN,BJP,2,GRADUATE,48,2408235,0
WEST BENGAL,JANGIPUR,MD. SAMIRUDDIN,SUCI(C),0,GRADUATE,48,,
WEST BENGAL,JANGIPUR,MD. TAIEDUL ISLAM,SDPI,0,GRADUATE,57,2520831,0
WEST BENGAL,JANGIPUR,MD. ZULFIKAR ALI,CPI(M),0,POST GRADUATE,53,8664555,1300000
WEST BENGAL,JANGIPUR,SHAMIMUL ISLAM,BSP,0,12TH PASS,42,18880045,0
WEST BENGAL,JANGIPUR,SYED QASIM RASOOL ILYAS,WELFARE PARTY OF INDIA,0,DOCTORATE,65,9770000,0
WEST BENGAL,JAYNAGAR,PRATIMA MONDAL,AITC,0,POST GRADUATE,53,27471675,0
WEST BENGAL,JAYNAGAR,ASHOKE BAIRAGI,NEW DEMOCRATIC PARTY OF INDIA,0,8TH PASS,31,62000,6000
WEST BENGAL,JAYNAGAR,DR. ASHOK KANDARY,BJP,0,GRADUATE PROFESSIONAL,43,28492070,2081000
WEST BENGAL,JAYNAGAR,JAYKRISHNA HALDAR,SUCI(C),2,8TH PASS,64,,
WEST BENGAL,JAYNAGAR,SANKAR DEB MONDAL,BSP,0,12TH PASS,64,2649442,0
WEST BENGAL,JAYNAGAR,SUBHAS NASKAR,REVOLUTIONARY SOCIALIST PARTY,0,GRADUATE,67,,
WEST BENGAL,JAYNAGAR,SWAPAN KUMAR MANDAL,RASHTRIYA JANASACHETAN PARTY,0,10TH PASS,49,946000,0
WEST BENGAL,JAYNAGAR,TAPAN MONDAL,INC,0,POST GRADUATE,50,3662000,60000
WEST BENGAL,JHARGRAM,KUNAR HEMBRAM,BJP,0,GRADUATE PROFESSIONAL,56,,
WEST BENGAL,JHARGRAM,ASHOK KUMAR MURMU,BSP,0,GRADUATE,60,10260245,0
WEST BENGAL,JHARGRAM,BIRBAHA HANSDA,JHARKHAND PARTY (NAREN),0,GRADUATE,37,2500,0
WEST BENGAL,JHARGRAM,BIRBAHA SAREN,AITC,1,POST GRADUATE,48,,
WEST BENGAL,JHARGRAM,DEBLINA HEMBRAM,CPI(M),1,10TH PASS,48,1751916,44439
WEST BENGAL,JHARGRAM,JAGESWAR HEMBRAM,INC,1,8TH PASS,54,229925,0
WEST BENGAL,JHARGRAM,MAHESWAR HEMBRAM,AKHIL BHARTIYA JHARKHAND PARTY,0,12TH PASS,29,3800,0
WEST BENGAL,JHARGRAM,NARENDRA NATH HEMBRAM,IND,0,8TH PASS,53,7360349,145000
WEST BENGAL,KANTHI,SISIR KUMAR ADHIKARI,AITC,3,12TH PASS,77,33979650,0
WEST BENGAL,KANTHI,DEBASISH SAMANTA,BJP,0,POST GRADUATE,47,19292281,6000000
WEST BENGAL,KANTHI,DIPAK KUMAR DAS,INC,0,POST GRADUATE,65,9444884,232960
WEST BENGAL,KANTHI,KENARAM MISRA,SHS,0,12TH PASS,62,,
WEST BENGAL,KANTHI,KHOKAN BARMAN,BSP,0,8TH PASS,39,437600,500000
WEST BENGAL,KANTHI,MANAS PRADHAN,SUCI(C),1,GRADUATE,49,7896883,258000
WEST BENGAL,KANTHI,PARITOSH PATTANAYAK,CPI(M),3,POST GRADUATE,38,,
WEST BENGAL,KOLKATA DAKSHIN,MALA ROY,AITC,3,GRADUATE,61,,
WEST BENGAL,KOLKATA DAKSHIN,BADAL MONDAL,IND,0,10TH PASS,49,106585,0
WEST BENGAL,KOLKATA DAKSHIN,CHANDRA KUMAR BOSE,BJP,1,POST GRADUATE,58,13591332,831824
WEST BENGAL,KOLKATA DAKSHIN,DEBABRATA BERA,SUCI(C),0,DOCTORATE,43,,
WEST BENGAL,KOLKATA DAKSHIN,GAUTAM MITRA,IND,0,GRADUATE,61,3190000,0
WEST BENGAL,KOLKATA DAKSHIN,KASHINATH DAS,IND,0,12TH PASS,64,6494422,0
WEST BENGAL,KOLKATA DAKSHIN,MITA CHAKRABORTY,INC,0,GRADUATE PROFESSIONAL,44,447511958,187853701
WEST BENGAL,KOLKATA DAKSHIN,NANDINI MUKHERJEE,CPI(M),0,GRADUATE PROFESSIONAL,53,12530997,3862405
WEST BENGAL,KOLKATA DAKSHIN,RITA DUTTA,IND,0,10TH PASS,53,2607000,0
WEST BENGAL,KOLKATA DAKSHIN,SANTANU ROY,IND,0,10TH PASS,46,6440000,0
WEST BENGAL,KOLKATA DAKSHIN,SARFARAZ KHAN,BSP,1,8TH PASS,43,,
WEST BENGAL,KOLKATA DAKSHIN,SRIDHAR CHANDRA BAGARI,SHS,0,POST GRADUATE,62,5464648,0
WEST BENGAL,KOLKATA UTTAR,BANDYOPADHYAY SUDIP,AITC,2,GRADUATE,70,61176355,0
WEST BENGAL,KOLKATA UTTAR,ANUJIT KUMAR NAN,IND,0,GRADUATE,53,11420211,0
WEST BENGAL,KOLKATA UTTAR,BIJNAN KUMAR BERA,SUCI(C),0,GRADUATE PROFESSIONAL,59,,
WEST BENGAL,KOLKATA UTTAR,DEBJIT ROY CHOWDHURY,IND,0,GRADUATE PROFESSIONAL,52,60000,0
WEST BENGAL,KOLKATA UTTAR,JOYDEB DAS,BHARATEEYA MANAVADHIKAR PARTY,14,8TH PASS,31,9157810,3021467
WEST BENGAL,KOLKATA UTTAR,KALIPADA JANA,IND,0,8TH PASS,68,,
WEST BENGAL,KOLKATA UTTAR,KANINIKA BOSE (GHOSH),CPI(M),1,POST GRADUATE,50,7477775,1200000
WEST BENGAL,KOLKATA UTTAR,MANAS MAJUMDER,SHS,0,GRADUATE,39,84000,0
WEST BENGAL,KOLKATA UTTAR,MD IMTIAZ KHAN,BHARAT PRABHAT PARTY,0,12TH PASS,45,3394996,0
WEST BENGAL,KOLKATA UTTAR,MIR TIPU SULTAN ALI,PARTY FOR DEMOCRATIC SOCIALISM,0,8TH PASS,51,7990343,50000
WEST BENGAL,KOLKATA UTTAR,NARESH KR SINGH,JAN SANGH PARTY,0,10TH PASS,58,,
WEST BENGAL,KOLKATA UTTAR,OMPRAKASH PRAJAPATI,BSP,0,12TH PASS,37,185381,0
WEST BENGAL,KOLKATA UTTAR,PANNA LAL SHAW,IND,0,8TH PASS,56,8900000,0
WEST BENGAL,KOLKATA UTTAR,RAHUL (BISWAJIT) SINHA,BJP,7,GRADUATE,55,,
WEST BENGAL,KOLKATA UTTAR,RATHINDRA NATH ROY,PURVANCHAL JANTA PARTY (SECULAR),0,10TH PASS,52,166147,0
WEST BENGAL,KOLKATA UTTAR,RINKU GUPTA,PYRAMID PARTY OF INDIA,0,OTHERS,44,1134000,500000
WEST BENGAL,KOLKATA UTTAR,SUMANTA BHOWMICK,IND,0,10TH PASS,58,4207746,2169530
WEST BENGAL,KOLKATA UTTAR,SYED SHAHID IMAM,INC,0,GRADUATE PROFESSIONAL,57,75691151,0
WEST BENGAL,KOLKATA UTTAR,UTPAL BISWAS,IND,0,GRADUATE,44,,
WEST BENGAL,KRISHNANAGAR,MAHUA MOITRA,AITC,0,GRADUATE,44,26495250,671138
WEST BENGAL,KRISHNANAGAR,ASHOK AGARWALA,IND,0,GRADUATE,52,373050,0
WEST BENGAL,KRISHNANAGAR,BHASKAR PAUL,IND,0,10TH PASS,33,903050,0
WEST BENGAL,KRISHNANAGAR,INTAJ ALI SHAH,INC,0,POST GRADUATE,70,,
WEST BENGAL,KRISHNANAGAR,JAYANTA DEBNATH,AIHRA NATIONAL PARTY,0,8TH PASS,47,18603000,0
WEST BENGAL,KRISHNANAGAR,JHA SHANTANU,CPI(M),1,DOCTORATE,57,14839130,290686
WEST BENGAL,KRISHNANAGAR,KALYAN CHAUBEY,BJP,0,10TH PASS,40,,
WEST BENGAL,KRISHNANAGAR,NIRAPADA MODAK,IND,1,8TH PASS,56,14773838,50000
WEST BENGAL,KRISHNANAGAR,SUBIMAL SENGUPTA,CPI(ML)(L),0,GRADUATE,60,150000,0
WEST BENGAL,KRISHNANAGAR,UDDHAB ROY,BSP,0,GRADUATE,54,7794000,409431
WEST BENGAL,MALDAHA DAKSHIN,ABU HASEM KHAN CHOWDHURY,INC,0,DOCTORATE,72,270959520,728107
WEST BENGAL,MALDAHA DAKSHIN,ANGSHUDHAR MANDAL,SUCI(C),0,GRADUATE,45,2027000,0
WEST BENGAL,MALDAHA DAKSHIN,FULCHAND MANDAL,BSP,0,10TH PASS,52,,
WEST BENGAL,MALDAHA DAKSHIN,HASIM AKHTAR,IND,1,POST GRADUATE,40,2743074,0
WEST BENGAL,MALDAHA DAKSHIN,MANJUR ALAHI MUNSHI,IND,0,12TH PASS,54,9552500,0
WEST BENGAL,MALDAHA DAKSHIN,MD MOAZZEM HOSSAIN,AITC,0,GRADUATE PROFESSIONAL,63,,
WEST BENGAL,MALDAHA DAKSHIN,SREERUPA MITRA CHAUDHURY,BJP,1,POST GRADUATE,54,10132939,2840000
WEST BENGAL,MALDAHA UTTAR,KHAGEN MURMU,BJP,4,GRADUATE,59,,
WEST BENGAL,MALDAHA UTTAR,AL MONOWARA BEGAM,IND,0,ILLITERATE,44,61000,0
WEST BENGAL,MALDAHA UTTAR,ARJUN KESHARI,SHS,1,8TH PASS,27,2085000,0
WEST BENGAL,MALDAHA UTTAR,BISWANATH GHOSH,CPI(M),1,GRADUATE,69,,
WEST BENGAL,MALDAHA UTTAR,ISHA KHAN CHOUDHURY,INC,0,GRADUATE,47,8613504,354254
WEST BENGAL,MALDAHA UTTAR,JOSEPH KISKU,JMM,0,POST GRADUATE,26,807000,0
WEST BENGAL,MALDAHA UTTAR,MAUSAM NOOR,AITC,2,GRADUATE PROFESSIONAL,39,14786683,386896
WEST BENGAL,MALDAHA UTTAR,MD. DULAL HOQUE,IND,0,12TH PASS,40,78899,0
WEST BENGAL,MALDAHA UTTAR,MONATAN HEMBRAM,BAHUJAN MUKTI PARTY,0,GRADUATE,35,65000,0
WEST BENGAL,MALDAHA UTTAR,NIMAI BESARA,IND,0,ILLITERATE,67,27227,110000
WEST BENGAL,MALDAHA UTTAR,NITISH KUMAR MANDAL,BSP,0,GRADUATE,54,,
WEST BENGAL,MALDAHA UTTAR,NITYA DAS,AIHRA NATIONAL PARTY,0,12TH PASS,30,233600,100000
WEST BENGAL,MALDAHA UTTAR,NOORSED ALAM,IND,0,GRADUATE PROFESSIONAL,27,5662250,150000
WEST BENGAL,MALDAHA UTTAR,SUBHASH BARMAN,KAMATAPUR PEOPLES PARTY (UNITED),9,5TH PASS,59,,
WEST BENGAL,MALDAHA UTTAR,SUBHASH SARKAR,SUCI(C),0,POST GRADUATE,34,208092,0
WEST BENGAL,MATHURAPUR,CHOUDHURY MOHAN JATUA,AITC,0,POST GRADUATE,80,,
WEST BENGAL,MATHURAPUR,AMITAV NASKAR,NEW DEMOCRATIC PARTY OF INDIA,0,POST GRADUATE,33,1665000,0
WEST BENGAL,MATHURAPUR,ASIT KUMAR HALDAR,IND,0,12TH PASS,40,225368,925000
WEST BENGAL,MATHURAPUR,DR. SARAT CHANDRA HALDAR,CPI(M),0,GRADUATE PROFESSIONAL,42,6853079,0
WEST BENGAL,MATHURAPUR,KRITTIBAS SARDAR,INC,0,10TH PASS,63,844789,258300
WEST BENGAL,MATHURAPUR,PRONAB KUMAR JATUA,IND,0,10TH PASS,57,,
WEST BENGAL,MATHURAPUR,PURNA CHANDRA NAIYA,SUCI(C),0,GRADUATE PROFESSIONAL,49,8102832,0
WEST BENGAL,MATHURAPUR,SHYAMA PRASAD HALDER,BJP,0,POST GRADUATE,46,3592432,400000
WEST BENGAL,MEDINIPUR,DILIP KUMAR GHOSH,BJP,14,10TH PASS,54,,
WEST BENGAL,MEDINIPUR,ASHOKE SARKAR,SHS,0,GRADUATE,65,9230000,0
WEST BENGAL,MEDINIPUR,BIPLAB BHATTA,CPI,3,8TH PASS,50,5306513,775323
WEST BENGAL,MEDINIPUR,MANAS RANJAN BHUNIA,AITC,0,GRADUATE PROFESSIONAL,67,67663831,2600000
WEST BENGAL,MEDINIPUR,RABINDRANATH BERA,AMRA BANGALEE,0,GRADUATE,75,6189224,0
WEST BENGAL,MEDINIPUR,RAMKRISHNA SARKAR,BSP,1,GRADUATE,72,,
WEST BENGAL,MEDINIPUR,SAMBHUNATH CHATTAPADHYAY,INC,2,GRADUATE,64,3548014,0
WEST BENGAL,MEDINIPUR,TAPAS KUMAR KAR,IND,0,ILLITERATE,45,36658000,360000
WEST BENGAL,MURSHIDABAD,ABU TAHER KHAN,AITC,3,8TH PASS,57,,
WEST BENGAL,MURSHIDABAD,"ABU HENA, S/O - LATE ABDUS SATTAR",INC,0,POST GRADUATE,69,8021988,0
WEST BENGAL,MURSHIDABAD,"ABU HENA, S/O - SAZZAD ALI",IND,0,12TH PASS,26,725512,0
WEST BENGAL,MURSHIDABAD,BADARUDDOZA KHAN,CPI(M),0,GRADUATE,64,4893387,42492
WEST BENGAL,MURSHIDABAD,DHANANJOY SARKAR,BAHUJAN MUKTI PARTY,0,GRADUATE,39,615796,0
WEST BENGAL,MURSHIDABAD,HUMAYUN KABIR,BJP,10,12TH PASS,56,,
WEST BENGAL,MURSHIDABAD,HUMAYUN KABIR SEKH,IND,0,8TH PASS,36,777750,0
WEST BENGAL,MURSHIDABAD,KAMARUJJAMAN KHANDEKAR,SUCI(C),0,12TH PASS,60,110253,0
WEST BENGAL,MURSHIDABAD,MD. JALALUDDIN MONDAL,IND,0,POST GRADUATE,59,8070000,0
WEST BENGAL,MURSHIDABAD,MIJANUL HAQUE,BSP,0,12TH PASS,36,3249000,2150000
WEST BENGAL,PURULIA,JYOTIRMAY SINGH MAHATO,BJP,2,GRADUATE PROFESSIONAL,34,2250540,456100
WEST BENGAL,PURULIA,ANANDI TUDU,BSP,0,12TH PASS,50,436641,0
WEST BENGAL,PURULIA,BARJURAM SINGH SARDAR,IND,0,POST GRADUATE,66,213287,50000
WEST BENGAL,PURULIA,BIR SINGH MAHATO,AIFB,1,POST GRADUATE,73,,
WEST BENGAL,PURULIA,DIPENDU MAHATO,JMM,1,8TH PASS,46,2880000,400000
WEST BENGAL,PURULIA,DR. MRIGANKA MAHATO,AITC,0,GRADUATE PROFESSIONAL,56,17024599,1716993
WEST BENGAL,PURULIA,JAWAHARLAL MAHATO,MULNIBASI PARTY OF INDIA,1,12TH PASS,66,,
WEST BENGAL,PURULIA,LAXMIKANTA MAHATA,AMRA BANGALEE,0,POST GRADUATE,64,5601000,0
WEST BENGAL,PURULIA,NEPAL MAHATA,INC,8,POST GRADUATE,58,5330178,609500
WEST BENGAL,PURULIA,RAJIB MAHATO,SHS,0,10TH PASS,41,,0
WEST BENGAL,PURULIA,RANGALAL KUMAR,SUCI(C),1,10TH PASS,48,,
WEST BENGAL,PURULIA,SEKH FATIK,BHARATIYA NYAY-ADHIKAR RAKSHA PARTY,0,8TH PASS,30,245103,58200
WEST BENGAL,PURULIA,UMA CHARAN MAHATO,IND,0,LITERATE,77,1251564,0
WEST BENGAL,PURULIA,UTTAM TANTUBAY,BHARATEEYA MANAVADHIKAR PARTY,0,8TH PASS,48,,
WEST BENGAL,RAIGANJ,DEBASREE CHAUDHURI,BJP,2,POST GRADUATE,48,,
WEST BENGAL,RAIGANJ,ADVOCATE ANJAY DEBSARMA,IND,0,POST GRADUATE,38,706000,0
WEST BENGAL,RAIGANJ,AGARWAL KANAIALAL,AITC,4,POST GRADUATE,64,20695117,0
WEST BENGAL,RAIGANJ,AKIK HOSSAIN CHOWDHURY,KAMATAPUR PEOPLES PARTY (UNITED),0,GRADUATE,48,,
WEST BENGAL,RAIGANJ,BINOY KUMAR DAS,IND,0,GRADUATE,72,188788000,0
WEST BENGAL,RAIGANJ,CHURKA MURMU,BSP,0,12TH PASS,63,17307942,0
WEST BENGAL,RAIGANJ,DEEPA DASMUNSI,INC,4,POST GRADUATE,58,15615375,0
WEST BENGAL,RAIGANJ,KUMARESH SARKAR,IND,0,10TH PASS,44,418000,0
WEST BENGAL,RAIGANJ,MD. SAHAJAN BADSHA,IND,0,OTHERS,34,57678,0
WEST BENGAL,RAIGANJ,MD. SALIM,CPI(M),1,POST GRADUATE,61,9690051,619755
WEST BENGAL,RAIGANJ,RAJU PAUL,IND,2,10TH PASS,30,,
WEST BENGAL,RAIGANJ,SANTHAPAN HASDAK,JMM,0,POST GRADUATE,43,556386,0
WEST BENGAL,RAIGANJ,SUJAN KRISHNA PAUL,SUCI(C),1,GRADUATE,40,629956,194320
WEST BENGAL,RANAGHAT,JAGANNATH SARKAR,BJP,1,GRADUATE PROFESSIONAL,56,17622476,0
WEST BENGAL,RANAGHAT,BIDYUT BISWAS,IND,0,8TH PASS,37,807700,0
WEST BENGAL,RANAGHAT,BISWAS RAMA,CPI(M),1,POST GRADUATE,56,3211830,0
WEST BENGAL,RANAGHAT,GAUTAM RAY,BSP,0,12TH PASS,39,,
WEST BENGAL,RANAGHAT,MINATI BISWAS,INC,0,GRADUATE,56,3197168,777679
WEST BENGAL,RANAGHAT,PARESH HALDAR,SUCI(C),0,5TH PASS,58,,
WEST BENGAL,RANAGHAT,RUPALI BISWAS,AITC,0,GRADUATE,25,7370951,1727897
WEST BENGAL,SREERAMPUR,KALYAN BANERJEE,AITC,0,GRADUATE PROFESSIONAL,62,175968902,5522403
WEST BENGAL,SREERAMPUR,AVASH MUNSHI,IND,0,10TH PASS,54,368754,0
WEST BENGAL,SREERAMPUR,DEBABRATA BISWAS,INC,0,GRADUATE,60,21640220,0
WEST BENGAL,SREERAMPUR,DEBJIT SARKAR,BJP,9,GRADUATE PROFESSIONAL,42,,
WEST BENGAL,SREERAMPUR,KASHINATH MURMU,INDIAN UNITY CENTRE,0,10TH PASS,58,275830,0
WEST BENGAL,SREERAMPUR,LACHMAN RAJAK,BSP,0,10TH PASS,61,,
WEST BENGAL,SREERAMPUR,MANGAL SARKAR,IND,0,8TH PASS,39,1740000,0
WEST BENGAL,SREERAMPUR,PRABHASH CHANDRA KAR,RASHTRIYA JANADHIKAR SURAKSHA PARTY,0,8TH PASS,61,600000,0
WEST BENGAL,SREERAMPUR,SWAPAN MANNA,IND,0,GRADUATE,41,32000,0
WEST BENGAL,SREERAMPUR,TIRTHANKAR RAY,CPI(M),0,GRADUATE,44,289956,28000
WEST BENGAL,TAMLUK,DIBYENDU ADHIKARI,AITC,1,GRADUATE,42,37687867,8397501
WEST BENGAL,TAMLUK,DHANANJOY DALAI,IND,0,12TH PASS,45,45000,0
WEST BENGAL,TAMLUK,LAKSHMAN CHANDRA SETH,INC,5,DOCTORATE,73,,
WEST BENGAL,TAMLUK,MADHUSUDAN BERA,SUCI(C),1,10TH PASS,59,199276,0
WEST BENGAL,TAMLUK,MAKHAN MAHAPATRA,BSP,0,12TH PASS,43,737400,575000
WEST BENGAL,TAMLUK,MARPHAT ALI KHAN,IND,0,LITERATE,52,,
WEST BENGAL,TAMLUK,MOTYAR RAHAMAN,BHARAT PRABHAT PARTY,0,8TH PASS,49,3147000,856000
WEST BENGAL,TAMLUK,SANKAR MONDAL,RASHTRIYA JAN ADHIKAR PARTY,0,12TH PASS,36,49000,0
WEST BENGAL,TAMLUK,SIDHARTHASANKAR NASKAR,BJP,1,8TH PASS,50,1903590,0
WEST BENGAL,TAMLUK,SK. IBRAHIM ALI,CPI(M),4,GRADUATE,31,412438,0
WEST BENGAL,TAMLUK,SUKOMAL ADAK,IND,0,GRADUATE,33,,
WEST BENGAL,ULUBERIA,SAJDA AHMED,AITC,0,GRADUATE,57,28351569,5322615
WEST BENGAL,ULUBERIA,ALIMUDDIN NAZIR,RASHTRIYA JANADHIKAR SURAKSHA PARTY,0,12TH PASS,26,50000,0
WEST BENGAL,ULUBERIA,AMAL BARMAN,IND,0,10TH PASS,42,2437609,0
WEST BENGAL,ULUBERIA,DURGADAS HAJRA,IND,0,12TH PASS,62,,
WEST BENGAL,ULUBERIA,JOY BANERJEE,BJP,2,GRADUATE,56,246933,0
WEST BENGAL,ULUBERIA,MAKSUDA KHATUN,CPI(M),0,DOCTORATE,58,12578736,2876353
WEST BENGAL,ULUBERIA,MINATI SARKAR,SUCI(C),0,GRADUATE,61,,
WEST BENGAL,ULUBERIA,SHOMA RANISREE ROY,INC,0,POST GRADUATE,40,5400000,0
WEST BENGAL,ULUBERIA,SUSANTA KUMAR DALUI,IND,0,10TH PASS,54,910236,43553
