YEAR,State,Constituency,Total_Electors,Turnout_Percent,Votes_Polled_Including_NOTA
2004,A&N ISLANDS,A&N ISLANDS,,,153825.0
2004,ANDHRA PRADESH,ADILABAD,,,831337.0
2004,ANDHRA PRADESH,AMALAPURAM,,,704224.0
2004,ANDHRA PRADESH,ANAKAPALLI,,,782106.0
2004,ANDHRA PRADESH,ANANTAPURAMU,,,875135.0
2004,ANDHRA PRADESH,BAPATLA,,,735462.0
2004,ANDHRA PRADESH,BHADRACHALAM,,,823415.0
2004,ANDHRA PRADESH,BOBBILI,,,746725.0
2004,ANDHRA PRADESH,CHITTOOR,,,875992.0
2004,ANDHRA PRADESH,CUDDAPAH,,,819201.0
2004,ANDHRA PRADESH,ELURU,,,896946.0
2004,ANDHRA PRADESH,GUNTUR,,,821478.0
2004,ANDHRA PRADESH,HANAMKONDA,,,831926.0
2004,ANDHRA PRADESH,HINDUPUR,,,868063.0
2004,ANDHRA PRADESH,HYDERABAD,,,986737.0
2004,ANDHRA PRADESH,KAKINADA,,,832284.0
2004,ANDHRA PRADESH,KARIMNAGAR,,,874498.0
2004,ANDHRA PRADESH,KHAMMAM,,,1023177.0
2004,ANDHRA PRADESH,KURNOOL,,,818809.0
2004,ANDHRA PRADESH,MACHILIPATNAM,,,755314.0
2004,ANDHRA PRADESH,MAHABUBNAGAR,,,866550.0
2004,ANDHRA PRADESH,MEDAK,,,901015.0
2004,ANDHRA PRADESH,MIRYALGUDA,,,962599.0
2004,ANDHRA PRADESH,NAGARKURNOOL,,,883350.0
2004,ANDHRA PRADESH,NALGONDA,,,1047866.0
2004,ANDHRA PRADESH,NANDYAL,,,829976.0
2004,ANDHRA PRADESH,NARASAPUR,,,768537.0
2004,ANDHRA PRADESH,NARASARAOPET,,,899784.0
2004,ANDHRA PRADESH,NELLORE,,,836502.0
2004,ANDHRA PRADESH,NIZAMABAD,,,782439.0
2004,ANDHRA PRADESH,ONGOLE,,,799109.0
2004,ANDHRA PRADESH,PARVATHIPURAM,,,660923.0
2004,ANDHRA PRADESH,PEDDAPALLI,,,939450.0
2004,ANDHRA PRADESH,RAJAHMUNDRY,,,816125.0
2004,ANDHRA PRADESH,RAJAMPET,,,691329.0
2004,ANDHRA PRADESH,SECUNDERABAD,,,973288.0
2004,ANDHRA PRADESH,SIDDIPET,,,1119814.0
2004,ANDHRA PRADESH,SRIKAKULAM,,,723774.0
2004,ANDHRA PRADESH,TENALI,,,673462.0
2004,ANDHRA PRADESH,TIRUPATI,,,850787.0
2004,ANDHRA PRADESH,VIJAYAWADA,,,945550.0
2004,ANDHRA PRADESH,VISAKHAPATNAM,,,965740.0
2004,ANDHRA PRADESH,WARANGAL,,,921872.0
2004,ARUNACHAL PRADESH,ARUNACHAL EAST,,,163374.0
2004,ARUNACHAL PRADESH,ARUNACHAL WEST,,,221554.0
2004,ASSAM,AUTONOMOUS DISTS,,,401377.0
2004,ASSAM,BARPETA,,,762681.0
2004,ASSAM,DHUBRI,,,863592.0
2004,ASSAM,DIBRUGARH,,,631240.0
2004,ASSAM,GAUHATI,,,881775.0
2004,ASSAM,JORHAT,,,666835.0
2004,ASSAM,KALIABOR,,,763083.0
2004,ASSAM,KARIMGANJ,,,671491.0
2004,ASSAM,KOKRAJHAR,,,966987.0
2004,ASSAM,LAKHIMPUR,,,800020.0
2004,ASSAM,MANGALDOI,,,848938.0
2004,ASSAM,NOWGONG,,,786069.0
2004,ASSAM,SILCHAR,,,608233.0
2004,ASSAM,TEZPUR,,,719768.0
2004,BIHAR,ARARIA,,,652439.0
2004,BIHAR,ARRAH,,,787399.0
2004,BIHAR,AURANGABAD,,,767238.0
2004,BIHAR,BAGAHA,,,570822.0
2004,BIHAR,BALIA,,,632343.0
2004,BIHAR,BANKA,,,713888.0
2004,BIHAR,BARH,,,864102.0
2004,BIHAR,BEGUSARAI,,,678667.0
2004,BIHAR,BETTIAH,,,569909.0
2004,BIHAR,BHAGALPUR,,,757287.0
2004,BIHAR,BIKRAMGANJ,,,733986.0
2004,BIHAR,BUXAR,,,649158.0
2004,BIHAR,CHAPRA,,,446101.0
2004,BIHAR,DARBHANGA,,,762657.0
2004,BIHAR,GAYA,,,883403.0
2004,BIHAR,GOPALGANJ,,,694492.0
2004,BIHAR,HAJIPUR,,,773597.0
2004,BIHAR,JAHANABAD,,,863843.0
2004,BIHAR,JHANJHARPUR,,,704243.0
2004,BIHAR,KATIHAR,,,704449.0
2004,BIHAR,KHAGARIA,,,676017.0
2004,BIHAR,KISHANGANJ,,,813315.0
2004,BIHAR,MADHEPURA,,,695674.0
2004,BIHAR,MADHUBANI,,,695146.0
2004,BIHAR,MAHARAJGANJ,,,664434.0
2004,BIHAR,MONGHYR,,,838216.0
2004,BIHAR,MOTIHARI,,,679090.0
2004,BIHAR,MUZAFFARPUR,,,784096.0
2004,BIHAR,NALANDA,,,895116.0
2004,BIHAR,NAWADA,,,1010037.0
2004,BIHAR,PATNA,,,901616.0
2004,BIHAR,PURNEA,,,709015.0
2004,BIHAR,ROSERA,,,713798.0
2004,BIHAR,SAHARSA,,,738280.0
2004,BIHAR,SAMASTIPUR,,,864746.0
2004,BIHAR,SASARAM,,,697268.0
2004,BIHAR,SHEOHAR,,,666398.0
2004,BIHAR,SITAMARHI,,,690851.0
2004,BIHAR,SIWAN,,,637549.0
2004,BIHAR,VAISHALI,,,748759.0
2004,CHANDIGARH,CHANDIGARH,,,268670.0
2004,CHHATTISGARH,BASTAR,,,450425.0
2004,CHHATTISGARH,BILASPUR,,,621425.0
2004,CHHATTISGARH,DURG,,,761815.0
2004,CHHATTISGARH,JANJGIR,,,717698.0
2004,CHHATTISGARH,KANKER,,,553888.0
2004,CHHATTISGARH,MAHASAMUND,,,771432.0
2004,CHHATTISGARH,RAIGARH,,,648435.0
2004,CHHATTISGARH,RAIPUR,,,689517.0
2004,CHHATTISGARH,RAJNANDGAON,,,665935.0
2004,CHHATTISGARH,SARANGARH,,,587907.0
2004,CHHATTISGARH,SARGUJA,,,676699.0
2004,D&N HAVELI,DADRA & NAGAR HAVELI,,,84703.0
2004,DAMAN & DIU,DAMAN & DIU,,,55591.0
2004,GOA,MARMAGOA,,,297678.0
2004,GOA,PANAJI,,,254819.0
2004,GUJARAT,AHMEDABAD,,,548559.0
2004,GUJARAT,AMRELI,,,475646.0
2004,GUJARAT,ANAND,,,591240.0
2004,GUJARAT,BANASKANTHA,,,642355.0
2004,GUJARAT,BARODA,,,652409.0
2004,GUJARAT,BHAVNAGAR,,,444831.0
2004,GUJARAT,BROACH,,,680795.0
2004,GUJARAT,BULSAR,,,689982.0
2004,GUJARAT,CHHOTA UDAIPUR,,,556516.0
2004,GUJARAT,DHANDHUKA,,,516553.0
2004,GUJARAT,DOHAD,,,517845.0
2004,GUJARAT,GANDHINAGAR,,,845576.0
2004,GUJARAT,GODHRA,,,537381.0
2004,GUJARAT,JAMNAGAR,,,433441.0
2004,GUJARAT,JUNAGADH,,,658706.0
2004,GUJARAT,KAIRA,,,450929.0
2004,GUJARAT,KAPADVANJ,,,595314.0
2004,GUJARAT,KUTCH,,,459043.0
2004,GUJARAT,MANDVI,,,644812.0
2004,GUJARAT,MEHSANA,,,695407.0
2004,GUJARAT,PATAN,,,538157.0
2004,GUJARAT,PORBANDAR,,,490480.0
2004,GUJARAT,RAJKOT,,,538626.0
2004,GUJARAT,SABARKANTHA,,,654471.0
2004,GUJARAT,SURAT,,,896276.0
2004,GUJARAT,SURENDRANAGAR,,,455554.0
2004,HARYANA,AMBALA,,,847725.0
2004,HARYANA,BHIWANI,,,871144.0
2004,HARYANA,FARIDABAD,,,844718.0
2004,HARYANA,HISSAR,,,769851.0
2004,HARYANA,KARNAL,,,818927.0
2004,HARYANA,KURUKSHETRA,,,850858.0
2004,HARYANA,MAHENDRAGARH,,,849305.0
2004,HARYANA,ROHTAK,,,662049.0
2004,HARYANA,SIRSA,,,841682.0
2004,HARYANA,SONEPAT,,,737119.0
2004,HIMACHAL PRADESH,HAMIRPUR,,,654102.0
2004,HIMACHAL PRADESH,KANGRA,,,643177.0
2004,HIMACHAL PRADESH,MANDI,,,669552.0
2004,HIMACHAL PRADESH,SIMLA,,,528655.0
2004,JAMMU & KASHMIR,ANANTNAG,,,150219.0
2004,JAMMU & KASHMIR,BARAMULLA,,,334770.0
2004,JAMMU & KASHMIR,JAMMU,,,821670.0
2004,JAMMU & KASHMIR,LADAKH,,,128931.0
2004,JAMMU & KASHMIR,SRINAGAR,,,195678.0
2004,JAMMU & KASHMIR,UDHAMPUR,,,608074.0
2004,JHARKHAND,CHATRA,,,435504.0
2004,JHARKHAND,DHANBAD,,,941478.0
2004,JHARKHAND,DUMKA,,,625118.0
2004,JHARKHAND,GIRIDIH,,,714378.0
2004,JHARKHAND,GODDA,,,831356.0
2004,JHARKHAND,HAZARIBAGH,,,705439.0
2004,JHARKHAND,JAMSHEDPUR,,,776519.0
2004,JHARKHAND,KHUNTI,,,490772.0
2004,JHARKHAND,KODARMA,,,825710.0
2004,JHARKHAND,LOHARDAGA,,,466464.0
2004,JHARKHAND,PALAMU,,,641543.0
2004,JHARKHAND,RAJMAHAL,,,691123.0
2004,JHARKHAND,RANCHI,,,695754.0
2004,JHARKHAND,SINGHBHUM,,,520155.0
2004,KARNATAKA,BAGALKOT,,,868472.0
2004,KARNATAKA,BANGALORE NORTH,,,1156845.0
2004,KARNATAKA,BANGALORE SOUTH,,,800649.0
2004,KARNATAKA,BELAGAVI,,,893902.0
2004,KARNATAKA,BELLARY,,,950328.0
2004,KARNATAKA,BIDAR,,,815792.0
2004,KARNATAKA,BIJAPUR,,,789734.0
2004,KARNATAKA,CHAMARAJANAGAR,,,853214.0
2004,KARNATAKA,CHIKBALLAPUR,,,931128.0
2004,KARNATAKA,CHIKKODI,,,838005.0
2004,KARNATAKA,CHIKMAGALUR,,,819254.0
2004,KARNATAKA,CHITRADURGA,,,918905.0
2004,KARNATAKA,DAVANGERE,,,910398.0
2004,KARNATAKA,DHARWAD NORTH,,,810552.0
2004,KARNATAKA,DHARWAD SOUTH,,,864810.0
2004,KARNATAKA,GULBARGA,,,827894.0
2004,KARNATAKA,HAASAN,,,912195.0
2004,KARNATAKA,KANAKAPURA,,,1552416.0
2004,KARNATAKA,KANARA,,,833932.0
2004,KARNATAKA,KOLAR,,,909264.0
2004,KARNATAKA,KOPPAL,,,894082.0
2004,KARNATAKA,MANDYA,,,857564.0
2004,KARNATAKA,MANGALORE,,,791572.0
2004,KARNATAKA,MYSORE,,,957267.0
2004,KARNATAKA,RAICHUR,,,825096.0
2004,KARNATAKA,SHIMOGA,,,887290.0
2004,KARNATAKA,TUMKUR,,,863743.0
2004,KARNATAKA,UDUPI,,,780356.0
2004,KERALA,ADOOR,,,684434.0
2004,KERALA,ALAPPUZHA,,,730096.0
2004,KERALA,BADAGARA,,,828533.0
2004,KERALA,CALICUT,,,781184.0
2004,KERALA,CHIRAYINKIL,,,669639.0
2004,KERALA,ERNAKULAM,,,658916.0
2004,KERALA,IDUKKI,,,729426.0
2004,KERALA,KANNUR,,,860998.0
2004,KERALA,KASARAGOD,,,901603.0
2004,KERALA,KOLLAM,,,705482.0
2004,KERALA,KOTTAYAM,,,705776.0
2004,KERALA,MANJERI,,,907283.0
2004,KERALA,MAVELIKARA,,,644614.0
2004,KERALA,MUKUNDAPURAM,,,723009.0
2004,KERALA,MUVATTUPUZHA,,,745871.0
2004,KERALA,OTTAPALAM,,,806835.0
2004,KERALA,PALAKKAD,,,820856.0
2004,KERALA,PONNANI,,,730339.0
2004,KERALA,THIRUVANANTHAPURAM,,,763829.0
2004,KERALA,THRISSUR,,,687705.0
2004,LAKSHADWEEP,LAKSHADWEEP,,,31820.0
2004,MADHYA PRADESH,BALAGHAT,,,609321.0
2004,MADHYA PRADESH,BETUL,,,547702.0
2004,MADHYA PRADESH,BHIND,,,606358.0
2004,MADHYA PRADESH,BHOPAL,,,858463.0
2004,MADHYA PRADESH,CHHINDWARA,,,754637.0
2004,MADHYA PRADESH,DAMOH,,,591218.0
2004,MADHYA PRADESH,DHAR,,,703372.0
2004,MADHYA PRADESH,GUNA,,,668393.0
2004,MADHYA PRADESH,GWALIOR,,,564692.0
2004,MADHYA PRADESH,HOSHANGABAD,,,634343.0
2004,MADHYA PRADESH,INDORE,,,854503.0
2004,MADHYA PRADESH,JABALPUR,,,571395.0
2004,MADHYA PRADESH,JHABUA,,,628903.0
2004,MADHYA PRADESH,KHAJURAHO,,,772442.0
2004,MADHYA PRADESH,KHANDWA,,,605295.0
2004,MADHYA PRADESH,KHARGONE,,,652254.0
2004,MADHYA PRADESH,MANDLA,,,588269.0
2004,MADHYA PRADESH,MANDSAUR,,,776538.0
2004,MADHYA PRADESH,MORENA,,,487443.0
2004,MADHYA PRADESH,RAJGARH,,,599229.0
2004,MADHYA PRADESH,REWA,,,630747.0
2004,MADHYA PRADESH,SAGAR,,,479443.0
2004,MADHYA PRADESH,SATNA,,,610602.0
2004,MADHYA PRADESH,SEONI,,,599553.0
2004,MADHYA PRADESH,SHAHDOL,,,509340.0
2004,MADHYA PRADESH,SHAJAPUR,,,720241.0
2004,MADHYA PRADESH,SIDHI,,,457209.0
2004,MADHYA PRADESH,UJJAIN,,,720780.0
2004,MADHYA PRADESH,VIDISHA,,,656555.0
2004,MAHARASHTRA,AHMEDNAGAR,,,687722.0
2004,MAHARASHTRA,AKOLA,,,735372.0
2004,MAHARASHTRA,AMRAVATI,,,676421.0
2004,MAHARASHTRA,AURANGABAD,,,912571.0
2004,MAHARASHTRA,BARAMATI,,,893331.0
2004,MAHARASHTRA,BEED,,,884234.0
2004,MAHARASHTRA,BHANDARA,,,680476.0
2004,MAHARASHTRA,BULDHANA,,,761264.0
2004,MAHARASHTRA,CHANDRAPUR,,,841144.0
2004,MAHARASHTRA,CHIMUR,,,775523.0
2004,MAHARASHTRA,DAHANU,,,683353.0
2004,MAHARASHTRA,DHULE,,,455571.0
2004,MAHARASHTRA,ERANDOL,,,609800.0
2004,MAHARASHTRA,HINGOLI,,,728325.0
2004,MAHARASHTRA,ICHALKARANJI,,,791087.0
2004,MAHARASHTRA,JALGAON,,,616969.0
2004,MAHARASHTRA,JALNA,,,756365.0
2004,MAHARASHTRA,KARAD,,,714523.0
2004,MAHARASHTRA,KHED,,,732045.0
2004,MAHARASHTRA,KOLABA,,,793445.0
2004,MAHARASHTRA,KOLHAPUR,,,813344.0
2004,MAHARASHTRA,KOPARGAON,,,668700.0
2004,MAHARASHTRA,LATUR,,,822355.0
2004,MAHARASHTRA,MALEGAON,,,590772.0
2004,MAHARASHTRA,MUMBAI NORTH,,,1119342.0
2004,MAHARASHTRA,MUMBAI NORTH CENTRAL,,,514593.0
2004,MAHARASHTRA,MUMBAI NORTH EAST,,,925659.0
2004,MAHARASHTRA,MUMBAI NORTH WEST,,,747687.0
2004,MAHARASHTRA,MUMBAI SOUTH,,,274358.0
2004,MAHARASHTRA,MUMBAI SOUTH CENTRAL,,,347972.0
2004,MAHARASHTRA,NAGPUR,,,792451.0
2004,MAHARASHTRA,NANDED,,,800145.0
2004,MAHARASHTRA,NANDURBAR,,,639907.0
2004,MAHARASHTRA,NASHIK,,,656525.0
2004,MAHARASHTRA,OSMANABAD,,,637933.0
2004,MAHARASHTRA,PANDHARPUR,,,689127.0
2004,MAHARASHTRA,PARBHANI,,,675985.0
2004,MAHARASHTRA,PUNE,,,769018.0
2004,MAHARASHTRA,RAJAPUR,,,480535.0
2004,MAHARASHTRA,RAMTEK,,,647483.0
2004,MAHARASHTRA,RATNAGIRI,,,560976.0
2004,MAHARASHTRA,SANGLI,,,692999.0
2004,MAHARASHTRA,SATARA,,,675012.0
2004,MAHARASHTRA,SHOLAPUR,,,656801.0
2004,MAHARASHTRA,THANE,,,1313252.0
2004,MAHARASHTRA,WARDHA,,,626105.0
2004,MAHARASHTRA,WASHIM,,,720723.0
2004,MAHARASHTRA,YAVATMAL,,,663978.0
2004,MANIPUR,INNER MANIPUR,,,416406.0
2004,MANIPUR,OUTER MANIPUR,,,619151.0
2004,MEGHALAYA,SHILLONG,,,367780.0
2004,MEGHALAYA,TURA,,,311113.0
2004,MIZORAM,MIZORAM,,,348546.0
2004,NAGALAND,NAGALAND,,,954719.0
2004,NCT OF DELHI,CHANDNI CHOWK,,,179007.0
2004,NCT OF DELHI,DELHI SADAR,,,271544.0
2004,NCT OF DELHI,EAST DELHI,,,1190814.0
2004,NCT OF DELHI,KAROL BAGH,,,249185.0
2004,NCT OF DELHI,NEW DELHI,,,202557.0
2004,NCT OF DELHI,OUTER DELHI,,,1553849.0
2004,NCT OF DELHI,SOUTH DELHI,,,478876.0
2004,ODISHA,ASKA,,,680381.0
2004,ODISHA,BALASORE,,,947569.0
2004,ODISHA,BERHAMPORE,,,719379.0
2004,ODISHA,BHADRAK,,,932276.0
2004,ODISHA,BHUBANESWAR,,,853005.0
2004,ODISHA,BOLANGIR,,,728378.0
2004,ODISHA,CUTTACK,,,820302.0
2004,ODISHA,DEOGARH,,,823301.0
2004,ODISHA,DHENKANAL,,,790367.0
2004,ODISHA,JAGATSINGHPUR,,,926511.0
2004,ODISHA,JAJPUR,,,876208.0
2004,ODISHA,KALAHANDI,,,754128.0
2004,ODISHA,KENDRAPARA,,,836265.0
2004,ODISHA,KEONJHAR,,,814662.0
2004,ODISHA,KORAPUT,,,735667.0
2004,ODISHA,MAYURBHANJ,,,695997.0
2004,ODISHA,NOWRANGPUR,,,780728.0
2004,ODISHA,PHULBANI,,,787293.0
2004,ODISHA,PURI,,,888955.0
2004,ODISHA,SAMBALPUR,,,810601.0
2004,ODISHA,SUNDARGARH,,,732351.0
2004,PUDUCHERRY,PUDUCHERRY,,,483816.0
2004,PUNJAB,AMRITSAR,,,711820.0
2004,PUNJAB,BHATINDA,,,763195.0
2004,PUNJAB,FARIDKOT,,,893144.0
2004,PUNJAB,FEROZEPUR,,,866640.0
2004,PUNJAB,GURDASPUR,,,785834.0
2004,PUNJAB,HOSHIARPUR,,,655691.0
2004,PUNJAB,JALANDHAR,,,741739.0
2004,PUNJAB,LUDHIANA,,,869927.0
2004,PUNJAB,PATIALA,,,874131.0
2004,PUNJAB,PHILLAUR,,,722537.0
2004,PUNJAB,ROPAR,,,790221.0
2004,PUNJAB,SANGRUR,,,836818.0
2004,PUNJAB,TARN TARAN,,,717375.0
2004,RAJASTHAN,AJMER,,,529549.0
2004,RAJASTHAN,ALWAR,,,542876.0
2004,RAJASTHAN,BANSWARA,,,666098.0
2004,RAJASTHAN,BARMER,,,1048698.0
2004,RAJASTHAN,BAYANA,,,490633.0
2004,RAJASTHAN,BHARATPUR,,,576987.0
2004,RAJASTHAN,BHILWARA,,,619696.0
2004,RAJASTHAN,BIKANER,,,1077364.0
2004,RAJASTHAN,CHITTORGARH,,,672477.0
2004,RAJASTHAN,CHURU,,,833976.0
2004,RAJASTHAN,DAUSA,,,716901.0
2004,RAJASTHAN,GANGANAGAR,,,722938.0
2004,RAJASTHAN,JAIPUR,,,881075.0
2004,RAJASTHAN,JALORE,,,655868.0
2004,RAJASTHAN,JHALAWAR,,,567611.0
2004,RAJASTHAN,JHUN JHUNU,,,681505.0
2004,RAJASTHAN,JODHPUR,,,864927.0
2004,RAJASTHAN,KOTA,,,580105.0
2004,RAJASTHAN,NAGAUR,,,631471.0
2004,RAJASTHAN,PALI,,,542738.0
2004,RAJASTHAN,SALUMBER,,,629834.0
2004,RAJASTHAN,SAWAI MADHOPUR,,,665594.0
2004,RAJASTHAN,SIKAR,,,779471.0
2004,RAJASTHAN,TONK,,,594358.0
2004,RAJASTHAN,UDAIPUR,,,759698.0
2004,SIKKIM,SIKKIM,,,219648.0
2004,TAMIL NADU,ARAKKONAM,,,775439.0
2004,TAMIL NADU,CHENGALPATTU,,,759076.0
2004,TAMIL NADU,CHIDAMBARAM,,,743410.0
2004,TAMIL NADU,COIMBATORE,,,878866.0
2004,TAMIL NADU,CUDDALORE,,,760180.0
2004,TAMIL NADU,DHARMAPURI,,,709991.0
2004,TAMIL NADU,DINDIGUL,,,690231.0
2004,TAMIL NADU,GOBICHETTIPALAYAM,,,680103.0
2004,TAMIL NADU,KARUR,,,743592.0
2004,TAMIL NADU,KRISHNAGIRI,,,738737.0
2004,TAMIL NADU,MADRAS CENTRAL,,,512820.0
2004,TAMIL NADU,MADRAS NORTH,,,915865.0
2004,TAMIL NADU,MADRAS SOUTH,,,934548.0
2004,TAMIL NADU,MADURAI,,,739680.0
2004,TAMIL NADU,MAYILADUTURAI,,,695627.0
2004,TAMIL NADU,NAGAPATTINAM,,,751436.0
2004,TAMIL NADU,NAGERCOIL,,,673555.0
2004,TAMIL NADU,NILGIRIS,,,780890.0
2004,TAMIL NADU,PALANI,,,695442.0
2004,TAMIL NADU,PERAMBALUR,,,707028.0
2004,TAMIL NADU,PERIYAKULAM,,,700534.0
2004,TAMIL NADU,POLLACHI,,,642999.0
2004,TAMIL NADU,PUDUKKOTTAI,,,820271.0
2004,TAMIL NADU,RAMANATHAPURAM,,,674387.0
2004,TAMIL NADU,RASIPURAM,,,695976.0
2004,TAMIL NADU,SALEM,,,741437.0
2004,TAMIL NADU,SIVAGANGA,,,667208.0
2004,TAMIL NADU,SIVAKASI,,,830643.0
2004,TAMIL NADU,SRIPERUMBUDUR,,,843101.0
2004,TAMIL NADU,TENKASI,,,712150.0
2004,TAMIL NADU,THANJAVUR,,,708724.0
2004,TAMIL NADU,TINDIVANAM,,,726923.0
2004,TAMIL NADU,TIRUCHENDUR,,,631008.0
2004,TAMIL NADU,TIRUCHENGODE,,,864451.0
2004,TAMIL NADU,TIRUCHIRAPPALLI,,,708137.0
2004,TAMIL NADU,TIRUNELVELI,,,633782.0
2004,TAMIL NADU,TIRUPPATTUR,,,776085.0
2004,TAMIL NADU,VANDAVASI,,,703269.0
2004,TAMIL NADU,VELLORE,,,746914.0
2004,TRIPURA,TRIPURA EAST,,,623094.0
2004,TRIPURA,TRIPURA WEST,,,701159.0
2004,UTTAR PRADESH,AGRA,,,642719.0
2004,UTTAR PRADESH,AKBARPUR,,,741572.0
2004,UTTAR PRADESH,ALIGARH,,,633685.0
2004,UTTAR PRADESH,ALLAHABAD,,,656498.0
2004,UTTAR PRADESH,AMETHI,,,589596.0
2004,UTTAR PRADESH,AMROHA,,,885159.0
2004,UTTAR PRADESH,AONLA,,,536458.0
2004,UTTAR PRADESH,AZAMGARH,,,711430.0
2004,UTTAR PRADESH,BAGHPAT,,,656900.0
2004,UTTAR PRADESH,BAHRAICH,,,549537.0
2004,UTTAR PRADESH,BALLIA,,,619762.0
2004,UTTAR PRADESH,BALRAMPUR,,,698106.0
2004,UTTAR PRADESH,BANDA,,,526335.0
2004,UTTAR PRADESH,BANSGAON,,,632109.0
2004,UTTAR PRADESH,BARA BANKI,,,540251.0
2004,UTTAR PRADESH,BAREILLY,,,822848.0
2004,UTTAR PRADESH,BASTI,,,576404.0
2004,UTTAR PRADESH,BIJNOR,,,705737.0
2004,UTTAR PRADESH,BILHAUR,,,641397.0
2004,UTTAR PRADESH,BUDAUN,,,590009.0
2004,UTTAR PRADESH,BULANDSHAHR,,,685261.0
2004,UTTAR PRADESH,CHAIL,,,555376.0
2004,UTTAR PRADESH,CHANDAULI,,,704435.0
2004,UTTAR PRADESH,DEORIA,,,729788.0
2004,UTTAR PRADESH,DOMARIAGANJ,,,643129.0
2004,UTTAR PRADESH,ETAH,,,587118.0
2004,UTTAR PRADESH,ETAWAH,,,703946.0
2004,UTTAR PRADESH,FAIZABAD,,,686599.0
2004,UTTAR PRADESH,FARRUKHABAD,,,665435.0
2004,UTTAR PRADESH,FATEHPUR,,,506699.0
2004,UTTAR PRADESH,FIROZABAD,,,531363.0
2004,UTTAR PRADESH,GHATAMPUR,,,504766.0
2004,UTTAR PRADESH,GHAZIPUR,,,869184.0
2004,UTTAR PRADESH,GHOSI,,,721582.0
2004,UTTAR PRADESH,GONDA,,,606654.0
2004,UTTAR PRADESH,GORAKHPUR,,,689248.0
2004,UTTAR PRADESH,HAMIRPUR,,,604099.0
2004,UTTAR PRADESH,HAPUR,,,799736.0
2004,UTTAR PRADESH,HARDOI,,,522103.0
2004,UTTAR PRADESH,HATHRAS,,,492135.0
2004,UTTAR PRADESH,JALAUN,,,579777.0
2004,UTTAR PRADESH,JALESAR,,,650356.0
2004,UTTAR PRADESH,JAUNPUR,,,713014.0
2004,UTTAR PRADESH,JHANSI,,,819646.0
2004,UTTAR PRADESH,KAIRANA,,,816726.0
2004,UTTAR PRADESH,KAISERGANJ,,,569950.0
2004,UTTAR PRADESH,KANNAUJ,,,758627.0
2004,UTTAR PRADESH,KANPUR,,,618721.0
2004,UTTAR PRADESH,KHALILABAD,,,700715.0
2004,UTTAR PRADESH,KHERI,,,706718.0
2004,UTTAR PRADESH,KHURJA,,,600704.0
2004,UTTAR PRADESH,LALGANJ,,,763618.0
2004,UTTAR PRADESH,LUCKNOW,,,578556.0
2004,UTTAR PRADESH,MACHHLISHAHR,,,676371.0
2004,UTTAR PRADESH,MAHARAJGANJ,,,746622.0
2004,UTTAR PRADESH,MAINPURI,,,719918.0
2004,UTTAR PRADESH,MATHURA,,,602187.0
2004,UTTAR PRADESH,MEERUT,,,697484.0
2004,UTTAR PRADESH,MIRZAPUR,,,728015.0
2004,UTTAR PRADESH,MISRIKH,,,550849.0
2004,UTTAR PRADESH,MOHANLALGANJ,,,571879.0
2004,UTTAR PRADESH,MORADABAD,,,655175.0
2004,UTTAR PRADESH,MUZAFFARNAGAR,,,862408.0
2004,UTTAR PRADESH,PADRAUNA,,,790050.0
2004,UTTAR PRADESH,PHULPUR,,,755222.0
2004,UTTAR PRADESH,PILIBHIT,,,677107.0
2004,UTTAR PRADESH,PRATAPGARH,,,572548.0
2004,UTTAR PRADESH,RAE BARELI,,,643560.0
2004,UTTAR PRADESH,RAMPUR,,,810596.0
2004,UTTAR PRADESH,ROBERTSGANJ,,,724824.0
2004,UTTAR PRADESH,SAHARANPUR,,,990415.0
2004,UTTAR PRADESH,SAIDPUR,,,711340.0
2004,UTTAR PRADESH,SALEMPUR,,,669623.0
2004,UTTAR PRADESH,SAMBHAL,,,759384.0
2004,UTTAR PRADESH,SHAHABAD,,,579629.0
2004,UTTAR PRADESH,SHAHJAHANPUR,,,633853.0
2004,UTTAR PRADESH,SITAPUR,,,596569.0
2004,UTTAR PRADESH,SULTANPUR,,,721049.0
2004,UTTAR PRADESH,UNNAO,,,547566.0
2004,UTTAR PRADESH,VARANASI,,,633077.0
2004,UTTARAKHAND,ALMORA,,,505223.0
2004,UTTARAKHAND,GARHWAL,,,503240.0
2004,UTTARAKHAND,HARIDWAR,,,486352.0
2004,UTTARAKHAND,NAINITAL,,,616628.0
2004,UTTARAKHAND,TEHRI GARHWAL,,,561428.0
2004,WEST BENGAL,ALIPURDUARS,,,840836.0
2004,WEST BENGAL,ARAMBAGH,,,964840.0
2004,WEST BENGAL,ASANSOL,,,725198.0
2004,WEST BENGAL,BALURGHAT,,,925631.0
2004,WEST BENGAL,BANKURA,,,695487.0
2004,WEST BENGAL,BARASAT,,,1153160.0
2004,WEST BENGAL,BARRACKPORE,,,794426.0
2004,WEST BENGAL,BASIRHAT,,,907585.0
2004,WEST BENGAL,BERHAMPORE,,,991515.0
2004,WEST BENGAL,BIRBHUM,,,724061.0
2004,WEST BENGAL,BOLPUR,,,770059.0
2004,WEST BENGAL,BURDWAN,,,997024.0
2004,WEST BENGAL,CALCUTTA NORTH EAST,,,568885.0
2004,WEST BENGAL,CALCUTTA NORTH WEST,,,360117.0
2004,WEST BENGAL,CALCUTTA SOUTH,,,772742.0
2004,WEST BENGAL,CONTAI,,,926774.0
2004,WEST BENGAL,COOCH BEHAR,,,952563.0
2004,WEST BENGAL,DARJEELING,,,888083.0
2004,WEST BENGAL,DIAMOND HARBOUR,,,836540.0
2004,WEST BENGAL,DUM DUM,,,1248360.0
2004,WEST BENGAL,DURGAPUR,,,847616.0
2004,WEST BENGAL,HOOGHLY,,,924919.0
2004,WEST BENGAL,HOWRAH,,,911632.0
2004,WEST BENGAL,JADAVPUR,,,1022315.0
2004,WEST BENGAL,JALPAIGURI,,,890105.0
2004,WEST BENGAL,JANGIPUR,,,883128.0
2004,WEST BENGAL,JAYNAGAR,,,806334.0
2004,WEST BENGAL,JHARGRAM,,,795312.0
2004,WEST BENGAL,KATWA,,,966263.0
2004,WEST BENGAL,KRISHNANAGAR,,,930294.0
2004,WEST BENGAL,MALDA,,,849111.0
2004,WEST BENGAL,MATHURAPUR,,,907785.0
2004,WEST BENGAL,MIDNAPORE,,,908499.0
2004,WEST BENGAL,MURSHIDABAD,,,1007221.0
2004,WEST BENGAL,NABADWIP,,,1177771.0
2004,WEST BENGAL,PANSKURA,,,874554.0
2004,WEST BENGAL,PURULIA,,,696219.0
2004,WEST BENGAL,RAIGANJ,,,917582.0
2004,WEST BENGAL,SERAMPORE,,,946248.0
2004,WEST BENGAL,TAMLUK,,,1035269.0
2004,WEST BENGAL,ULUBERIA,,,851546.0
2004,WEST BENGAL,VISHNUPUR,,,806624.0
2009,A&N ISLANDS,A&N ISLANDS,265108.0,64.16,170103.0
2009,ANDHRA PRADESH,ADILABAD,1131211.0,76.34,863581.0
2009,ANDHRA PRADESH,AMALAPURAM,1275287.0,80.28,1023765.0
2009,ANDHRA PRADESH,ANAKAPALLI,1331695.0,78.71,1048154.0
2009,ANDHRA PRADESH,ANANTAPURAMU,1411460.0,70.86,1000208.0
2009,ANDHRA PRADESH,ARAKU,1182514.0,67.01,792367.0
2009,ANDHRA PRADESH,BAPATLA,1321607.0,78.97,1043627.0
2009,ANDHRA PRADESH,BHUVANAGIRI,1478391.0,76.28,1127790.0
2009,ANDHRA PRADESH,CHEVELLA,1681664.0,64.52,1085000.0
2009,ANDHRA PRADESH,CHITTOOR,1291921.0,80.84,1044438.0
2009,ANDHRA PRADESH,ELURU,1275575.0,84.59,1078988.0
2009,ANDHRA PRADESH,GUNTUR,1365177.0,76.53,1044731.0
2009,ANDHRA PRADESH,HINDUPUR,1377610.0,74.51,1026389.0
2009,ANDHRA PRADESH,HYDERABAD,1393242.0,52.48,731108.0
2009,ANDHRA PRADESH,KADAPA,1347716.0,76.15,1026285.0
2009,ANDHRA PRADESH,KAKINADA,1265094.0,76.32,965570.0
2009,ANDHRA PRADESH,KARIMNAGAR,1496211.0,66.12,989301.0
2009,ANDHRA PRADESH,KHAMMAM,1259815.0,82.08,1034009.0
2009,ANDHRA PRADESH,KURNOOL,1307312.0,66.65,871360.0
2009,ANDHRA PRADESH,MACHILIPATNAM,1251053.0,83.6,1045905.0
2009,ANDHRA PRADESH,MAHABUBABAD,1265396.0,78.74,996402.0
2009,ANDHRA PRADESH,MAHABUBNAGAR,1368868.0,67.68,926516.0
2009,ANDHRA PRADESH,MALKAJGIRI,2343050.0,51.46,1205714.0
2009,ANDHRA PRADESH,MEDAK,1389721.0,76.29,1060272.0
2009,ANDHRA PRADESH,NAGARKURNOOL,1460484.0,70.21,1025367.0
2009,ANDHRA PRADESH,NALGONDA,1455016.0,74.14,1078698.0
2009,ANDHRA PRADESH,NANDYAL,1358711.0,73.22,994826.0
2009,ANDHRA PRADESH,NARASAPUR,1173138.0,84.47,990960.0
2009,ANDHRA PRADESH,NARASARAOPET,1360431.0,79.52,1081754.0
2009,ANDHRA PRADESH,NELLORE,1450938.0,69.09,1002419.0
2009,ANDHRA PRADESH,NIZAMABAD,1333271.0,66.72,889511.0
2009,ANDHRA PRADESH,ONGOLE,1375558.0,74.25,1021349.0
2009,ANDHRA PRADESH,PEDDAPALLI,1315642.0,68.72,904084.0
2009,ANDHRA PRADESH,RAJAHMUNDRY,1260974.0,80.72,1017820.0
2009,ANDHRA PRADESH,RAJAMPET,1311449.0,75.92,995648.0
2009,ANDHRA PRADESH,SECUNDERABAD,1574818.0,54.93,865038.0
2009,ANDHRA PRADESH,SRIKAKULAM,1226125.0,74.93,918772.0
2009,ANDHRA PRADESH,TIRUPATI,1464896.0,72.46,1061533.0
2009,ANDHRA PRADESH,VIJAYAWADA,1402315.0,77.61,1088297.0
2009,ANDHRA PRADESH,VISAKHAPATNAM,1387482.0,72.96,1012261.0
2009,ANDHRA PRADESH,VIZIANAGARAM,1323238.0,77.07,1019825.0
2009,ANDHRA PRADESH,WARANGAL,1486617.0,69.32,1030525.0
2009,ANDHRA PRADESH,ZAHIRABAD,1359566.0,74.82,1017290.0
2009,ARUNACHAL PRADESH,ARUNACHAL EAST,301173.0,71.36,214932.0
2009,ARUNACHAL PRADESH,ARUNACHAL WEST,433368.0,65.93,285710.0
2009,ASSAM,AUTONOMOUS DISTS,693407.0,69.3,480556.0
2009,ASSAM,BARPETA,1239607.0,72.7,901169.0
2009,ASSAM,DHUBRI,1371949.0,76.31,1046983.0
2009,ASSAM,DIBRUGARH,1114965.0,67.29,750274.0
2009,ASSAM,GAUHATI,1723860.0,64.32,1108827.0
2009,ASSAM,JORHAT,1182349.0,64.57,763455.0
2009,ASSAM,KALIABOR,1348371.0,71.24,960563.0
2009,ASSAM,KARIMGANJ,1068811.0,64.13,685420.0
2009,ASSAM,KOKRAJHAR,1377837.0,73.65,1014784.0
2009,ASSAM,LAKHIMPUR,1332518.0,68.26,909621.0
2009,ASSAM,MANGALDOI,1416682.0,69.78,988533.0
2009,ASSAM,NOWGONG,1411331.0,70.81,999426.0
2009,ASSAM,SILCHAR,978510.0,70.37,688546.0
2009,ASSAM,TEZPUR,1210132.0,69.66,843014.0
2009,BIHAR,ARARIA,1311225.0,55.71,730456.0
2009,BIHAR,ARRAH,1555122.0,35.78,556351.0
2009,BIHAR,AURANGABAD,1376323.0,43.47,598309.0
2009,BIHAR,BANKA,1338025.0,48.74,652208.0
2009,BIHAR,BEGUSARAI,1473263.0,48.75,718265.0
2009,BIHAR,BHAGALPUR,1433346.0,43.89,629078.0
2009,BIHAR,BUXAR,1340892.0,46.51,623615.0
2009,BIHAR,DARBHANGA,1307067.0,41.75,545713.0
2009,BIHAR,GAYA,1329192.0,42.45,564183.0
2009,BIHAR,GOPALGANJ,1349072.0,37.4,504612.0
2009,BIHAR,HAJIPUR,1327075.0,41.83,555107.0
2009,BIHAR,JAHANABAD,1276912.0,46.93,599200.0
2009,BIHAR,JAMUI,1404016.0,38.13,535282.0
2009,BIHAR,JHANJHARPUR,1418977.0,42.84,607834.0
2009,BIHAR,KARAKAT,1386634.0,41.61,577040.0
2009,BIHAR,KATIHAR,1272769.0,56.95,724802.0
2009,BIHAR,KHAGARIA,1342970.0,46.54,624981.0
2009,BIHAR,KISHANGANJ,1186369.0,52.84,626914.0
2009,BIHAR,MADHEPURA,1508361.0,50.15,756450.0
2009,BIHAR,MADHUBANI,1397256.0,39.83,556554.0
2009,BIHAR,MAHARAJGANJ,1312219.0,45.69,599529.0
2009,BIHAR,MUNGER,1564604.0,41.61,651003.0
2009,BIHAR,MUZAFFARPUR,1339949.0,46.41,621813.0
2009,BIHAR,NALANDA,1719503.0,33.05,568219.0
2009,BIHAR,NAWADA,1397512.0,41.62,581583.0
2009,BIHAR,PASCHIM CHAMPARAN,1220868.0,42.22,515477.0
2009,BIHAR,PATALIPUTRA,1526241.0,41.17,628283.0
2009,BIHAR,PATNA SAHIB,1641976.0,33.64,552416.0
2009,BIHAR,PURNEA,1305396.0,53.99,704752.0
2009,BIHAR,PURVI CHAMPARAN,1187264.0,40.59,481874.0
2009,BIHAR,SAMASTIPUR,1312948.0,44.54,584743.0
2009,BIHAR,SARAN,1268338.0,45.79,580829.0
2009,BIHAR,SASARAM,1402789.0,42.7,599031.0
2009,BIHAR,SHEOHAR,1269056.0,45.09,572269.0
2009,BIHAR,SITAMARHI,1355817.0,42.54,576748.0
2009,BIHAR,SIWAN,1282480.0,50.05,641910.0
2009,BIHAR,SUPAUL,1279549.0,54.52,697659.0
2009,BIHAR,UJIARPUR,1229327.0,45.89,564199.0
2009,BIHAR,VAISHALI,1278891.0,48.86,624859.0
2009,BIHAR,VALMIKI NAGAR,1275653.0,46.91,598447.0
2009,CHANDIGARH,CHANDIGARH,524444.0,65.51,343557.0
2009,CHHATTISGARH,BASTAR,1193116.0,47.33,564711.0
2009,CHHATTISGARH,BILASPUR,1472793.0,52.28,770024.0
2009,CHHATTISGARH,DURG,1620400.0,55.88,905519.0
2009,CHHATTISGARH,JANJGIR,1518450.0,48.57,737578.0
2009,CHHATTISGARH,KANKER,1296734.0,57.2,741792.0
2009,CHHATTISGARH,KORBA,1276443.0,58.41,745612.0
2009,CHHATTISGARH,MAHASAMUND,1369154.0,56.69,776217.0
2009,CHHATTISGARH,RAIGARH,1432746.0,65.31,935746.0
2009,CHHATTISGARH,RAIPUR,1578868.0,46.99,741861.0
2009,CHHATTISGARH,RAJNANDGAON,1411051.0,58.86,830581.0
2009,CHHATTISGARH,SARGUJA,1306822.0,61.62,805202.0
2009,D&N HAVELI,DADRA & NAGAR HAVELI,150704.0,73.23,110363.0
2009,DAMAN & DIU,DAMAN & DIU,95382.0,71.32,68024.0
2009,GOA,NORTH GOA,486983.0,60.02,292295.0
2009,GOA,SOUTH GOA,533811.0,50.95,271960.0
2009,GUJARAT,AHMEDABAD EAST,1411761.0,42.32,597387.0
2009,GUJARAT,AHMEDABAD WEST,1431080.0,48.22,690073.0
2009,GUJARAT,AMRELI,1312733.0,39.96,524621.0
2009,GUJARAT,ANAND,1397162.0,48.39,676083.0
2009,GUJARAT,BANASKANTHA,1296871.0,49.83,646231.0
2009,GUJARAT,BARDOLI,1440215.0,57.81,832542.0
2009,GUJARAT,BHARUCH,1311539.0,57.14,749420.0
2009,GUJARAT,BHAVNAGAR,1381619.0,45.11,623301.0
2009,GUJARAT,CHHOTA UDAIPUR,1412306.0,54.18,765217.0
2009,GUJARAT,DAHOD,1194821.0,44.73,534423.0
2009,GUJARAT,GANDHINAGAR,1555709.0,50.83,790737.0
2009,GUJARAT,JAMNAGAR,1298599.0,45.79,594586.0
2009,GUJARAT,JUNAGADH,1313064.0,57.88,760020.0
2009,GUJARAT,KACHCHH,1325614.0,42.55,564008.0
2009,GUJARAT,KHED,1448571.0,41.6,602663.0
2009,GUJARAT,MAHESANA,1393970.0,49.69,692672.0
2009,GUJARAT,NAVSARI,1623415.0,46.66,757551.0
2009,GUJARAT,PANCHMAHAL,1423385.0,42.62,606657.0
2009,GUJARAT,PATAN,1417623.0,44.67,633187.0
2009,GUJARAT,PORBANDAR,1385818.0,47.67,660653.0
2009,GUJARAT,RAJKOT,1455072.0,44.64,649606.0
2009,GUJARAT,SABARKANTHA,1452240.0,49.41,717614.0
2009,GUJARAT,SURAT,1420969.0,48.97,695796.0
2009,GUJARAT,SURENDRANAGAR,1475820.0,39.73,586317.0
2009,GUJARAT,VADODARA,1524060.0,49.02,747129.0
2009,GUJARAT,VALSAD,1380245.0,56.11,774429.0
2009,HARYANA,AMBALA,1264907.0,68.51,866622.0
2009,HARYANA,BHIWANI-MAHENDRAGARH,1212513.0,71.29,864392.0
2009,HARYANA,FARIDABAD,1103046.0,56.66,624937.0
2009,HARYANA,GURGAON,1244437.0,60.77,756236.0
2009,HARYANA,HISSAR,1194689.0,69.35,828461.0
2009,HARYANA,KARNAL,1216977.0,66.64,811029.0
2009,HARYANA,KURUKSHETRA,1166684.0,75.04,875454.0
2009,HARYANA,ROHTAK,1274972.0,65.56,835925.0
2009,HARYANA,SIRSA,1309507.0,74.93,981239.0
2009,HARYANA,SONEPAT,1099978.0,64.75,712258.0
2009,HIMACHAL PRADESH,HAMIRPUR,1187377.0,58.85,698739.0
2009,HIMACHAL PRADESH,KANGRA,1200165.0,55.15,661847.0
2009,HIMACHAL PRADESH,MANDI,1112524.0,64.09,713026.0
2009,HIMACHAL PRADESH,SHIMLA,1106608.0,55.73,616678.0
2009,JAMMU & KASHMIR,ANANTNAG,1176223.0,27.1,318726.0
2009,JAMMU & KASHMIR,BARAMULLA,1054496.0,41.84,441234.0
2009,JAMMU & KASHMIR,JAMMU,1719897.0,49.03,843314.0
2009,JAMMU & KASHMIR,LADAKH,152491.0,71.86,109575.0
2009,JAMMU & KASHMIR,SRINAGAR,1106729.0,25.55,282761.0
2009,JAMMU & KASHMIR,UDHAMPUR,1363060.0,44.88,611725.0
2009,JHARKHAND,CHATRA,1037665.0,45.67,473947.0
2009,JHARKHAND,DHANBAD,1806475.0,45.03,813483.0
2009,JHARKHAND,DUMKA,1128361.0,55.13,622012.0
2009,JHARKHAND,GIRIDIH,1346527.0,45.98,619190.0
2009,JHARKHAND,GODDA,1412253.0,56.48,797622.0
2009,JHARKHAND,HAZARIBAGH,1301651.0,53.08,690943.0
2009,JHARKHAND,JAMSHEDPUR,1380279.0,51.12,705568.0
2009,JHARKHAND,KHUNTI,980868.0,52.03,510343.0
2009,JHARKHAND,KODARMA,1390428.0,56.14,780538.0
2009,JHARKHAND,LOHARDAGA,981666.0,53.21,522378.0
2009,JHARKHAND,PALAMU,1417375.0,45.95,651262.0
2009,JHARKHAND,RAJMAHAL,1167993.0,55.18,644500.0
2009,JHARKHAND,RANCHI,1625148.0,44.56,724106.0
2009,JHARKHAND,SINGHBHUM,957406.0,60.57,579926.0
2009,KARNATAKA,BAGALKOT,1363359.0,63.07,859928.0
2009,KARNATAKA,BANGALORE CENTRAL,1901346.0,44.55,846982.0
2009,KARNATAKA,BANGALORE NORTH,2144091.0,46.72,1001657.0
2009,KARNATAKA,BANGALORE RURAL,1904135.0,57.92,1102833.0
2009,KARNATAKA,BANGALORE SOUTH,2031030.0,44.74,908590.0
2009,KARNATAKA,BELAGAVI,1378238.0,54.75,754561.0
2009,KARNATAKA,BELLARY,1401258.0,61.44,860869.0
2009,KARNATAKA,BIDAR,1470507.0,52.99,779241.0
2009,KARNATAKA,BIJAPUR,1373604.0,47.29,649631.0
2009,KARNATAKA,CHAMARAJANAGAR,1433825.0,67.91,973693.0
2009,KARNATAKA,CHIKBALLAPUR,1437155.0,68.09,978610.0
2009,KARNATAKA,CHIKKODI,1284427.0,67.56,867802.0
2009,KARNATAKA,CHITRADURGA,1534169.0,54.49,835945.0
2009,KARNATAKA,DAKSHINA KANNADA,1364641.0,74.45,1015922.0
2009,KARNATAKA,DAVANGERE,1344920.0,67.46,907277.0
2009,KARNATAKA,DHARWAD,1411500.0,56.55,798214.0
2009,KARNATAKA,GULBARGA,1543771.0,49.19,759385.0
2009,KARNATAKA,HAASAN,,69.17435840625227,980348.0
2009,KARNATAKA,HAVERI,1371763.0,63.59,872241.0
2009,KARNATAKA,KOLAR,1340923.0,69.15,927261.0
2009,KARNATAKA,KOPPAL,1363431.0,55.35,754684.0
2009,KARNATAKA,MANDYA,1499744.0,68.79,1031703.0
2009,KARNATAKA,MYSORE,1653991.0,58.88,973878.0
2009,KARNATAKA,RAICHUR,1486326.0,45.9,682264.0
2009,KARNATAKA,SHIMOGA,1435908.0,66.47,954407.0
2009,KARNATAKA,TUMKUR,1388773.0,64.79,899784.0
2009,KARNATAKA,UDUPI CHIKMAGALUR,1224335.0,68.18,834728.0
2009,KARNATAKA,UTTARA KANNADA,1286556.0,59.09,760275.0
2009,KERALA,ALAPPUZHA,1147162.0,79.15,907977.0
2009,KERALA,ALATHUR,1100843.0,75.27,828576.0
2009,KERALA,ATTINGAL,1091432.0,66.25,723045.0
2009,KERALA,BADAGARA,1071171.0,80.55,862844.0
2009,KERALA,CHALAKUDY,1075390.0,73.72,792767.0
2009,KERALA,ERNAKULAM,1023053.0,72.81,744869.0
2009,KERALA,IDUKKI,1062849.0,73.94,785901.0
2009,KERALA,KANNUR,1069725.0,80.75,863832.0
2009,KERALA,KASARAGOD,1113892.0,76.05,847096.0
2009,KERALA,KOLLAM,1108686.0,67.84,752121.0
2009,KERALA,KOTTAYAM,1095242.0,73.76,807820.0
2009,KERALA,KOZHIKODE,1053817.0,75.68,797578.0
2009,KERALA,MALAPPURAM,1019713.0,76.81,783230.0
2009,KERALA,MAVELIKARA,1142993.0,70.32,803802.0
2009,KERALA,PALAKKAD,1074818.0,73.47,789648.0
2009,KERALA,PATHANAMTHITTA,1213370.0,65.7,797154.0
2009,KERALA,PONNANI,997075.0,77.17,769418.0
2009,KERALA,THIRUVANANTHAPURAM,1122047.0,65.74,737641.0
2009,KERALA,THRISSUR,1174161.0,69.48,815862.0
2009,KERALA,WAYANAD,1102097.0,74.74,823694.0
2009,LAKSHADWEEP,LAKSHADWEEP,45983.0,85.9,39498.0
2009,MADHYA PRADESH,BALAGHAT,1339239.0,56.49,756541.0
2009,MADHYA PRADESH,BETUL,1286761.0,49.47,636555.0
2009,MADHYA PRADESH,BHIND,1364411.0,38.39,523791.0
2009,MADHYA PRADESH,BHOPAL,1461714.0,45.07,658840.0
2009,MADHYA PRADESH,CHHINDWARA,1154249.0,71.85,829294.0
2009,MADHYA PRADESH,DAMOH,1357985.0,44.12,599124.0
2009,MADHYA PRADESH,DEWAS,1297313.0,60.35,782928.0
2009,MADHYA PRADESH,DHAR,1197172.0,54.69,654736.0
2009,MADHYA PRADESH,GUNA,1202772.0,54.03,649838.0
2009,MADHYA PRADESH,GWALIOR,1420728.0,41.12,584196.0
2009,MADHYA PRADESH,HOSHANGABAD,1297404.0,54.82,711229.0
2009,MADHYA PRADESH,INDORE,1570094.0,50.76,796910.0
2009,MADHYA PRADESH,JABALPUR,1446345.0,43.8,633493.0
2009,MADHYA PRADESH,KHAJURAHO,1349511.0,43.21,583083.0
2009,MADHYA PRADESH,KHANDWA,1355325.0,59.94,812414.0
2009,MADHYA PRADESH,KHARGONE,1263778.0,60.18,760555.0
2009,MADHYA PRADESH,MANDLA,1528061.0,56.25,859559.0
2009,MADHYA PRADESH,MANDSAUR,1371067.0,55.83,765476.0
2009,MADHYA PRADESH,MORENA,1339897.0,53.04,710666.0
2009,MADHYA PRADESH,RAJGARH,1261062.0,51.57,650344.0
2009,MADHYA PRADESH,RATLAM,1251597.0,50.93,637429.0
2009,MADHYA PRADESH,REWA,1248727.0,48.34,603641.0
2009,MADHYA PRADESH,SAGAR,1185166.0,48.12,570321.0
2009,MADHYA PRADESH,SATNA,1207500.0,54.63,659605.0
2009,MADHYA PRADESH,SHAHDOL,1272377.0,49.46,629372.0
2009,MADHYA PRADESH,SIDHI,1358291.0,49.75,675807.0
2009,MADHYA PRADESH,TIKAMGARH,1209553.0,43.42,525180.0
2009,MADHYA PRADESH,UJJAIN,1253686.0,53.25,667553.0
2009,MADHYA PRADESH,VIDISHA,1233394.0,45.09,556128.0
2009,MAHARASHTRA,AHMEDNAGAR,1517951.0,51.84,786980.0
2009,MAHARASHTRA,AKOLA,1480606.0,49.91,738955.0
2009,MAHARASHTRA,AMRAVATI,1423855.0,51.44,732492.0
2009,MAHARASHTRA,AURANGABAD,1417964.0,51.56,731147.0
2009,MAHARASHTRA,BARAMATI,1593460.0,46.07,734048.0
2009,MAHARASHTRA,BEED,1637239.0,65.6,1073983.0
2009,MAHARASHTRA,BHANDARA - GONDIYA,1450477.0,71.06,1030750.0
2009,MAHARASHTRA,BHIWANDI,1483176.0,39.39,584263.0
2009,MAHARASHTRA,BULDHANA,1382736.0,61.7,853133.0
2009,MAHARASHTRA,CHANDRAPUR,1536352.0,58.48,898515.0
2009,MAHARASHTRA,DHULE,1575225.0,42.53,669906.0
2009,MAHARASHTRA,DINDORI,1432938.0,47.57,681623.0
2009,MAHARASHTRA,GADCHIROLI-CHIMUR,1285387.0,65.14,837247.0
2009,MAHARASHTRA,HATKANANGLE,1458560.0,67.07,978202.0
2009,MAHARASHTRA,HINGOLI,1369774.0,59.68,817467.0
2009,MAHARASHTRA,JALGAON,1549391.0,42.38,656567.0
2009,MAHARASHTRA,JALNA,1426255.0,55.89,797127.0
2009,MAHARASHTRA,KALYAN,1588507.0,34.3,544828.0
2009,MAHARASHTRA,KOLHAPUR,1583030.0,64.93,1027802.0
2009,MAHARASHTRA,LATUR,1509987.0,54.93,829393.0
2009,MAHARASHTRA,MADHA,1558442.0,58.99,919371.0
2009,MAHARASHTRA,MAVAL,1604886.0,44.71,717616.0
2009,MAHARASHTRA,MUMBAI NORTH,1608924.0,42.58,685022.0
2009,MAHARASHTRA,MUMBAI NORTH CENTRAL,1681985.0,39.52,664647.0
2009,MAHARASHTRA,MUMBAI NORTH EAST,1572890.0,42.46,667904.0
2009,MAHARASHTRA,MUMBAI NORTH WEST,1604992.0,44.06,707134.0
2009,MAHARASHTRA,MUMBAI SOUTH,1589811.0,40.36,641571.0
2009,MAHARASHTRA,MUMBAI SOUTH CENTRAL,1515899.0,39.5,598845.0
2009,MAHARASHTRA,NAGPUR,1738920.0,43.44,755369.0
2009,MAHARASHTRA,NANDED,1439015.0,53.83,774590.0
2009,MAHARASHTRA,NANDURBAR,1455543.0,52.64,766240.0
2009,MAHARASHTRA,NASHIK,1448414.0,45.35,656892.0
2009,MAHARASHTRA,OSMANABAD,1608852.0,57.47,924547.0
2009,MAHARASHTRA,PALGHAR,1523061.0,48.1,732587.0
2009,MAHARASHTRA,PARBHANI,1610088.0,54.08,870726.0
2009,MAHARASHTRA,PUNE,1806953.0,40.66,734641.0
2009,MAHARASHTRA,RAIGAD,1359830.0,56.43,767366.0
2009,MAHARASHTRA,RAMTEK,1502900.0,50.88,764712.0
2009,MAHARASHTRA,RATNAGIRI,1252255.0,57.39,718721.0
2009,MAHARASHTRA,RAVER,1418691.0,50.75,720006.0
2009,MAHARASHTRA,SANGLI,1490571.0,52.12,776830.0
2009,MAHARASHTRA,SATARA,1546146.0,52.82,816646.0
2009,MAHARASHTRA,SHIRDI,1317890.0,50.37,663881.0
2009,MAHARASHTRA,SHIRUR,1630466.0,51.44,838728.0
2009,MAHARASHTRA,SHOLAPUR,1594138.0,46.62,743222.0
2009,MAHARASHTRA,THANE,1806803.0,41.5,749873.0
2009,MAHARASHTRA,WARDHA,1408781.0,54.6,769132.0
2009,MAHARASHTRA,YAVATMAL-WASHIM,1554042.0,54.06,840064.0
2009,MANIPUR,INNER MANIPUR,826755.0,70.54,583218.0
2009,MANIPUR,OUTER MANIPUR,909496.0,83.14,756181.0
2009,MEGHALAYA,SHILLONG,771965.0,62.23,480379.0
2009,MEGHALAYA,TURA,505774.0,67.66,342187.0
2009,MIZORAM,MIZORAM,629374.0,51.8,325991.0
2009,NAGALAND,NAGALAND,1321878.0,89.99,1189601.0
2009,NCT OF DELHI,CHANDNI CHOWK,1413535.0,55.21,780445.0
2009,NCT OF DELHI,EAST DELHI,1604795.0,53.43,857406.0
2009,NCT OF DELHI,NEW DELHI,1373146.0,55.71,765018.0
2009,NCT OF DELHI,NORTH EAST DELHI,1677058.0,52.35,877904.0
2009,NCT OF DELHI,NORTH WEST DELHI,1798181.0,47.69,857543.0
2009,NCT OF DELHI,SOUTH DELHI,1542412.0,47.41,731294.0
2009,NCT OF DELHI,WEST DELHI,1687727.0,52.34,883437.0
2009,ODISHA,ASKA,1286194.0,54.57,701880.0
2009,ODISHA,BALASORE,1269342.0,70.29,892262.0
2009,ODISHA,BARGARH,1320274.0,69.65,919625.0
2009,ODISHA,BERHAMPORE,1207552.0,58.87,710923.0
2009,ODISHA,BHADRAK,1372356.0,67.71,929162.0
2009,ODISHA,BHUBANESWAR,1447002.0,49.14,711041.0
2009,ODISHA,BOLANGIR,1443484.0,70.11,1012022.0
2009,ODISHA,CUTTACK,1283576.0,63.38,813499.0
2009,ODISHA,DHENKANAL,1283608.0,66.74,856631.0
2009,ODISHA,JAGATSINGHPUR,1455406.0,67.56,983313.0
2009,ODISHA,JAJPUR,1227088.0,66.59,817108.0
2009,ODISHA,KALAHANDI,1421959.0,68.81,978393.0
2009,ODISHA,KANDHAMAL,1065279.0,66.44,707748.0
2009,ODISHA,KENDRAPARA,1434425.0,68.53,983010.0
2009,ODISHA,KEONJHAR,1265225.0,70.48,891746.0
2009,ODISHA,KORAPUT,1217768.0,62.38,759619.0
2009,ODISHA,MAYURBHANJ,1173650.0,70.27,824754.0
2009,ODISHA,NABARANGPUR,1215653.0,65.14,791935.0
2009,ODISHA,PURI,1322817.0,68.8,910151.0
2009,ODISHA,SAMBALPUR,1233251.0,64.9,800420.0
2009,ODISHA,SUNDARGARH,1248955.0,61.39,766742.0
2009,PUDUCHERRY,PUDUCHERRY,762440.0,79.74,607948.0
2009,PUNJAB,AMRITSAR,1241099.0,65.63,814479.0
2009,PUNJAB,ANANDPUR SAHIB,1338596.0,67.58,904590.0
2009,PUNJAB,BHATINDA,1336790.0,78.41,1048228.0
2009,PUNJAB,FARIDKOT,1288090.0,72.24,930519.0
2009,PUNJAB,FATEHGARH SAHIB,1207556.0,69.41,838145.0
2009,PUNJAB,FEROZEPUR,1342488.0,71.28,956890.0
2009,PUNJAB,GURDASPUR,1318967.0,70.77,933370.0
2009,PUNJAB,HOSHIARPUR,1299234.0,64.9,843208.0
2009,PUNJAB,JALANDHAR,1339842.0,67.15,899664.0
2009,PUNJAB,KHADOOR SAHIB,1340145.0,70.64,946643.0
2009,PUNJAB,LUDHIANA,1309308.0,64.64,846364.0
2009,PUNJAB,PATIALA,1344864.0,69.6,936005.0
2009,PUNJAB,SANGRUR,1251401.0,74.41,931199.0
2009,RAJASTHAN,AJMER,1455339.0,52.99,771160.0
2009,RAJASTHAN,ALWAR,1373384.0,55.53,762694.0
2009,RAJASTHAN,BANSWARA,1457980.0,52.73,768753.0
2009,RAJASTHAN,BARMER,1441456.0,54.47,785199.0
2009,RAJASTHAN,BHARATPUR,1437111.0,39.02,560691.0
2009,RAJASTHAN,BHILWARA,1492687.0,50.54,754457.0
2009,RAJASTHAN,BIKANER,1381203.0,41.25,569804.0
2009,RAJASTHAN,CHITTORGARH,1601444.0,49.63,794800.0
2009,RAJASTHAN,CHURU,1532266.0,52.37,802467.0
2009,RAJASTHAN,DAUSA,1315810.0,63.94,841355.0
2009,RAJASTHAN,GANGANAGAR,1491983.0,60.97,909629.0
2009,RAJASTHAN,JAIPUR,1684541.0,48.26,812901.0
2009,RAJASTHAN,JAIPUR RURAL,1444949.0,47.52,686585.0
2009,RAJASTHAN,JALORE,1520957.0,37.98,577606.0
2009,RAJASTHAN,JHALAWAR,1447157.0,60.25,871864.0
2009,RAJASTHAN,JHUN JHUNU,1432581.0,42.01,601887.0
2009,RAJASTHAN,JODHPUR,1506821.0,45.23,681471.0
2009,RAJASTHAN,KARAULI-DHOLPUR,1303196.0,37.38,487118.0
2009,RAJASTHAN,KOTA,1498971.0,45.48,681806.0
2009,RAJASTHAN,NAGAUR,1486307.0,41.03,609879.0
2009,RAJASTHAN,PALI,1682713.0,42.96,722870.0
2009,RAJASTHAN,RAJSAMAND,1489231.0,39.68,590981.0
2009,RAJASTHAN,SIKAR,1507740.0,48.1,725265.0
2009,RAJASTHAN,TONK,1510047.0,53.12,802111.0
2009,RAJASTHAN,UDAIPUR,1564137.0,48.48,758240.0
2009,SIKKIM,SIKKIM,300584.0,83.75,251751.0
2009,TAMIL NADU,ARAKKONAM,1098607.0,77.65,853116.0
2009,TAMIL NADU,ARANI,1097865.0,76.62,841204.0
2009,TAMIL NADU,CHENNAI CENTRAL,1000705.0,60.99,610352.0
2009,TAMIL NADU,CHENNAI NORTH,1016663.0,64.91,659889.0
2009,TAMIL NADU,CHENNAI SOUTH,1162062.0,62.66,728113.0
2009,TAMIL NADU,CHIDAMBARAM,1126828.0,77.18,869709.0
2009,TAMIL NADU,COIMBATORE,1163781.0,70.81,824047.0
2009,TAMIL NADU,CUDDALORE,986030.0,76.0,749394.0
2009,TAMIL NADU,DHARMAPURI,1069601.0,72.75,778102.0
2009,TAMIL NADU,DINDIGUL,1085696.0,75.58,820558.0
2009,TAMIL NADU,ERODE,1010079.0,75.93,767000.0
2009,TAMIL NADU,KALLAKURICHI,1106352.0,77.28,854955.0
2009,TAMIL NADU,KANCHEEPURAM,1060188.0,74.22,786910.0
2009,TAMIL NADU,KANYAKUMARI,1178047.0,64.99,765661.0
2009,TAMIL NADU,KARUR,1012924.0,81.43,824802.0
2009,TAMIL NADU,KRISHNAGIRI,1014758.0,74.16,752578.0
2009,TAMIL NADU,MADURAI,1022421.0,77.43,791678.0
2009,TAMIL NADU,MAYILADUTURAI,,73.2538783108677,799580.0
2009,TAMIL NADU,NAGAPATTINAM,982352.0,77.67,762988.0
2009,TAMIL NADU,NAMAKKAL,1075526.0,78.59,845244.0
2009,TAMIL NADU,NILGIRIS,1003168.0,70.75,709705.0
2009,TAMIL NADU,PERAMBALUR,1049033.0,79.33,832216.0
2009,TAMIL NADU,POLLACHI,1017811.0,75.8,771479.0
2009,TAMIL NADU,RAMANATHAPURAM,1133391.0,68.63,777839.0
2009,TAMIL NADU,SALEM,1171839.0,76.42,895554.0
2009,TAMIL NADU,SIVAGANGA,1092438.0,70.97,775253.0
2009,TAMIL NADU,SRIPERUMBUDUR,1201237.0,66.1,794052.0
2009,TAMIL NADU,TENKASI,1063614.0,70.14,746045.0
2009,TAMIL NADU,THANJAVUR,1054118.0,76.63,807776.0
2009,TAMIL NADU,THENI,1074931.0,74.47,800529.0
2009,TAMIL NADU,THIRUVALLUR,1204209.0,70.55,849619.0
2009,TAMIL NADU,THIRUVANNAMALAI,1052587.0,79.86,840545.0
2009,TAMIL NADU,THOOTHUKKUDI,949153.0,69.13,656163.0
2009,TAMIL NADU,TIRUCHIRAPPALLI,1067193.0,67.3,718207.0
2009,TAMIL NADU,TIRUNELVELI,1059687.0,66.13,700788.0
2009,TAMIL NADU,TIRUPPUR,993758.0,74.64,741714.0
2009,TAMIL NADU,VELLORE,1010067.0,71.63,723529.0
2009,TAMIL NADU,VILUPPURAM,1068171.0,74.56,796414.0
2009,TAMIL NADU,VIRUDHUNAGAR,992051.0,77.38,767653.0
2009,TRIPURA,TRIPURA EAST,988466.0,83.06,820984.0
2009,TRIPURA,TRIPURA WEST,1093799.0,85.71,937517.0
2009,UTTAR PRADESH,AGRA,1539683.0,42.03,647090.0
2009,UTTAR PRADESH,AKBARPUR,1461050.0,43.62,637254.0
2009,UTTAR PRADESH,ALIGARH,1345351.0,51.44,692055.0
2009,UTTAR PRADESH,ALLAHABAD,1267492.0,43.41,550197.0
2009,UTTAR PRADESH,AMBEDKAR NAGAR,1494838.0,54.24,810810.0
2009,UTTAR PRADESH,AMETHI,1431787.0,45.16,646650.0
2009,UTTAR PRADESH,AMROHA,1173915.0,60.17,706365.0
2009,UTTAR PRADESH,AONLA,1310878.0,53.74,704522.0
2009,UTTAR PRADESH,AZAMGARH,1578854.0,44.64,704863.0
2009,UTTAR PRADESH,BADAUN,1405695.0,52.45,737308.0
2009,UTTAR PRADESH,BAGHPAT,1280602.0,47.93,613748.0
2009,UTTAR PRADESH,BAHRAICH,1246823.0,41.12,512701.0
2009,UTTAR PRADESH,BALLIA,1679029.0,40.36,677729.0
2009,UTTAR PRADESH,BANDA,1386265.0,44.67,619218.0
2009,UTTAR PRADESH,BANSGAON,1663648.0,39.02,649227.0
2009,UTTAR PRADESH,BARA BANKI,1422218.0,52.27,743428.0
2009,UTTAR PRADESH,BAREILLY,1401423.0,50.36,705734.0
2009,UTTAR PRADESH,BASTI,1570657.0,49.26,773779.0
2009,UTTAR PRADESH,BHADOHI,1519449.0,43.35,658685.0
2009,UTTAR PRADESH,BIJNOR,1287070.0,54.98,707590.0
2009,UTTAR PRADESH,BULANDSHAHR,1482749.0,45.08,668447.0
2009,UTTAR PRADESH,CHANDAULI,1446259.0,46.39,670891.0
2009,UTTAR PRADESH,DEORIA,1580745.0,45.26,715523.0
2009,UTTAR PRADESH,DHAURAHRA,1269584.0,59.83,759532.0
2009,UTTAR PRADESH,DOMARIAGANJ,1499679.0,49.07,735879.0
2009,UTTAR PRADESH,ETAH,1278295.0,44.41,567725.0
2009,UTTAR PRADESH,ETAWAH,1416867.0,45.02,637920.0
2009,UTTAR PRADESH,FAIZABAD,1500160.0,49.94,749168.0
2009,UTTAR PRADESH,FARRUKHABAD,1306214.0,46.78,611015.0
2009,UTTAR PRADESH,FATEHPUR,1536621.0,45.19,694383.0
2009,UTTAR PRADESH,FATEHPUR SIKRI,1345742.0,51.56,693904.0
2009,UTTAR PRADESH,FIROZABAD,1422243.0,48.16,684904.0
2009,UTTAR PRADESH,GAUTAM BUDDH NAGAR,1522397.0,48.54,738984.0
2009,UTTAR PRADESH,GHAZIABAD,1831688.0,45.3,829823.0
2009,UTTAR PRADESH,GHAZIPUR,1527723.0,50.43,770434.0
2009,UTTAR PRADESH,GHOSI,1693231.0,45.23,765865.0
2009,UTTAR PRADESH,GONDA,1341455.0,45.12,605243.0
2009,UTTAR PRADESH,GORAKHPUR,1696474.0,44.13,748617.0
2009,UTTAR PRADESH,HAMIRPUR,1498840.0,48.4,725477.0
2009,UTTAR PRADESH,HARDOI,1416949.0,40.55,574599.0
2009,UTTAR PRADESH,HATHRAS,1437725.0,45.1,648468.0
2009,UTTAR PRADESH,JALAUN,1684988.0,47.33,797584.0
2009,UTTAR PRADESH,JAUNPUR,1662127.0,45.96,763910.0
2009,UTTAR PRADESH,JHANSI,1562082.0,55.17,861859.0
2009,UTTAR PRADESH,KAIRANA,1282551.0,56.55,725335.0
2009,UTTAR PRADESH,KAISERGANJ,1376267.0,41.1,565641.0
2009,UTTAR PRADESH,KANNAUJ,1504276.0,49.32,741950.0
2009,UTTAR PRADESH,KANPUR,1390055.0,36.9,512878.0
2009,UTTAR PRADESH,KAUSHAMBI,1391312.0,39.63,551311.0
2009,UTTAR PRADESH,KHERI,1297088.0,54.58,707960.0
2009,UTTAR PRADESH,KUSHI NAGAR,1438263.0,50.83,731041.0
2009,UTTAR PRADESH,LALGANJ,1509536.0,43.62,658479.0
2009,UTTAR PRADESH,LUCKNOW,1653123.0,35.33,584051.0
2009,UTTAR PRADESH,MACHHLISHAHR,1751074.0,40.99,717761.0
2009,UTTAR PRADESH,MAHARAJGANJ,1509167.0,55.61,839206.0
2009,UTTAR PRADESH,MAINPURI,1399259.0,49.67,695032.0
2009,UTTAR PRADESH,MATHURA,1341649.0,54.15,726493.0
2009,UTTAR PRADESH,MEERUT,1508788.0,48.23,727711.0
2009,UTTAR PRADESH,MIRZAPUR,1405539.0,52.14,732855.0
2009,UTTAR PRADESH,MISRIKH,1464770.0,41.48,607589.0
2009,UTTAR PRADESH,MOHANLALGANJ,1500237.0,46.28,694274.0
2009,UTTAR PRADESH,MORADABAD,1388525.0,54.8,760944.0
2009,UTTAR PRADESH,MUZAFFARNAGAR,1370117.0,54.37,745001.0
2009,UTTAR PRADESH,NAGINA,1196566.0,53.78,643468.0
2009,UTTAR PRADESH,PHULPUR,1426450.0,38.69,551917.0
2009,UTTAR PRADESH,PILIBHIT,1310007.0,63.94,837577.0
2009,UTTAR PRADESH,PRATAPGARH,1435159.0,44.66,641003.0
2009,UTTAR PRADESH,RAE BARELI,1379507.0,48.33,666648.0
2009,UTTAR PRADESH,RAMPUR,1154544.0,52.5,606177.0
2009,UTTAR PRADESH,ROBERTSGANJ,1214735.0,49.01,595317.0
2009,UTTAR PRADESH,SAHARANPUR,1298132.0,63.25,821122.0
2009,UTTAR PRADESH,SALEMPUR,1621136.0,39.21,635722.0
2009,UTTAR PRADESH,SAMBHAL,1290810.0,52.83,681924.0
2009,UTTAR PRADESH,SANT KABIR NAGAR,1694453.0,47.27,800921.0
2009,UTTAR PRADESH,SHAHJAHANPUR,1627964.0,48.68,792508.0
2009,UTTAR PRADESH,SHRAWASTI,1405884.0,43.06,605386.0
2009,UTTAR PRADESH,SITAPUR,1230078.0,57.31,704911.0
2009,UTTAR PRADESH,SULTANPUR,1430955.0,49.47,707855.0
2009,UTTAR PRADESH,UNNAO,1818980.0,49.73,904542.0
2009,UTTAR PRADESH,VARANASI,1561854.0,42.61,665490.0
2009,UTTARAKHAND,ALMORA,1057379.0,45.47,480757.0
2009,UTTARAKHAND,GARHWAL,1092282.0,48.85,533568.0
2009,UTTARAKHAND,HARIDWAR,1294280.0,60.88,787963.0
2009,UTTARAKHAND,NAINITAL,1284092.0,58.69,753682.0
2009,UTTARAKHAND,TEHRI GARHWAL,1159691.0,50.36,584075.0
2009,WEST BENGAL,ALIPURDUARS,1229301.0,75.96,933734.0
2009,WEST BENGAL,ARAMBAGH,1375377.0,84.58,1163337.0
2009,WEST BENGAL,ASANSOL,1250052.0,71.49,893704.0
2009,WEST BENGAL,BALURGHAT,1010224.0,86.65,875360.0
2009,WEST BENGAL,BANGAON,1246979.0,86.47,1078235.0
2009,WEST BENGAL,BANKURA,1268563.0,77.62,984604.0
2009,WEST BENGAL,BARASAT,1226654.0,83.6,1025539.0
2009,WEST BENGAL,BARDHAMAN PURBA,1289311.0,87.21,1124373.0
2009,WEST BENGAL,BARRACKPORE,1081237.0,80.46,869968.0
2009,WEST BENGAL,BASIRHAT,1198579.0,86.62,1038209.0
2009,WEST BENGAL,BERHAMPORE,1179938.0,80.7,952213.0
2009,WEST BENGAL,BIRBHUM,1221893.0,83.27,1017493.0
2009,WEST BENGAL,BOLPUR,1307730.0,82.49,1078811.0
2009,WEST BENGAL,BURDWAN,1353380.0,83.87,1135028.0
2009,WEST BENGAL,COOCH BEHAR,1329086.0,84.35,1121043.0
2009,WEST BENGAL,DARJEELING,1215464.0,79.51,966371.0
2009,WEST BENGAL,DIAMOND HARBOUR,1302398.0,80.94,1054112.0
2009,WEST BENGAL,DUM DUM,1212220.0,80.49,975684.0
2009,WEST BENGAL,GHATAL,1354861.0,86.35,1169934.0
2009,WEST BENGAL,HOOGHLY,1405684.0,82.71,1162644.0
2009,WEST BENGAL,HOWRAH,1344746.0,73.91,993958.0
2009,WEST BENGAL,JADAVPUR,1331537.0,81.47,1084833.0
2009,WEST BENGAL,JALPAIGURI,1252142.0,82.36,1031290.0
2009,WEST BENGAL,JANGIPUR,1087054.0,85.95,934281.0
2009,WEST BENGAL,JAYNAGAR,1143640.0,80.08,915836.0
2009,WEST BENGAL,JHARGRAM,1241574.0,77.19,958374.0
2009,WEST BENGAL,KANTHI,1249775.0,89.97,1124447.0
2009,WEST BENGAL,KOLKATA DAKSHIN,1505638.0,66.9,1007225.0
2009,WEST BENGAL,KOLKATA UTTAR,1366647.0,64.2,877381.0
2009,WEST BENGAL,KRISHNANAGAR,1223082.0,85.5,1045711.0
2009,WEST BENGAL,MALDA,1052093.0,78.84,829486.0
2009,WEST BENGAL,MALDAHA UTTAR,1101096.0,83.69,921502.0
2009,WEST BENGAL,MATHURAPUR,1227376.0,85.4,1048228.0
2009,WEST BENGAL,MIDNAPORE,1262983.0,82.54,1042496.0
2009,WEST BENGAL,MURSHIDABAD,1192899.0,88.14,1051383.0
2009,WEST BENGAL,PURULIA,1257799.0,71.91,904518.0
2009,WEST BENGAL,RAIGANJ,1108382.0,81.05,898399.0
2009,WEST BENGAL,RANAGHAT,1329436.0,86.29,1147228.0
2009,WEST BENGAL,SERAMPORE,1395570.0,77.49,1081402.0
2009,WEST BENGAL,TAMLUK,1271230.0,90.32,1148206.0
2009,WEST BENGAL,ULUBERIA,1251590.0,80.68,1009819.0
2009,WEST BENGAL,VISHNUPUR,1237948.0,85.15,1054149.0
2014,A&N ISLANDS,ANDAMAN & NICOBAR ISLANDS,,,190328.0
2014,ANDHRA PRADESH,ADILABAD,,,1045839.0
2014,ANDHRA PRADESH,AMALAPURAM,,,1120927.0
2014,ANDHRA PRADESH,ANAKAPALLI,,,1148072.0
2014,ANDHRA PRADESH,ANANTAPURAMU,,,1205054.0
2014,ANDHRA PRADESH,ARAKU,,,909614.0
2014,ANDHRA PRADESH,BAPATLA,,,1184634.0
2014,ANDHRA PRADESH,BHUVANAGIRI,,,1211943.0
2014,ANDHRA PRADESH,CHEVELLA,,,1315862.0
2014,ANDHRA PRADESH,CHITTOOR,,,1198915.0
2014,ANDHRA PRADESH,ELURU,,,1201696.0
2014,ANDHRA PRADESH,GUNTUR,,,1244926.0
2014,ANDHRA PRADESH,HINDUPUR,,,1177257.0
2014,ANDHRA PRADESH,HYDERABAD,,,971421.0
2014,ANDHRA PRADESH,KADAPA,,,1200662.0
2014,ANDHRA PRADESH,KAKINADA,,,1099999.0
2014,ANDHRA PRADESH,KARIMNAGAR,,,1125691.0
2014,ANDHRA PRADESH,KHAMMAM,,,1182897.0
2014,ANDHRA PRADESH,KURNOOL,,,1065732.0
2014,ANDHRA PRADESH,MACHILIPATNAM,,,1141065.0
2014,ANDHRA PRADESH,MAHABUBABAD,,,1124370.0
2014,ANDHRA PRADESH,MAHBUBNAGAR,,,1014800.0
2014,ANDHRA PRADESH,MALKAJGIRI,,,1620397.0
2014,ANDHRA PRADESH,MEDAK,,,1191096.0
2014,ANDHRA PRADESH,NAGARKURNOOL,,,1108968.0
2014,ANDHRA PRADESH,NALGONDA,,,1189399.0
2014,ANDHRA PRADESH,NANDYAL,,,1204956.0
2014,ANDHRA PRADESH,NARASAPUR,,,1088951.0
2014,ANDHRA PRADESH,NARASARAOPET,,,1282058.0
2014,ANDHRA PRADESH,NELLORE,,,1187648.0
2014,ANDHRA PRADESH,NIZAMABAD,,,1033924.0
2014,ANDHRA PRADESH,ONGOLE,,,1208225.0
2014,ANDHRA PRADESH,PEDDAPALLI,,,1022184.0
2014,ANDHRA PRADESH,RAJAHMUNDRY,,,1154381.0
2014,ANDHRA PRADESH,RAJAMPET,,,1158317.0
2014,ANDHRA PRADESH,SECUNDRABAD,,,1003769.0
2014,ANDHRA PRADESH,SRIKAKULAM,,,1051446.0
2014,ANDHRA PRADESH,TIRUPATI,,,1213064.0
2014,ANDHRA PRADESH,VIJAYAWADA,,,1195075.0
2014,ANDHRA PRADESH,VISAKHAPATNAM,,,1163558.0
2014,ANDHRA PRADESH,VIZIANAGARAM,,,1120316.0
2014,ANDHRA PRADESH,WARANGAL,,,1174631.0
2014,ANDHRA PRADESH,ZAHIRABAD,,,1094806.0
2014,ARUNACHAL PRADESH,ARUNACHAL EAST,,,261291.0
2014,ARUNACHAL PRADESH,ARUNACHAL WEST,,,335665.0
2014,ASSAM,AUTONOMOUS DISTRICT,,,543280.0
2014,ASSAM,BARPETA,,,1205863.0
2014,ASSAM,DHUBRI,,,1369624.0
2014,ASSAM,DIBRUGARH,,,890968.0
2014,ASSAM,GAUHATI,,,1511729.0
2014,ASSAM,JORHAT,,,931336.0
2014,ASSAM,KALIABOR,,,1166490.0
2014,ASSAM,KARIMGANJ,,,886920.0
2014,ASSAM,KOKRAJHAR,,,1223869.0
2014,ASSAM,LAKHIMPUR,,,1111975.0
2014,ASSAM,MANGALDOI,,,1233237.0
2014,ASSAM,NOWGONG,,,1230074.0
2014,ASSAM,SILCHAR,,,799830.0
2014,ASSAM,TEZPUR,,,980688.0
2014,BIHAR,ARARIA,,,975811.0
2014,BIHAR,ARRAH,,,893213.0
2014,BIHAR,AURANGABAD,,,786274.0
2014,BIHAR,BANKA,,,899353.0
2014,BIHAR,BEGUSARAI,,,1077855.0
2014,BIHAR,BHAGALPUR,,,974016.0
2014,BIHAR,BUXAR,,,888204.0
2014,BIHAR,DARBHANGA,,,828342.0
2014,BIHAR,GAYA,,,809378.0
2014,BIHAR,GOPALGANJ,,,903583.0
2014,BIHAR,HAJIPUR,,,904753.0
2014,BIHAR,JAHANABAD,,,811516.0
2014,BIHAR,JAMUI,,,775639.0
2014,BIHAR,JHANJHARPUR,,,941249.0
2014,BIHAR,KARAKAT,,,789927.0
2014,BIHAR,KATIHAR,,,977830.0
2014,BIHAR,KHAGARIA,,,896231.0
2014,BIHAR,KISHANGANJ,,,928490.0
2014,BIHAR,MADHEPURA,,,1034799.0
2014,BIHAR,MADHUBANI,,,860453.0
2014,BIHAR,MAHARAJGANJ,,,846654.0
2014,BIHAR,MUNGER,,,914350.0
2014,BIHAR,MUZAFFARPUR,,,948887.0
2014,BIHAR,NALANDA,,,921761.0
2014,BIHAR,NAWADA,,,884441.0
2014,BIHAR,PASCHIM CHAMPARAN,,,854800.0
2014,BIHAR,PATALIPUTRA,,,978649.0
2014,BIHAR,PATNA SAHIB,,,882262.0
2014,BIHAR,PURNIA,,,1017732.0
2014,BIHAR,PURVI CHAMPARAN,,,822671.0
2014,BIHAR,SAMASTIPUR,,,863199.0
2014,BIHAR,SARAN,,,863254.0
2014,BIHAR,SASARAM,,,846788.0
2014,BIHAR,SHEOHAR,,,842894.0
2014,BIHAR,SITAMARHI,,,900588.0
2014,BIHAR,SIWAN,,,884021.0
2014,BIHAR,SUPAUL,,,970528.0
2014,BIHAR,UJIARPUR,,,858920.0
2014,BIHAR,VAISHALI,,,925937.0
2014,BIHAR,VALMIKI NAGAR,,,900114.0
2014,CHANDIGARH,CHANDIGARH,,,453455.0
2014,CHHATTISGARH,BASTAR,,,769913.0
2014,CHHATTISGARH,BILASPUR,,,1090457.0
2014,CHHATTISGARH,DURG,,,1258342.0
2014,CHHATTISGARH,JANJGIR-CHAMPA,,,1073347.0
2014,CHHATTISGARH,KANKER,,,1016943.0
2014,CHHATTISGARH,KORBA,,,1052720.0
2014,CHHATTISGARH,MAHASAMUND,,,1131209.0
2014,CHHATTISGARH,RAIGARH,,,1246186.0
2014,CHHATTISGARH,RAIPUR,,,1250845.0
2014,CHHATTISGARH,RAJNANDGAON,,,1178296.0
2014,CHHATTISGARH,SARGUJA,,,1187321.0
2014,D&N HAVELI,DADAR & NAGAR HAVELI,,,165286.0
2014,DAMAN & DIU,DAMAN & DIU,,,87233.0
2014,GOA,NORTH GOA,,,406631.0
2014,GOA,SOUTH GOA,,,410369.0
2014,GUJARAT,AHMEDABAD EAST,,,985525.0
2014,GUJARAT,AHMEDABAD WEST,,,964609.0
2014,GUJARAT,AMRELI,,,808816.0
2014,GUJARAT,ANAND,,,970894.0
2014,GUJARAT,BANASKANTHA,,,886634.0
2014,GUJARAT,BARDOLI,,,1206179.0
2014,GUJARAT,BHARUCH,,,1060211.0
2014,GUJARAT,BHAVNAGAR,,,917402.0
2014,GUJARAT,CHHOTA UDAIPUR,,,1100542.0
2014,GUJARAT,DAHOD,,,900381.0
2014,GUJARAT,GANDHINAGAR,,,1135495.0
2014,GUJARAT,JAMNAGAR,,,852643.0
2014,GUJARAT,JUNAGADH,,,941378.0
2014,GUJARAT,KACHCHH,,,946240.0
2014,GUJARAT,KHEDA,,,955906.0
2014,GUJARAT,MAHESANA,,,1004258.0
2014,GUJARAT,NAVSARI,,,1160747.0
2014,GUJARAT,PANCHMAHAL,,,933461.0
2014,GUJARAT,PATAN,,,955799.0
2014,GUJARAT,PORBANDAR,,,809433.0
2014,GUJARAT,RAJKOT,,,1057069.0
2014,GUJARAT,SABARKANTHA,,,1094002.0
2014,GUJARAT,SURAT,,,947922.0
2014,GUJARAT,SURENDRANAGAR,,,944677.0
2014,GUJARAT,VADODARA,,,1161577.0
2014,GUJARAT,VALSAD,,,1122203.0
2014,HARYANA,AMBALA,,,1218995.0
2014,HARYANA,BHIWANI-MAHENDRAGARH,,,1030431.0
2014,HARYANA,FARIDABAD,,,1130726.0
2014,HARYANA,GURGAON,,,1320619.0
2014,HARYANA,HISAR,,,1155914.0
2014,HARYANA,KARNAL,,,1193500.0
2014,HARYANA,KURUKSHETRA,,,1135892.0
2014,HARYANA,ROHTAK,,,1044331.0
2014,HARYANA,SIRSA,,,1279105.0
2014,HARYANA,SONIPAT,,,985637.0
2014,HIMACHAL PRADESH,HAMIRPUR,,,835205.0
2014,HIMACHAL PRADESH,KANGRA,,,799445.0
2014,HIMACHAL PRADESH,MANDI,,,726094.0
2014,HIMACHAL PRADESH,SHIMLA,,,737757.0
2014,JAMMU & KASHMIR,ANANTNAG,,,375279.0
2014,JAMMU & KASHMIR,BARAMULLA,,,465992.0
2014,JAMMU & KASHMIR,JAMMU,,,1253593.0
2014,JAMMU & KASHMIR,LADAKH,,,118029.0
2014,JAMMU & KASHMIR,SRINAGAR,,,312212.0
2014,JAMMU & KASHMIR,UDHAMPUR,,,1041758.0
2014,JHARKHAND,CHATRA,,,712971.0
2014,JHARKHAND,DHANBAD,,,1143902.0
2014,JHARKHAND,DUMKA,,,903060.0
2014,JHARKHAND,GIRIDIH,,,969997.0
2014,JHARKHAND,GODDA,,,1049442.0
2014,JHARKHAND,HAZARIBAGH,,,967152.0
2014,JHARKHAND,JAMSHEDPUR,,,1049140.0
2014,JHARKHAND,KHUNTI,,,736955.0
2014,JHARKHAND,KODARMA,,,1024906.0
2014,JHARKHAND,LOHARDAGA,,,651460.0
2014,JHARKHAND,PALAMU,,,977323.0
2014,JHARKHAND,RAJMAHAL,,,951563.0
2014,JHARKHAND,RANCHI,,,1049783.0
2014,JHARKHAND,SINGHBHUM,,,795286.0
2014,KARNATAKA,BAGALKOT,,,1079310.0
2014,KARNATAKA,BANGALORE CENTRAL,,,1074589.0
2014,KARNATAKA,BANGALORE NORTH,,,1356718.0
2014,KARNATAKA,BANGALORE RURAL,,,1455244.0
2014,KARNATAKA,BANGALORE SOUTH,,,1113726.0
2014,KARNATAKA,BELAGAVI,,,1078547.0
2014,KARNATAKA,BELLARY,,,1045772.0
2014,KARNATAKA,BIDAR,,,959384.0
2014,KARNATAKA,BIJAPUR,,,966757.0
2014,KARNATAKA,CHAMARAJANAGAR,,,1133029.0
2014,KARNATAKA,CHIKKBALLAPUR,,,1263274.0
2014,KARNATAKA,CHIKKODI,,,1071103.0
2014,KARNATAKA,CHITRADURGA,,,1096499.0
2014,KARNATAKA,DAKSHINA KANNADA,,,1207474.0
2014,KARNATAKA,DAVANAGERE,,,1114868.0
2014,KARNATAKA,DHARWAD,,,1041226.0
2014,KARNATAKA,GULBARGA,,,997638.0
2014,KARNATAKA,HASSAN,,,1147172.0
2014,KARNATAKA,HAVERI,,,1115968.0
2014,KARNATAKA,KOLAR,,,1127323.0
2014,KARNATAKA,KOPPAL,,,1006508.0
2014,KARNATAKA,MANDYA,,,1192638.0
2014,KARNATAKA,MYSORE,,,1159594.0
2014,KARNATAKA,RAICHUR,,,968889.0
2014,KARNATAKA,SHIMOGA,,,1129008.0
2014,KARNATAKA,TUMKUR,,,1101484.0
2014,KARNATAKA,UDUPI CHIKMAGALUR,,,1034108.0
2014,KARNATAKA,UTTARA KANNADA,,,1001038.0
2014,KERALA,ALAPPUZHA,,,997464.0
2014,KERALA,ALATHUR,,,927228.0
2014,KERALA,ATTINGAL,,,859350.0
2014,KERALA,CHALAKUDY,,,884033.0
2014,KERALA,ERNAKULAM,,,850834.0
2014,KERALA,IDUKKI,,,819766.0
2014,KERALA,KANNUR,,,947117.0
2014,KERALA,KASARAGOD,,,974215.0
2014,KERALA,KOLLAM,,,879056.0
2014,KERALA,KOTTAYAM,,,831636.0
2014,KERALA,KOZHIKODE,,,943009.0
2014,KERALA,MALAPPURAM,,,853467.0
2014,KERALA,MAVELIKKARA,,,889060.0
2014,KERALA,PALAKKAD,,,910322.0
2014,KERALA,PATHANAMTHITTA,,,869452.0
2014,KERALA,PONNANI,,,871592.0
2014,KERALA,THIRUVANANTHAPURAM,,,873439.0
2014,KERALA,THRISSUR,,,920505.0
2014,KERALA,VADAKARA,,,959342.0
2014,KERALA,WAYANAD,,,915006.0
2014,LAKSHADWEEP,LAKSHADWEEP,,,43239.0
2014,MADHYA PRADESH,BALAGHAT,,,1113364.0
2014,MADHYA PRADESH,BETUL,,,1047719.0
2014,MADHYA PRADESH,BHIND,,,729084.0
2014,MADHYA PRADESH,BHOPAL,,,1130182.0
2014,MADHYA PRADESH,CHHINDWARA,,,1107498.0
2014,MADHYA PRADESH,DAMOH,,,912080.0
2014,MADHYA PRADESH,DEWAS,,,1143968.0
2014,MADHYA PRADESH,DHAR,,,1076816.0
2014,MADHYA PRADESH,GUNA,,,976629.0
2014,MADHYA PRADESH,GWALIOR,,,990912.0
2014,MADHYA PRADESH,HOSHANGABAD,,,1031175.0
2014,MADHYA PRADESH,INDORE,,,1316817.0
2014,MADHYA PRADESH,JABALPUR,,,1002184.0
2014,MADHYA PRADESH,KHAJURAHO,,,874477.0
2014,MADHYA PRADESH,KHANDWA,,,1257327.0
2014,MADHYA PRADESH,KHARGONE,,,1152525.0
2014,MADHYA PRADESH,MANDLA,,,1218518.0
2014,MADHYA PRADESH,MANDSAUR,,,1161349.0
2014,MADHYA PRADESH,MORENA,,,854279.0
2014,MADHYA PRADESH,RAJGARH,,,1010724.0
2014,MADHYA PRADESH,RATLAM,,,1082681.0
2014,MADHYA PRADESH,REWA,,,830002.0
2014,MADHYA PRADESH,SAGAR,,,891929.0
2014,MADHYA PRADESH,SATNA,,,913444.0
2014,MADHYA PRADESH,SHAHDOL,,,968518.0
2014,MADHYA PRADESH,SIDHI,,,989396.0
2014,MADHYA PRADESH,TIKAMGARH,,,766321.0
2014,MADHYA PRADESH,UJJAIN,,,1016405.0
2014,MADHYA PRADESH,VIDISHA,,,1073473.0
2014,MAHARASHTRA,AHMADNAGAR,,,1062318.0
2014,MAHARASHTRA,AKOLA,,,978491.0
2014,MAHARASHTRA,AMRAVATI,,,1004061.0
2014,MAHARASHTRA,AURANGABAD,,,982933.0
2014,MAHARASHTRA,BARAMATI,,,1066556.0
2014,MAHARASHTRA,BEED,,,1232202.0
2014,MAHARASHTRA,BHANDARA - GONDIYA,,,1197196.0
2014,MAHARASHTRA,BHIWANDI,,,875605.0
2014,MAHARASHTRA,BULDHANA,,,978626.0
2014,MAHARASHTRA,CHANDRAPUR,,,1109743.0
2014,MAHARASHTRA,DHULE,,,983083.0
2014,MAHARASHTRA,DINDORI,,,970182.0
2014,MAHARASHTRA,GADCHIROLI-CHIMUR,,,1027129.0
2014,MAHARASHTRA,HATKANANGLE,,,1188871.0
2014,MAHARASHTRA,HINGOLI,,,1051164.0
2014,MAHARASHTRA,JALGAON,,,990332.0
2014,MAHARASHTRA,JALNA,,,1066259.0
2014,MAHARASHTRA,KALYAN,,,824196.0
2014,MAHARASHTRA,KOLHAPUR,,,1260289.0
2014,MAHARASHTRA,LATUR,,,1057156.0
2014,MAHARASHTRA,MADHA,,,1079619.0
2014,MAHARASHTRA,MAVAL,,,1174335.0
2014,MAHARASHTRA,MUMBAI NORTH,,,946562.0
2014,MAHARASHTRA,MUMBAI NORTH CENTRAL,,,845292.0
2014,MAHARASHTRA,MUMBAI NORTH EAST,,,861761.0
2014,MAHARASHTRA,MUMBAI NORTH WEST,,,895517.0
2014,MAHARASHTRA,MUMBAI SOUTH,,,780715.0
2014,MAHARASHTRA,MUMBAI SOUTH CENTRAL,,,769060.0
2014,MAHARASHTRA,NAGPUR,,,1085058.0
2014,MAHARASHTRA,NANDED,,,1013350.0
2014,MAHARASHTRA,NANDURBAR,,,1116676.0
2014,MAHARASHTRA,NASHIK,,,937405.0
2014,MAHARASHTRA,OSMANABAD,,,1118151.0
2014,MAHARASHTRA,PALGHAR,,,992618.0
2014,MAHARASHTRA,PARBHANI,,,1162233.0
2014,MAHARASHTRA,PUNE,,,993274.0
2014,MAHARASHTRA,RAIGAD,,,987766.0
2014,MAHARASHTRA,RAMTEK,,,1050316.0
2014,MAHARASHTRA,RATNAGIRI-SINDHUDURG,,,896256.0
2014,MAHARASHTRA,RAVER,,,1009213.0
2014,MAHARASHTRA,SANGLI,,,1046659.0
2014,MAHARASHTRA,SATARA,,,976681.0
2014,MAHARASHTRA,SHIRDI,,,932645.0
2014,MAHARASHTRA,SHIRUR,,,1089506.0
2014,MAHARASHTRA,SOLAPUR,,,951201.0
2014,MAHARASHTRA,THANE,,,1054189.0
2014,MAHARASHTRA,WARDHA,,,1013445.0
2014,MAHARASHTRA,YAVATMAL-WASHIM,,,1032949.0
2014,MANIPUR,INNER MANIPUR,,,640871.0
2014,MANIPUR,OUTER MANIPUR,,,771766.0
2014,MEGHALAYA,SHILLONG,,,619987.0
2014,MEGHALAYA,TURA,,,458071.0
2014,MIZORAM,MIZORAM,,,433201.0
2014,NAGALAND,NAGALAND,,,1038910.0
2014,NCT OF DELHI,CHANDNI CHOWK,,,981863.0
2014,NCT OF DELHI,EAST DELHI,,,1196336.0
2014,NCT OF DELHI,NEW DELHI,,,969812.0
2014,NCT OF DELHI,NORTH EAST DELHI,,,1317338.0
2014,NCT OF DELHI,NORTH WEST DELHI,,,1356036.0
2014,NCT OF DELHI,SOUTH DELHI,,,1102410.0
2014,NCT OF DELHI,WEST DELHI,,,1347971.0
2014,ODISHA,ASKA,,,896281.0
2014,ODISHA,BALASORE,,,1049450.0
2014,ODISHA,BARGARH,,,1123301.0
2014,ODISHA,BERHAMPUR,,,905362.0
2014,ODISHA,BHADRAK,,,1081339.0
2014,ODISHA,BHUBANESWAR,,,891822.0
2014,ODISHA,BOLANGIR,,,1170405.0
2014,ODISHA,CUTTACK,,,978604.0
2014,ODISHA,DHENKANAL,,,1042101.0
2014,ODISHA,JAGATSINGHPUR,,,1131932.0
2014,ODISHA,JAJPUR,,,980435.0
2014,ODISHA,KALAHANDI,,,1117536.0
2014,ODISHA,KANDHAMAL,,,839415.0
2014,ODISHA,KENDRAPARA,,,1140999.0
2014,ODISHA,KEONJHAR,,,1083869.0
2014,ODISHA,KORAPUT,,,989444.0
2014,ODISHA,MAYURBHANJ,,,1053399.0
2014,ODISHA,NABARANGPUR,,,1022172.0
2014,ODISHA,PURI,,,1039389.0
2014,ODISHA,SAMBALPUR,,,984309.0
2014,ODISHA,SUNDARGARH,,,1010711.0
2014,PUDUCHERRY,PUDUCHERRY,,,740017.0
2014,PUNJAB,AMRITSAR,,,1007196.0
2014,PUNJAB,ANANDPUR SAHIB,,,1086563.0
2014,PUNJAB,BATHINDA,,,1176767.0
2014,PUNJAB,FARIDKOT,,,1032107.0
2014,PUNJAB,FATEHGARH SAHIB,,,1030954.0
2014,PUNJAB,FIROZEPUR,,,1105412.0
2014,PUNJAB,GURDASPUR,,,1042699.0
2014,PUNJAB,HOSHIARPUR,,,961297.0
2014,PUNJAB,JALANDHAR,,,1040762.0
2014,PUNJAB,KHADOOR SAHIB,,,1040518.0
2014,PUNJAB,LUDHIANA,,,1100457.0
2014,PUNJAB,PATIALA,,,1120933.0
2014,PUNJAB,SANGRUR,,,1099467.0
2014,RAJASTHAN,AJMER,,,1156314.0
2014,RAJASTHAN,ALWAR,,,1062305.0
2014,RAJASTHAN,BANSWARA,,,1171188.0
2014,RAJASTHAN,BARMER,,,1219119.0
2014,RAJASTHAN,BHARATPUR,,,962432.0
2014,RAJASTHAN,BHILWARA,,,1104090.0
2014,RAJASTHAN,BIKANER,,,929751.0
2014,RAJASTHAN,CHITTORGARH,,,1172629.0
2014,RAJASTHAN,CHURU,,,1131104.0
2014,RAJASTHAN,DAUSA,,,930492.0
2014,RAJASTHAN,GANGANAGAR,,,1256806.0
2014,RAJASTHAN,JAIPUR,,,1296806.0
2014,RAJASTHAN,JAIPUR RURAL,,,1013691.0
2014,RAJASTHAN,JALORE,,,1087272.0
2014,RAJASTHAN,JHALAWAR-BARAN,,,1146364.0
2014,RAJASTHAN,JHUNJHUNU,,,1006465.0
2014,RAJASTHAN,JODHPUR,,,1078598.0
2014,RAJASTHAN,KARAULI-DHOLPUR,,,845941.0
2014,RAJASTHAN,KOTA,,,1154960.0
2014,RAJASTHAN,NAGAUR,,,1004019.0
2014,RAJASTHAN,PALI,,,1095587.0
2014,RAJASTHAN,RAJSAMAND,,,982119.0
2014,RAJASTHAN,SIKAR,,,1065750.0
2014,RAJASTHAN,TONK-SAWAI MADHOPUR,,,1043040.0
2014,RAJASTHAN,UDAIPUR,,,1193202.0
2014,SIKKIM,SIKKIM,,,308967.0
2014,TAMIL NADU,ARAKKONAM,,,1089052.0
2014,TAMIL NADU,ARANI,,,1096046.0
2014,TAMIL NADU,CHENNAI CENTRAL,,,814894.0
2014,TAMIL NADU,CHENNAI NORTH,,,910114.0
2014,TAMIL NADU,CHENNAI SOUTH,,,1081163.0
2014,TAMIL NADU,CHIDAMBARAM,,,1088423.0
2014,TAMIL NADU,COIMBATORE,,,1176620.0
2014,TAMIL NADU,CUDDALORE,,,984538.0
2014,TAMIL NADU,DHARMAPURI,,,1101345.0
2014,TAMIL NADU,DINDIGUL,,,1083364.0
2014,TAMIL NADU,ERODE,,,1008582.0
2014,TAMIL NADU,KALLAKURICHI,,,1107241.0
2014,TAMIL NADU,KANCHEEPURAM,,,1128399.0
2014,TAMIL NADU,KANYAKUMARI,,,990742.0
2014,TAMIL NADU,KARUR,,,1046534.0
2014,TAMIL NADU,KRISHNAGIRI,,,1068391.0
2014,TAMIL NADU,MADURAI,,,978346.0
2014,TAMIL NADU,MAYILADUTHURAI,,,1025538.0
2014,TAMIL NADU,NAGAPATTINAM,,,942202.0
2014,TAMIL NADU,NAMAKKAL,,,1058755.0
2014,TAMIL NADU,NILGIRIS,,,933076.0
2014,TAMIL NADU,PERAMBALUR,,,1030826.0
2014,TAMIL NADU,POLLACHI,,,1012667.0
2014,TAMIL NADU,RAMANATHAPURAM,,,1001048.0
2014,TAMIL NADU,SALEM,,,1150296.0
2014,TAMIL NADU,SIVAGANGA,,,1027036.0
2014,TAMIL NADU,SRIPERUMBUDUR,,,1286647.0
2014,TAMIL NADU,TENKASI,,,1017938.0
2014,TAMIL NADU,THANJAVUR,,,1012258.0
2014,TAMIL NADU,THENI,,,1075583.0
2014,TAMIL NADU,THIRUVALLUR,,,1254440.0
2014,TAMIL NADU,THOOTHUKKUDI,,,916778.0
2014,TAMIL NADU,TIRUCHIRAPPALLI,,,988250.0
2014,TAMIL NADU,TIRUNELVELI,,,962330.0
2014,TAMIL NADU,TIRUPPUR,,,1050190.0
2014,TAMIL NADU,TIRUVANNAMALAI,,,1067447.0
2014,TAMIL NADU,VELLORE,,,974770.0
2014,TAMIL NADU,VILUPPURAM,,,1067641.0
2014,TAMIL NADU,VIRUDHUNAGAR,,,1010930.0
2014,TRIPURA,TRIPURA EAST,,,951110.0
2014,TRIPURA,TRIPURA WEST,,,1072749.0
2014,UTTAR PRADESH,AGRA,,,1070400.0
2014,UTTAR PRADESH,AKBARPUR,,,971375.0
2014,UTTAR PRADESH,ALIGARH,,,1064357.0
2014,UTTAR PRADESH,ALLAHABAD,,,891582.0
2014,UTTAR PRADESH,AMBEDKAR NAGAR,,,1034404.0
2014,UTTAR PRADESH,AMETHI,,,874625.0
2014,UTTAR PRADESH,AMROHA,,,1095860.0
2014,UTTAR PRADESH,AONLA,,,995641.0
2014,UTTAR PRADESH,AZAMGARH,,,960218.0
2014,UTTAR PRADESH,BADAUN,,,1027594.0
2014,UTTAR PRADESH,BAGHPAT,,,1004263.0
2014,UTTAR PRADESH,BAHRAICH,,,934263.0
2014,UTTAR PRADESH,BALLIA,,,942211.0
2014,UTTAR PRADESH,BANDA,,,858326.0
2014,UTTAR PRADESH,BANSGAON,,,877877.0
2014,UTTAR PRADESH,BARABANKI,,,1068168.0
2014,UTTAR PRADESH,BAREILLY,,,1017891.0
2014,UTTAR PRADESH,BASTI,,,1048534.0
2014,UTTAR PRADESH,BHADOHI,,,981552.0
2014,UTTAR PRADESH,BIJNOR,,,1060346.0
2014,UTTAR PRADESH,BULANDSHAHR,,,1009710.0
2014,UTTAR PRADESH,CHANDAULI,,,980572.0
2014,UTTAR PRADESH,DEORIA,,,971557.0
2014,UTTAR PRADESH,DHAURAHRA,,,1060271.0
2014,UTTAR PRADESH,DOMARIYAGANJ,,,935027.0
2014,UTTAR PRADESH,ETAH,,,926281.0
2014,UTTAR PRADESH,ETAWAH,,,939604.0
2014,UTTAR PRADESH,FAIZABAD,,,1022716.0
2014,UTTAR PRADESH,FARRUKHABAD,,,970677.0
2014,UTTAR PRADESH,FATEHPUR,,,1056688.0
2014,UTTAR PRADESH,FATEHPUR SIKRI,,,967968.0
2014,UTTAR PRADESH,FIROZABAD,,,1104606.0
2014,UTTAR PRADESH,GAUTAM BUDDHA NAGAR,,,1199238.0
2014,UTTAR PRADESH,GHAZIABAD,,,1342320.0
2014,UTTAR PRADESH,GHAZIPUR,,,986673.0
2014,UTTAR PRADESH,GHOSI,,,1039656.0
2014,UTTAR PRADESH,GONDA,,,873732.0
2014,UTTAR PRADESH,GORAKHPUR,,,1040199.0
2014,UTTAR PRADESH,HAMIRPUR,,,975240.0
2014,UTTAR PRADESH,HARDOI,,,972894.0
2014,UTTAR PRADESH,HATHRAS,,,1049273.0
2014,UTTAR PRADESH,JALAUN,,,1109166.0
2014,UTTAR PRADESH,JAUNPUR,,,1007143.0
2014,UTTAR PRADESH,JHANSI,,,1320804.0
2014,UTTAR PRADESH,KAIRANA,,,1119324.0
2014,UTTAR PRADESH,KAISERGANJ,,,943357.0
2014,UTTAR PRADESH,KANNAUJ,,,1114460.0
2014,UTTAR PRADESH,KANPUR,,,835079.0
2014,UTTAR PRADESH,KAUSHAMBI,,,910038.0
2014,UTTAR PRADESH,KHERI,,,1077868.0
2014,UTTAR PRADESH,KUSHI NAGAR,,,950445.0
2014,UTTAR PRADESH,LALGANJ,,,898655.0
2014,UTTAR PRADESH,LUCKNOW,,,1033783.0
2014,UTTAR PRADESH,MACHHLISHAHR,,,997902.0
2014,UTTAR PRADESH,MAHARAJGANJ,,,1056078.0
2014,UTTAR PRADESH,MAINPURI,,,999265.0
2014,UTTAR PRADESH,MATHURA,,,1076868.0
2014,UTTAR PRADESH,MEERUT,,,1113384.0
2014,UTTAR PRADESH,MIRZAPUR,,,1007627.0
2014,UTTAR PRADESH,MISRIKH,,,998314.0
2014,UTTAR PRADESH,MOHANLALGANJ,,,1116588.0
2014,UTTAR PRADESH,MORADABAD,,,1127965.0
2014,UTTAR PRADESH,MUZAFFARNAGAR,,,1107434.0
2014,UTTAR PRADESH,NAGINA,,,942196.0
2014,UTTAR PRADESH,PHULPUR,,,960341.0
2014,UTTAR PRADESH,PILIBHIT,,,1050547.0
2014,UTTAR PRADESH,PRATAPGARH,,,894456.0
2014,UTTAR PRADESH,RAE BARELI,,,825136.0
2014,UTTAR PRADESH,RAMPUR,,,956389.0
2014,UTTAR PRADESH,ROBERTSGANJ,,,885873.0
2014,UTTAR PRADESH,SAHARANPUR,,,1194308.0
2014,UTTAR PRADESH,SALEMPUR,,,854749.0
2014,UTTAR PRADESH,SAMBHAL,,,1057002.0
2014,UTTAR PRADESH,SANT KABIR NAGAR,,,1011649.0
2014,UTTAR PRADESH,SHAHJAHANPUR,,,1129841.0
2014,UTTAR PRADESH,SHRAWASTI,,,979638.0
2014,UTTAR PRADESH,SITAPUR,,,1026972.0
2014,UTTAR PRADESH,SULTANPUR,,,964981.0
2014,UTTAR PRADESH,UNNAO,,,1201603.0
2014,UTTAR PRADESH,VARANASI,,,1030685.0
2014,UTTARAKHAND,ALMORA,,,656525.0
2014,UTTARAKHAND,GARHWAL,,,682024.0
2014,UTTARAKHAND,HARIDWAR,,,1175692.0
2014,UTTARAKHAND,NAINITAL-UDHAMSINGH NAGAR,,,1101435.0
2014,UTTARAKHAND,TEHRI GARHWAL,,,776214.0
2014,WEST BENGAL,ALIPURDUARS,,,1223566.0
2014,WEST BENGAL,ARAMBAGH,,,1361934.0
2014,WEST BENGAL,ASANSOL,,,1142395.0
2014,WEST BENGAL,BAHARAMPUR,,,1154587.0
2014,WEST BENGAL,BALURGHAT,,,1063053.0
2014,WEST BENGAL,BANGAON,,,1283688.0
2014,WEST BENGAL,BANKURA,,,1236319.0
2014,WEST BENGAL,BARASAT,,,1269331.0
2014,WEST BENGAL,BARDHAMAN PURBA,,,1320922.0
2014,WEST BENGAL,BARRACKPORE,,,1051130.0
2014,WEST BENGAL,BASIRHAT,,,1273771.0
2014,WEST BENGAL,BIRBHUM,,,1275819.0
2014,WEST BENGAL,BISHNUPUR,,,1272070.0
2014,WEST BENGAL,BOLPUR,,,1304756.0
2014,WEST BENGAL,BURDWAN - DURGAPUR,,,1331242.0
2014,WEST BENGAL,COOCH BEHAR,,,1332409.0
2014,WEST BENGAL,DARJEELING,,,1142009.0
2014,WEST BENGAL,DIAMOND HARBOUR,,,1261296.0
2014,WEST BENGAL,DUM DUM,,,1132644.0
2014,WEST BENGAL,GHATAL,,,1366709.0
2014,WEST BENGAL,HOOGHLY,,,1348870.0
2014,WEST BENGAL,HOWRAH,,,1125399.0
2014,WEST BENGAL,JADAVPUR,,,1272362.0
2014,WEST BENGAL,JALPAIGURI,,,1302117.0
2014,WEST BENGAL,JANGIPUR,,,1119084.0
2014,WEST BENGAL,JAYNAGAR,,,1186052.0
2014,WEST BENGAL,JHARGRAM,,,1257613.0
2014,WEST BENGAL,KANTHI,,,1290811.0
2014,WEST BENGAL,KOLKATA DAKSHIN,,,1167979.0
2014,WEST BENGAL,KOLKATA UTTAR,,,955778.0
2014,WEST BENGAL,KRISHNANAGAR,,,1247914.0
2014,WEST BENGAL,MALDAHA DAKSHIN,,,1092407.0
2014,WEST BENGAL,MALDAHA UTTAR,,,1162985.0
2014,WEST BENGAL,MATHURAPUR,,,1265531.0
2014,WEST BENGAL,MEDINIPUR,,,1260032.0
2014,WEST BENGAL,MURSHIDABAD,,,1287763.0
2014,WEST BENGAL,PURULIA,,,1204675.0
2014,WEST BENGAL,RAIGANJ,,,1108193.0
2014,WEST BENGAL,RANAGHAT,,,1353196.0
2014,WEST BENGAL,SERAMPORE,,,1290433.0
2014,WEST BENGAL,TAMLUK,,,1337684.0
2014,WEST BENGAL,ULUBERIA,,,1186027.0
2019,ANDAMAN &AMP; NICOBAR ISLANDS,ANDAMAN & NICOBAR ISLANDS,,,207296.0
2019,ANDHRA PRADESH,AMALAPURAM,,,1230903.0
2019,ANDHRA PRADESH,ANAKAPALLI,,,1238491.0
2019,ANDHRA PRADESH,ANANTAPUR,,,1342306.0
2019,ANDHRA PRADESH,ARUKU,,,1074538.0
2019,ANDHRA PRADESH,BAPATLA,,,1266492.0
2019,ANDHRA PRADESH,CHITTOOR,,,1319472.0
2019,ANDHRA PRADESH,ELURU,,,1327923.0
2019,ANDHRA PRADESH,GUNTUR,,,1351474.0
2019,ANDHRA PRADESH,HINDUPUR,,,1338514.0
2019,ANDHRA PRADESH,KADAPA,,,1228592.0
2019,ANDHRA PRADESH,KAKINADA,,,1234655.0
2019,ANDHRA PRADESH,KURNOOL,,,1182011.0
2019,ANDHRA PRADESH,MACHILIPATNAM,,,1241605.0
2019,ANDHRA PRADESH,NANDYAL,,,1299093.0
2019,ANDHRA PRADESH,NARASARAOPET,,,1437675.0
2019,ANDHRA PRADESH,NARSAPURAM,,,1174441.0
2019,ANDHRA PRADESH,NELLORE,,,1287036.0
2019,ANDHRA PRADESH,ONGOLE,,,1342368.0
2019,ANDHRA PRADESH,RAJAHMUNDRY,,,1250427.0
2019,ANDHRA PRADESH,RAJAMPET,,,1224354.0
2019,ANDHRA PRADESH,SRIKAKULAM,,,1157329.0
2019,ANDHRA PRADESH,TIRUPATI,,,1313515.0
2019,ANDHRA PRADESH,VIJAYAWADA,,,1277711.0
2019,ANDHRA PRADESH,VISAKHAPATNAM,,,1239754.0
2019,ANDHRA PRADESH,VIZIANAGARAM,,,1217890.0
2019,ARUNACHAL PRADESH,ARUNACHAL EAST,,,293781.0
2019,ARUNACHAL PRADESH,ARUNACHAL WEST,,,358309.0
2019,ASSAM,AUTONOMOUS DISTRICT,,,617735.0
2019,ASSAM,BARPETA,,,1458549.0
2019,ASSAM,DHUBRI,,,1685005.0
2019,ASSAM,DIBRUGARH,,,1015748.0
2019,ASSAM,GAUHATI,,,1763757.0
2019,ASSAM,JORHAT,,,1057965.0
2019,ASSAM,KALIABOR,,,1424687.0
2019,ASSAM,KARIMGANJ,,,1060072.0
2019,ASSAM,KOKRAJHAR,,,1479485.0
2019,ASSAM,LAKHIMPUR,,,1283589.0
2019,ASSAM,MANGALDOI,,,1506107.0
2019,ASSAM,NOWGONG,,,1493475.0
2019,ASSAM,SILCHAR,,,949696.0
2019,ASSAM,TEZPUR,,,1190196.0
2019,BIHAR,ARARIA,,,1169630.0
2019,BIHAR,ARRAH,,,1080684.0
2019,BIHAR,AURANGABAD,,,941595.0
2019,BIHAR,BANKA,,,995806.0
2019,BIHAR,BEGUSARAI,,,1225594.0
2019,BIHAR,BHAGALPUR,,,1042518.0
2019,BIHAR,BUXAR,,,986861.0
2019,BIHAR,DARBHANGA,,,964996.0
2019,BIHAR,GAYA,,,957248.0
2019,BIHAR,GOPALGANJ,,,1024876.0
2019,BIHAR,HAJIPUR,,,1006817.0
2019,BIHAR,JAHANABAD,,,822065.0
2019,BIHAR,JAMUI,,,949137.0
2019,BIHAR,JHANJHARPUR,,,1060562.0
2019,BIHAR,KARAKAT,,,868798.0
2019,BIHAR,KATIHAR,,,1117734.0
2019,BIHAR,KHAGARIA,,,966813.0
2019,BIHAR,KISHANGANJ,,,1101603.0
2019,BIHAR,MADHEPURA,,,1147274.0
2019,BIHAR,MADHUBANI,,,963708.0
2019,BIHAR,MAHARAJGANJ,,,972703.0
2019,BIHAR,MUNGER,,,1036268.0
2019,BIHAR,MUZAFFARPUR,,,1058086.0
2019,BIHAR,NALANDA,,,1031286.0
2019,BIHAR,NAWADA,,,942462.0
2019,BIHAR,PASCHIM CHAMPARAN,,,1012936.0
2019,BIHAR,PATALIPUTRA,,,1077749.0
2019,BIHAR,PATNA SAHIB,,,982285.0
2019,BIHAR,PURNIA,,,1153940.0
2019,BIHAR,PURVI CHAMPARAN,,,999400.0
2019,BIHAR,SAMASTIPUR,,,1019025.0
2019,BIHAR,SARAN,,,941656.0
2019,BIHAR,SASARAM,,,974749.0
2019,BIHAR,SHEOHAR,,,1004559.0
2019,BIHAR,SITAMARHI,,,1038849.0
2019,BIHAR,SIWAN,,,984810.0
2019,BIHAR,SUPAUL,,,1110805.0
2019,BIHAR,UJIARPUR,,,969284.0
2019,BIHAR,VAISHALI,,,1074730.0
2019,BIHAR,VALMIKI NAGAR,,,1032090.0
2019,CHANDIGARH,CHANDIGARH,,,456568.0
2019,CHHATTISGARH,BASTAR,,,912846.0
2019,CHHATTISGARH,BILASPUR,,,1209434.0
2019,CHHATTISGARH,DURG,,,1391996.0
2019,CHHATTISGARH,JANJGIR-CHAMPA,,,1247650.0
2019,CHHATTISGARH,KANKER,,,1159193.0
2019,CHHATTISGARH,KORBA,,,1137003.0
2019,CHHATTISGARH,MAHASAMUND,,,1222335.0
2019,CHHATTISGARH,RAIGARH,,,1350124.0
2019,CHHATTISGARH,RAIPUR,,,1396250.0
2019,CHHATTISGARH,RAJNANDGAON,,,1307033.0
2019,CHHATTISGARH,SARGUJA,,,1280689.0
2019,DADRA &AMP; NAGAR HAVELI,DADRA AND NAGAR HAVELI,,,198983.0
2019,DAMAN &AMP; DIU,DAMAN & DIU,,,87469.0
2019,GOA,NORTH GOA,,,428628.0
2019,GOA,SOUTH GOA,,,424575.0
2019,GUJARAT,AHMEDABAD EAST,,,1116367.0
2019,GUJARAT,AHMEDABAD WEST,,,997024.0
2019,GUJARAT,AMRELI,,,909167.0
2019,GUJARAT,ANAND,,,1108661.0
2019,GUJARAT,BANASKANTHA,,,1102081.0
2019,GUJARAT,BARDOLI,,,1348038.0
2019,GUJARAT,BHARUCH,,,1149725.0
2019,GUJARAT,BHAVNAGAR,,,1041279.0
2019,GUJARAT,CHHOTA UDAIPUR,,,1232459.0
2019,GUJARAT,DAHOD,,,1063212.0
2019,GUJARAT,GANDHINAGAR,,,1284090.0
2019,GUJARAT,JAMNAGAR,,,1010965.0
2019,GUJARAT,JUNAGADH,,,1005224.0
2019,GUJARAT,KACHCHH,,,1023198.0
2019,GUJARAT,KHEDA,,,1098633.0
2019,GUJARAT,MAHESANA,,,1081938.0
2019,GUJARAT,NAVSARI,,,1308018.0
2019,GUJARAT,PANCHMAHAL,,,1083676.0
2019,GUJARAT,PATAN,,,1126256.0
2019,GUJARAT,PORBANDAR,,,949947.0
2019,GUJARAT,RAJKOT,,,1195271.0
2019,GUJARAT,SABARKANTHA,,,1218354.0
2019,GUJARAT,SURAT,,,1068412.0
2019,GUJARAT,SURENDRANAGAR,,,1077726.0
2019,GUJARAT,VADODARA,,,1222348.0
2019,GUJARAT,VALSAD,,,1260377.0
2019,HARYANA,AMBALA,,,1316235.0
2019,HARYANA,BHIWANI-MAHENDRAGARH,,,1161115.0
2019,HARYANA,FARIDABAD,,,1327295.0
2019,HARYANA,GURGAON,,,1446509.0
2019,HARYANA,HISAR,,,1179869.0
2019,HARYANA,KARNAL,,,1300722.0
2019,HARYANA,KURUKSHETRA,,,1230202.0
2019,HARYANA,ROHTAK,,,1220571.0
2019,HARYANA,SIRSA,,,1369486.0
2019,HARYANA,SONIPAT,,,1129532.0
2019,HIMACHAL PRADESH,HAMIRPUR,,,988765.0
2019,HIMACHAL PRADESH,KANGRA,,,1006989.0
2019,HIMACHAL PRADESH,MANDI,,,941371.0
2019,HIMACHAL PRADESH,SHIMLA,,,913608.0
2019,JAMMU &AMP; KASHMIR,ANANTNAG,,,2047.0
2019,JAMMU &AMP; KASHMIR,BARAMULLA,,,3436.0
2019,JAMMU &AMP; KASHMIR,JAMMU,,,23505.0
2019,JAMMU &AMP; KASHMIR,LADAKH,,,3133.0
2019,JAMMU &AMP; KASHMIR,SRINAGAR,,,466.0
2019,JAMMU &AMP; KASHMIR,UDHAMPUR,,,11028.0
2019,JHARKHAND,CHATRA,,,925937.0
2019,JHARKHAND,DHANBAD,,,1252817.0
2019,JHARKHAND,DUMKA,,,1025968.0
2019,JHARKHAND,GIRIDIH,,,1106918.0
2019,JHARKHAND,GODDA,,,1194036.0
2019,JHARKHAND,HAZARIBAGH,,,1080929.0
2019,JHARKHAND,JAMSHEDPUR,,,1144226.0
2019,JHARKHAND,KHUNTI,,,832377.0
2019,JHARKHAND,KODARMA,,,1209541.0
2019,JHARKHAND,LOHARDAGA,,,817550.0
2019,JHARKHAND,PALAMAU,,,1209747.0
2019,JHARKHAND,RAJMAHAL,,,1047657.0
2019,JHARKHAND,RANCHI,,,1235441.0
2019,JHARKHAND,SINGHBHUM,,,879329.0
2019,KARNATAKA,BAGALKOT,,,1204613.0
2019,KARNATAKA,BANGALORE CENTRAL,,,1197234.0
2019,KARNATAKA,BANGALORE NORTH,,,1559459.0
2019,KARNATAKA,BANGALORE RURAL,,,1621906.0
2019,KARNATAKA,BANGALORE SOUTH,,,1188491.0
2019,KARNATAKA,BELGAUM,,,1205229.0
2019,KARNATAKA,BELLARY,,,1221926.0
2019,KARNATAKA,BIDAR,,,1117167.0
2019,KARNATAKA,BIJAPUR,,,1111354.0
2019,KARNATAKA,CHAMARAJANAGAR,,,1270658.0
2019,KARNATAKA,CHIKKBALLAPUR,,,1386963.0
2019,KARNATAKA,CHIKKODI,,,1217549.0
2019,KARNATAKA,CHITRADURGA,,,1245950.0
2019,KARNATAKA,DAKSHINA KANNADA,,,1345039.0
2019,KARNATAKA,DAVANAGERE,,,1194586.0
2019,KARNATAKA,DHARWAD,,,1213505.0
2019,KARNATAKA,GULBARGA,,,1189361.0
2019,KARNATAKA,HASSAN,,,1277552.0
2019,KARNATAKA,HAVERI,,,1266679.0
2019,KARNATAKA,KOLAR,,,1258551.0
2019,KARNATAKA,KOPPAL,,,1190347.0
2019,KARNATAKA,MANDYA,,,1379210.0
2019,KARNATAKA,MYSORE,,,1318041.0
2019,KARNATAKA,RAICHUR,,,1124385.0
2019,KARNATAKA,SHIMOGA,,,1283577.0
2019,KARNATAKA,TUMKUR,,,1244858.0
2019,KARNATAKA,UDUPI CHIKMAGALUR,,,1151012.0
2019,KARNATAKA,UTTARA KANNADA,,,1153480.0
2019,KERALA,ALAPPUZHA,,,1088728.0
2019,KERALA,ALATHUR,,,1018743.0
2019,KERALA,ATTINGAL,,,1004888.0
2019,KERALA,CHALAKUDY,,,990224.0
2019,KERALA,ERNAKULAM,,,967203.0
2019,KERALA,IDUKKI,,,919297.0
2019,KERALA,KANNUR,,,1053842.0
2019,KERALA,KASARAGOD,,,1100051.0
2019,KERALA,KOLLAM,,,968123.0
2019,KERALA,KOTTAYAM,,,910339.0
2019,KERALA,KOZHIKODE,,,1076193.0
2019,KERALA,MALAPPURAM,,,1034618.0
2019,KERALA,MAVELIKKARA,,,971035.0
2019,KERALA,PALAKKAD,,,1028249.0
2019,KERALA,PATHANAMTHITTA,,,1026553.0
2019,KERALA,PONNANI,,,1017265.0
2019,KERALA,THIRUVANANTHAPURAM,,,1010180.0
2019,KERALA,THRISSUR,,,1041869.0
2019,KERALA,VADAKARA,,,1065619.0
2019,KERALA,WAYANAD,,,1092197.0
2019,LAKSHADWEEP,LAKSHADWEEP,,,47009.0
2019,MADHYA PRADESH,BALAGHAT,,,1372018.0
2019,MADHYA PRADESH,BETUL,,,1357857.0
2019,MADHYA PRADESH,BHIND,,,960687.0
2019,MADHYA PRADESH,BHOPAL,,,1407954.0
2019,MADHYA PRADESH,CHHINDWARA,,,1248031.0
2019,MADHYA PRADESH,DAMOH,,,1164226.0
2019,MADHYA PRADESH,DEWAS,,,1398946.0
2019,MADHYA PRADESH,DHAR,,,1344132.0
2019,MADHYA PRADESH,GUNA,,,1178423.0
2019,MADHYA PRADESH,GWALIOR,,,1196096.0
2019,MADHYA PRADESH,HOSHANGABAD,,,1265869.0
2019,MADHYA PRADESH,INDORE,,,1629108.0
2019,MADHYA PRADESH,JABALPUR,,,1263573.0
2019,MADHYA PRADESH,KHAJURAHO,,,1257783.0
2019,MADHYA PRADESH,KHANDWA,,,1468138.0
2019,MADHYA PRADESH,KHARGONE,,,1427607.0
2019,MADHYA PRADESH,MANDLA,,,1517255.0
2019,MADHYA PRADESH,MANDSOUR,,,1370667.0
2019,MADHYA PRADESH,MORENA,,,1137290.0
2019,MADHYA PRADESH,RAJGARH,,,1260329.0
2019,MADHYA PRADESH,RATLAM,,,1400509.0
2019,MADHYA PRADESH,REWA,,,1013251.0
2019,MADHYA PRADESH,SAGAR,,,1037175.0
2019,MADHYA PRADESH,SATNA,,,1113656.0
2019,MADHYA PRADESH,SHAHDOL,,,1237858.0
2019,MADHYA PRADESH,SIDHI,,,1282705.0
2019,MADHYA PRADESH,TIKAMGARH,,,1096712.0
2019,MADHYA PRADESH,UJJAIN,,,1252511.0
2019,MADHYA PRADESH,VIDISHA,,,1250244.0
2019,MAHARASHTRA,AHMADNAGAR,,,1203797.0
2019,MAHARASHTRA,AKOLA,,,1119440.0
2019,MAHARASHTRA,AMRAVATI,,,1112385.0
2019,MAHARASHTRA,AURANGABAD,,,1198221.0
2019,MAHARASHTRA,BARAMATI,,,1304728.0
2019,MAHARASHTRA,BEED,,,1352399.0
2019,MAHARASHTRA,BHANDARA - GONDIYA,,,1244931.0
2019,MAHARASHTRA,BHIWANDI,,,1005172.0
2019,MAHARASHTRA,BULDHANA,,,1120359.0
2019,MAHARASHTRA,CHANDRAPUR,,,1238474.0
2019,MAHARASHTRA,DHULE,,,1085038.0
2019,MAHARASHTRA,DINDORI,,,1137631.0
2019,MAHARASHTRA,GADCHIROLI-CHIMUR,,,1142698.0
2019,MAHARASHTRA,HATKANANGLE,,,1252211.0
2019,MAHARASHTRA,HINGOLI,,,1157516.0
2019,MAHARASHTRA,JALGAON,,,1088277.0
2019,MAHARASHTRA,JALNA,,,1208139.0
2019,MAHARASHTRA,KALYAN,,,890313.0
2019,MAHARASHTRA,KOLHAPUR,,,1330852.0
2019,MAHARASHTRA,LATUR,,,1176542.0
2019,MAHARASHTRA,MADHA,,,1216319.0
2019,MAHARASHTRA,MAVAL,,,1368872.0
2019,MAHARASHTRA,MUMBAI NORTH,,,989759.0
2019,MAHARASHTRA,MUMBAI NORTH CENTRAL,,,901784.0
2019,MAHARASHTRA,MUMBAI NORTH EAST,,,908993.0
2019,MAHARASHTRA,MUMBAI NORTH WEST,,,941497.0
2019,MAHARASHTRA,MUMBAI SOUTH,,,801611.0
2019,MAHARASHTRA,MUMBAI SOUTH CENTRAL,,,797250.0
2019,MAHARASHTRA,NAGPUR,,,1186051.0
2019,MAHARASHTRA,NANDED,,,1129350.0
2019,MAHARASHTRA,NANDURBAR,,,1281738.0
2019,MAHARASHTRA,NASHIK,,,1121232.0
2019,MAHARASHTRA,OSMANABAD,,,1204730.0
2019,MAHARASHTRA,PALGHAR,,,1201941.0
2019,MAHARASHTRA,PARBHANI,,,1252782.0
2019,MAHARASHTRA,PUNE,,,1035236.0
2019,MAHARASHTRA,RAIGAD,,,1025467.0
2019,MAHARASHTRA,RAMTEK,,,1196744.0
2019,MAHARASHTRA,RATNAGIRI - SINDHUDURG,,,901102.0
2019,MAHARASHTRA,RAVER,,,1092971.0
2019,MAHARASHTRA,SANGLI,,,1189958.0
2019,MAHARASHTRA,SATARA,,,1115434.0
2019,MAHARASHTRA,SHIRDI,,,1029362.0
2019,MAHARASHTRA,SHIRUR,,,1293117.0
2019,MAHARASHTRA,SOLAPUR,,,1084514.0
2019,MAHARASHTRA,THANE,,,1170518.0
2019,MAHARASHTRA,WARDHA,,,1072570.0
2019,MAHARASHTRA,YAVATMAL-WASHIM,,,1174220.0
2019,MANIPUR,INNER MANIPUR,,,759301.0
2019,MANIPUR,OUTER MANIPUR,,,858029.0
2019,MEGHALAYA,SHILLONG,,,784190.0
2019,MEGHALAYA,TURA,,,583041.0
2019,MIZORAM,MIZORAM,,,499621.0
2019,NAGALAND,NAGALAND,,,1006357.0
2019,NCT OF DELHI,CHANDNI CHOWK,,,980390.0
2019,NCT OF DELHI,EAST DELHI,,,1257821.0
2019,NCT OF DELHI,NEW DELHI,,,920541.0
2019,NCT OF DELHI,NORTH EAST DELHI,,,1461475.0
2019,NCT OF DELHI,NORTH WEST DELHI,,,1402962.0
2019,NCT OF DELHI,SOUTH DELHI,,,1214222.0
2019,NCT OF DELHI,WEST DELHI,,,1441601.0
2019,ODISHA,ASKA,,,1013862.0
2019,ODISHA,BALASORE,,,1157871.0
2019,ODISHA,BARGARH,,,1247912.0
2019,ODISHA,BERHAMPUR,,,989910.0
2019,ODISHA,BHADRAK,,,1223754.0
2019,ODISHA,BHUBANESWAR,,,1005215.0
2019,ODISHA,BOLANGIR,,,1306705.0
2019,ODISHA,CUTTACK,,,1059490.0
2019,ODISHA,DHENKANAL,,,1131522.0
2019,ODISHA,JAGATSINGHPUR,,,1229190.0
2019,ODISHA,JAJPUR,,,1092084.0
2019,ODISHA,KALAHANDI,,,1228292.0
2019,ODISHA,KANDHAMAL,,,941985.0
2019,ODISHA,KENDRAPARA,,,1236466.0
2019,ODISHA,KEONJHAR,,,1176292.0
2019,ODISHA,KORAPUT,,,1080161.0
2019,ODISHA,MAYURBHANJ,,,1150357.0
2019,ODISHA,NABARANGPUR,,,1159700.0
2019,ODISHA,PURI,,,1135620.0
2019,ODISHA,SAMBALPUR,,,1124455.0
2019,ODISHA,SUNDARGARH,,,1100129.0
2019,PUDUCHERRY,PUDUCHERRY,,,790760.0
2019,PUNJAB,AMRITSAR,,,859513.0
2019,PUNJAB,ANANDPUR SAHIB,,,1081727.0
2019,PUNJAB,BATHINDA,,,1200810.0
2019,PUNJAB,FARIDKOT,,,974947.0
2019,PUNJAB,FATEHGARH SAHIB,,,985948.0
2019,PUNJAB,FIROZPUR,,,1172033.0
2019,PUNJAB,GURDASPUR,,,1103887.0
2019,PUNJAB,HOSHIARPUR,,,990791.0
2019,PUNJAB,JALANDHAR,,,1018998.0
2019,PUNJAB,KHADOOR SAHIB,,,1046032.0
2019,PUNJAB,LUDHIANA,,,1046955.0
2019,PUNJAB,PATIALA,,,1177903.0
2019,PUNJAB,SANGRUR,,,1105888.0
2019,RAJASTHAN,AJMER,,,1262214.0
2019,RAJASTHAN,ALWAR,,,1265674.0
2019,RAJASTHAN,BANSWARA,,,1439671.0
2019,RAJASTHAN,BARMER,,,1422271.0
2019,RAJASTHAN,BHARATPUR,,,1146797.0
2019,RAJASTHAN,BHILWARA,,,1310513.0
2019,RAJASTHAN,BIKANER,,,1099598.0
2019,RAJASTHAN,CHITTORGARH,,,1458760.0
2019,RAJASTHAN,CHURU,,,1328422.0
2019,RAJASTHAN,DAUSA,,,1062834.0
2019,RAJASTHAN,GANGANAGAR,,,1451765.0
2019,RAJASTHAN,JAIPUR,,,1456404.0
2019,RAJASTHAN,JAIPUR RURAL,,,1276693.0
2019,RAJASTHAN,JALORE,,,1361619.0
2019,RAJASTHAN,JHALAWAR-BARAN,,,1369868.0
2019,RAJASTHAN,JHUNJHUNU,,,1198927.0
2019,RAJASTHAN,JODHPUR,,,1346243.0
2019,RAJASTHAN,KARAULI-DHOLPUR,,,998044.0
2019,RAJASTHAN,KOTA,,,1367034.0
2019,RAJASTHAN,NAGAUR,,,1203124.0
2019,RAJASTHAN,PALI,,,1359799.0
2019,RAJASTHAN,RAJSAMAND,,,1239845.0
2019,RAJASTHAN,SIKAR,,,1326969.0
2019,RAJASTHAN,TONK-SAWAI MADHOPUR,,,1233458.0
2019,RAJASTHAN,UDAIPUR,,,1454518.0
2019,SIKKIM,SIKKIM,,,351746.0
2019,TAMIL NADU,ARAKKONAM,,,1178060.0
2019,TAMIL NADU,ARANI,,,1143907.0
2019,TAMIL NADU,CHENNAI CENTRAL,,,785450.0
2019,TAMIL NADU,CHENNAI NORTH,,,955545.0
2019,TAMIL NADU,CHENNAI SOUTH,,,1125857.0
2019,TAMIL NADU,CHIDAMBARAM,,,1153192.0
2019,TAMIL NADU,COIMBATORE,,,1250885.0
2019,TAMIL NADU,CUDDALORE,,,1043202.0
2019,TAMIL NADU,DHARMAPURI,,,1223205.0
2019,TAMIL NADU,DINDIGUL,,,1160046.0
2019,TAMIL NADU,ERODE,,,1067863.0
2019,TAMIL NADU,KALLAKURICHI,,,1204375.0
2019,TAMIL NADU,KANCHEEPURAM,,,1237612.0
2019,TAMIL NADU,KANNIYAKUMARI,,,1048377.0
2019,TAMIL NADU,KARUR,,,1103165.0
2019,TAMIL NADU,KRISHNAGIRI,,,1161369.0
2019,TAMIL NADU,MADURAI,,,1016026.0
2019,TAMIL NADU,MAYILADUTHURAI,,,1097243.0
2019,TAMIL NADU,NAGAPATTINAM,,,1002208.0
2019,TAMIL NADU,NAMAKKAL,,,1133774.0
2019,TAMIL NADU,NILGIRIS,,,1010719.0
2019,TAMIL NADU,PERAMBALUR,,,1102767.0
2019,TAMIL NADU,POLLACHI,,,1081875.0
2019,TAMIL NADU,RAMANATHAPURAM,,,1066146.0
2019,TAMIL NADU,SALEM,,,1255459.0
2019,TAMIL NADU,SIVAGANGA,,,1084468.0
2019,TAMIL NADU,SRIPERUMBUDUR,,,1406782.0
2019,TAMIL NADU,TENKASI,,,1065569.0
2019,TAMIL NADU,THANJAVUR,,,1059223.0
2019,TAMIL NADU,THENI,,,1173489.0
2019,TAMIL NADU,THIRUVALLUR,,,1408189.0
2019,TAMIL NADU,THOOTHUKKUDI,,,991263.0
2019,TAMIL NADU,TIRUCHIRAPPALLI,,,1048062.0
2019,TAMIL NADU,TIRUNELVELI,,,1039761.0
2019,TAMIL NADU,TIRUPPUR,,,1119584.0
2019,TAMIL NADU,TIRUVANNAMALAI,,,1151729.0
2019,TAMIL NADU,VILUPPURAM,,,1135540.0
2019,TAMIL NADU,VIRUDHUNAGAR,,,1074735.0
2019,TELANGANA,ADILABAD,,,1063730.0
2019,TELANGANA,BHONGIR,,,1212631.0
2019,TELANGANA,CHEVELLA,,,1300194.0
2019,TELANGANA,HYDERABAD,,,877872.0
2019,TELANGANA,KARIMNAGAR,,,1147697.0
2019,TELANGANA,KHAMMAM,,,1139831.0
2019,TELANGANA,MAHABUBABAD,,,983535.0
2019,TELANGANA,MAHBUBNAGAR,,,984634.0
2019,TELANGANA,MALKAJGIRI,,,1563063.0
2019,TELANGANA,MEDAK,,,1150223.0
2019,TELANGANA,NAGARKURNOOL,,,989847.0
2019,TELANGANA,NALGONDA,,,1175703.0
2019,TELANGANA,NIZAMABAD,,,1062768.0
2019,TELANGANA,PEDDAPALLE,,,970051.0
2019,TELANGANA,SECUNDRABAD,,,915106.0
2019,TELANGANA,WARANGAL,,,1061645.0
2019,TELANGANA,ZAHIRABAD,,,1044365.0
2019,TRIPURA,TRIPURA EAST,,,1045417.0
2019,TRIPURA,TRIPURA WEST,,,1107755.0
2019,UTTAR PRADESH,AGRA,,,1145323.0
2019,UTTAR PRADESH,AKBARPUR,,,1025314.0
2019,UTTAR PRADESH,ALIGARH,,,1163184.0
2019,UTTAR PRADESH,ALLAHABAD,,,889056.0
2019,UTTAR PRADESH,AMBEDKAR NAGAR,,,1090152.0
2019,UTTAR PRADESH,AMETHI,,,942453.0
2019,UTTAR PRADESH,AMROHA,,,1169182.0
2019,UTTAR PRADESH,AONLA,,,1052795.0
2019,UTTAR PRADESH,AZAMGARH,,,1029112.0
2019,UTTAR PRADESH,BADAUN,,,1081108.0
2019,UTTAR PRADESH,BAGHPAT,,,1044894.0
2019,UTTAR PRADESH,BAHRAICH,,,989848.0
2019,UTTAR PRADESH,BALLIA,,,989732.0
2019,UTTAR PRADESH,BANDA,,,1034549.0
2019,UTTAR PRADESH,BANSGAON,,,969136.0
2019,UTTAR PRADESH,BARABANKI,,,1155341.0
2019,UTTAR PRADESH,BAREILLY,,,1068342.0
2019,UTTAR PRADESH,BASTI,,,1054539.0
2019,UTTAR PRADESH,BHADOHI,,,1039390.0
2019,UTTAR PRADESH,BIJNOR,,,1100763.0
2019,UTTAR PRADESH,BULANDSHAHR,,,1123629.0
2019,UTTAR PRADESH,CHANDAULI,,,1084961.0
2019,UTTAR PRADESH,DEORIA,,,1015363.0
2019,UTTAR PRADESH,DHAURAHRA,,,1063840.0
2019,UTTAR PRADESH,DOMARIYAGANJ,,,985269.0
2019,UTTAR PRADESH,ETAH,,,999607.0
2019,UTTAR PRADESH,ETAWAH,,,1027815.0
2019,UTTAR PRADESH,FAIZABAD,,,1087121.0
2019,UTTAR PRADESH,FARRUKHABAD,,,1002953.0
2019,UTTAR PRADESH,FATEHPUR,,,1043655.0
2019,UTTAR PRADESH,FATEHPUR SIKRI,,,1037151.0
2019,UTTAR PRADESH,FIROZABAD,,,1075866.0
2019,UTTAR PRADESH,GAUTAM BUDDHA NAGAR,,,1392952.0
2019,UTTAR PRADESH,GHAZIABAD,,,1524456.0
2019,UTTAR PRADESH,GHAZIPUR,,,1105627.0
2019,UTTAR PRADESH,GHOSI,,,1140781.0
2019,UTTAR PRADESH,GONDA,,,923816.0
2019,UTTAR PRADESH,GORAKHPUR,,,1184635.0
2019,UTTAR PRADESH,HAMIRPUR,,,1089778.0
2019,UTTAR PRADESH,HARDOI,,,1057558.0
2019,UTTAR PRADESH,HATHRAS,,,1150294.0
2019,UTTAR PRADESH,JALAUN,,,1129955.0
2019,UTTAR PRADESH,JAUNPUR,,,1040652.0
2019,UTTAR PRADESH,JHANSI,,,1380890.0
2019,UTTAR PRADESH,KAIRANA,,,1124047.0
2019,UTTAR PRADESH,KAISERGANJ,,,981400.0
2019,UTTAR PRADESH,KANNAUJ,,,1140496.0
2019,UTTAR PRADESH,KANPUR,,,842994.0
2019,UTTAR PRADESH,KAUSHAMBI,,,974438.0
2019,UTTAR PRADESH,KHERI,,,1136660.0
2019,UTTAR PRADESH,KUSHI NAGAR,,,1053117.0
2019,UTTAR PRADESH,LALGANJ,,,960568.0
2019,UTTAR PRADESH,LUCKNOW,,,1116445.0
2019,UTTAR PRADESH,MACHHLISHAHR,,,1034925.0
2019,UTTAR PRADESH,MAHARAJGANJ,,,1226916.0
2019,UTTAR PRADESH,MAINPURI,,,976518.0
2019,UTTAR PRADESH,MATHURA,,,1102731.0
2019,UTTAR PRADESH,MEERUT,,,1216413.0
2019,UTTAR PRADESH,MIRZAPUR,,,1108965.0
2019,UTTAR PRADESH,MISRIKH,,,1026668.0
2019,UTTAR PRADESH,MOHANLALGANJ,,,1269040.0
2019,UTTAR PRADESH,MORADABAD,,,1282206.0
2019,UTTAR PRADESH,MUZAFFARNAGAR,,,1160071.0
2019,UTTAR PRADESH,NAGINA,,,1009456.0
2019,UTTAR PRADESH,PHULPUR,,,978236.0
2019,UTTAR PRADESH,PILIBHIT,,,1186589.0
2019,UTTAR PRADESH,PRATAPGARH,,,914665.0
2019,UTTAR PRADESH,RAE BARELI,,,958556.0
2019,UTTAR PRADESH,RAMPUR,,,1060921.0
2019,UTTAR PRADESH,ROBERTSGANJ,,,988287.0
2019,UTTAR PRADESH,SAHARANPUR,,,1231746.0
2019,UTTAR PRADESH,SALEMPUR,,,921066.0
2019,UTTAR PRADESH,SAMBHAL,,,1183469.0
2019,UTTAR PRADESH,SANT KABIR NAGAR,,,1063390.0
2019,UTTAR PRADESH,SHAHJAHANPUR,,,1186157.0
2019,UTTAR PRADESH,SHRAWASTI,,,997007.0
2019,UTTAR PRADESH,SITAPUR,,,1064521.0
2019,UTTAR PRADESH,SULTANPUR,,,1000316.0
2019,UTTAR PRADESH,UNNAO,,,1237076.0
2019,UTTAR PRADESH,VARANASI,,,1060476.0
2019,UTTARAKHAND,ALMORA,,,694472.0
2019,UTTARAKHAND,GARHWAL,,,742784.0
2019,UTTARAKHAND,HARDWAR,,,1271030.0
2019,UTTARAKHAND,NAINITAL-UDHAMSINGH NAGAR,,,1258570.0
2019,UTTARAKHAND,TEHRI GARHWAL,,,876069.0
2019,WEST BENGAL,ALIPURDUARS,,,1380217.0
2019,WEST BENGAL,ARAMBAGH,,,1471981.0
2019,WEST BENGAL,ASANSOL,,,1238135.0
2019,WEST BENGAL,BAHARAMPUR,,,1299997.0
2019,WEST BENGAL,BALURGHAT,,,1197849.0
2019,WEST BENGAL,BANGAON,,,1407758.0
2019,WEST BENGAL,BANKURA,,,1371855.0
2019,WEST BENGAL,BARASAT,,,1394766.0
2019,WEST BENGAL,BARDHAMAN DURGAPUR,,,1433007.0
2019,WEST BENGAL,BARDHAMAN PURBA,,,1439286.0
2019,WEST BENGAL,BARRACKPORE,,,1104517.0
2019,WEST BENGAL,BASIRHAT,,,1433339.0
2019,WEST BENGAL,BIRBHUM,,,1449423.0
2019,WEST BENGAL,BISHNUPUR,,,1420648.0
2019,WEST BENGAL,BOLPUR,,,1461269.0
2019,WEST BENGAL,COOCH BEHAR,,,1524683.0
2019,WEST BENGAL,DARJEELING,,,1267270.0
2019,WEST BENGAL,DIAMOND HARBOUR,,,1409002.0
2019,WEST BENGAL,DUM DUM,,,1204660.0
2019,WEST BENGAL,GHATAL,,,1488818.0
2019,WEST BENGAL,HOOGHLY,,,1457842.0
2019,WEST BENGAL,HOWRAH,,,1222293.0
2019,WEST BENGAL,JADAVPUR,,,1436894.0
2019,WEST BENGAL,JALPAIGURI,,,1500922.0
2019,WEST BENGAL,JANGIPUR,,,1304504.0
2019,WEST BENGAL,JHARGRAM,,,1406214.0
2019,WEST BENGAL,JOYNAGAR,,,1356102.0
2019,WEST BENGAL,KANTHI,,,1424247.0
2019,WEST BENGAL,KOLKATA DAKSHIN,,,1206645.0
2019,WEST BENGAL,KOLKATA UTTAR,,,950613.0
2019,WEST BENGAL,KRISHNANAGAR,,,1366443.0
2019,WEST BENGAL,MALDAHA DAKSHIN,,,1279202.0
2019,WEST BENGAL,MALDAHA UTTAR,,,1354706.0
2019,WEST BENGAL,MATHURAPUR,,,1401953.0
2019,WEST BENGAL,MEDINIPUR,,,1409815.0
2019,WEST BENGAL,MURSHIDABAD,,,1453755.0
2019,WEST BENGAL,PURULIA,,,1355236.0
2019,WEST BENGAL,RAIGANJ,,,1277109.0
2019,WEST BENGAL,RANAGHAT,,,1484035.0
2019,WEST BENGAL,SRERAMPUR,,,1401705.0
2019,WEST BENGAL,TAMLUK,,,1446499.0
2019,WEST BENGAL,ULUBERIA,,,1311099.0
2024,A&N ISLANDS,ANDAMAN & NICOBAR ISLANDS,,,202514.0
2024,ANDHRA PRADESH,AMALAPURAM,,,1301106.0
2024,ANDHRA PRADESH,ANAKAPALLI,,,1325332.0
2024,ANDHRA PRADESH,ANANTAPURAMU,,,1440428.0
2024,ANDHRA PRADESH,ARAKU,,,1164445.0
2024,ANDHRA PRADESH,BAPATLA,,,1300745.0
2024,ANDHRA PRADESH,CHITTOOR,,,1418857.0
2024,ANDHRA PRADESH,ELURU,,,1382049.0
2024,ANDHRA PRADESH,GUNTUR,,,1425371.0
2024,ANDHRA PRADESH,HINDUPUR,,,1416339.0
2024,ANDHRA PRADESH,KADAPA,,,1321975.0
2024,ANDHRA PRADESH,KAKINADA,,,1329803.0
2024,ANDHRA PRADESH,KURNOOL,,,1330780.0
2024,ANDHRA PRADESH,MACHILIPATNAM,,,1312004.0
2024,ANDHRA PRADESH,NANDYAL,,,1404418.0
2024,ANDHRA PRADESH,NARASAPUR,,,1230994.0
2024,ANDHRA PRADESH,NARSARAOPET,,,1499569.0
2024,ANDHRA PRADESH,NELLORE,,,1375649.0
2024,ANDHRA PRADESH,ONGOLE,,,1422214.0
2024,ANDHRA PRADESH,RAJAHMUNDRY,,,1325297.0
2024,ANDHRA PRADESH,RAJAMPET,,,1332939.0
2024,ANDHRA PRADESH,SRIKAKULAM,,,1235686.0
2024,ANDHRA PRADESH,TIRUPATI,,,1382570.0
2024,ANDHRA PRADESH,VIJAYAWADA,,,1364405.0
2024,ANDHRA PRADESH,VISAKHAPATNAM,,,1387125.0
2024,ANDHRA PRADESH,VIZIANAGARAM,,,1299242.0
2024,ARUNACHAL PRADESH,ARUNACHAL EAST,,,323443.0
2024,ARUNACHAL PRADESH,ARUNACHAL WEST,,,399804.0
2024,ASSAM,AUTONOMOUS DISTRICT,,,682827.0
2024,ASSAM,BARPETA,,,1685943.0
2024,ASSAM,DHUBRI,,,2453608.0
2024,ASSAM,DIBRUGARH,,,1278322.0
2024,ASSAM,GAUHATI,,,1599389.0
2024,ASSAM,JORHAT,,,1391160.0
2024,ASSAM,KALIABOR,,,1629937.0
2024,ASSAM,KARIMGANJ,,,1146882.0
2024,ASSAM,KOKRAJHAR,,,1241496.0
2024,ASSAM,LAKHIMPUR,,,1211214.0
2024,ASSAM,MANGALDOI,,,1811200.0
2024,ASSAM,NOWGONG,,,1549998.0
2024,ASSAM,SILCHAR,,,1089426.0
2024,ASSAM,SONITPUR,,,1288468.0
2024,BIHAR,ARARIA,,,1252560.0
2024,BIHAR,ARRAH,,,1096561.0
2024,BIHAR,AURANGABAD,,,945880.0
2024,BIHAR,BANKA,,,1014155.0
2024,BIHAR,BEGUSARAI,,,1294673.0
2024,BIHAR,BHAGALPUR,,,1064081.0
2024,BIHAR,BUXAR,,,1073759.0
2024,BIHAR,DARBHANGA,,,1024184.0
2024,BIHAR,GAYA,,,963676.0
2024,BIHAR,GOPALGANJ,,,1063027.0
2024,BIHAR,HAJIPUR,,,1155324.0
2024,BIHAR,JAHANABAD,,,925370.0
2024,BIHAR,JAMUI,,,979233.0
2024,BIHAR,JHANJHARPUR,,,1093741.0
2024,BIHAR,KARAKAT,,,1031618.0
2024,BIHAR,KATIHAR,,,1171546.0
2024,BIHAR,KHAGARIA,,,1061894.0
2024,BIHAR,KISHANGANJ,,,1151099.0
2024,BIHAR,MADHEPURA,,,1209695.0
2024,BIHAR,MADHUBANI,,,1027728.0
2024,BIHAR,MAHARAJGANJ,,,1014109.0
2024,BIHAR,MUNGER,,,1139081.0
2024,BIHAR,MUZAFFARPUR,,,1112460.0
2024,BIHAR,NALANDA,,,1144383.0
2024,BIHAR,NAWADA,,,869870.0
2024,BIHAR,PASCHIM CHAMPARAN,,,1086256.0
2024,BIHAR,PATALIPUTRA,,,1230099.0
2024,BIHAR,PATNA SAHIB,,,1075496.0
2024,BIHAR,PURNIA,,,1195844.0
2024,BIHAR,PURVI CHAMPARAN,,,1073688.0
2024,BIHAR,SAMASTIPUR,,,1094592.0
2024,BIHAR,SARAN,,,1021508.0
2024,BIHAR,SASARAM,,,1097075.0
2024,BIHAR,SHEOHAR,,,1055602.0
2024,BIHAR,SITAMARHI,,,1093992.0
2024,BIHAR,SIWAN,,,998018.0
2024,BIHAR,SUPAUL,,,1231114.0
2024,BIHAR,UJIARPUR,,,1042068.0
2024,BIHAR,VAISHALI,,,1172060.0
2024,BIHAR,VALMIKI NAGAR,,,1101830.0
2024,CHANDIGARH,CHANDIGARH,,,449275.0
2024,CHHATTISGARH,BASTAR,,,1007395.0
2024,CHHATTISGARH,BILASPUR,,,1361350.0
2024,CHHATTISGARH,DURG,,,1542787.0
2024,CHHATTISGARH,JANJGIR-CHAMPA,,,1392240.0
2024,CHHATTISGARH,KANKER,,,1265429.0
2024,CHHATTISGARH,KORBA,,,1225313.0
2024,CHHATTISGARH,MAHASAMUND,,,1326080.0
2024,CHHATTISGARH,RAIGARH,,,1452965.0
2024,CHHATTISGARH,RAIPUR,,,1586755.0
2024,CHHATTISGARH,RAJNANDGAON,,,1445765.0
2024,CHHATTISGARH,SURGUJA,,,1455269.0
2024,DADRA & NAGAR HAVELI AND DAMAN & DIU,DADAR & NAGAR HAVELI,,,205588.0
2024,DADRA & NAGAR HAVELI AND DAMAN & DIU,DAMAN & DIU,,,92410.0
2024,GOA,NORTH GOA,,,456018.0
2024,GOA,SOUTH GOA,,,450520.0
2024,GUJARAT,AHMEDABAD EAST,,,1128339.0
2024,GUJARAT,AHMEDABAD WEST,,,966646.0
2024,GUJARAT,AMRELI,,,876426.0
2024,GUJARAT,ANAND,,,1167969.0
2024,GUJARAT,BANASKANTHA,,,1375903.0
2024,GUJARAT,BARDOLI,,,1339333.0
2024,GUJARAT,BHARUCH,,,1198964.0
2024,GUJARAT,BHAVNAGAR,,,1047232.0
2024,GUJARAT,CHHOTA UDAIPUR,,,1267719.0
2024,GUJARAT,DAHOD,,,1118294.0
2024,GUJARAT,GANDHINAGAR,,,1321802.0
2024,GUJARAT,JAMNAGAR,,,1051235.0
2024,GUJARAT,JUNAGADH,,,1068253.0
2024,GUJARAT,KACHCHH,,,1095157.0
2024,GUJARAT,KHEDA,,,1175848.0
2024,GUJARAT,MAHESANA,,,1076827.0
2024,GUJARAT,NAVSARI,,,1338216.0
2024,GUJARAT,PANCHMAHAL,,,1131497.0
2024,GUJARAT,PATAN,,,1193125.0
2024,GUJARAT,PORBANDAR,,,928977.0
2024,GUJARAT,RAJKOT,,,1273542.0
2024,GUJARAT,SABARKANTHA,,,1269358.0
2024,GUJARAT,SURAT,,,0.0
2024,GUJARAT,SURENDRANAGAR,,,1131377.0
2024,GUJARAT,VADODARA,,,1212149.0
2024,GUJARAT,VALSAD,,,1361411.0
2024,HARYANA,AMBALA,,,1346722.0
2024,HARYANA,BHIWANI-MAHENDRAGARH,,,1183395.0
2024,HARYANA,FARIDABAD,,,1471322.0
2024,HARYANA,GURGAON,,,1601232.0
2024,HARYANA,HISAR,,,1174115.0
2024,HARYANA,KARNAL,,,1345892.0
2024,HARYANA,KURUKSHETRA,,,1205872.0
2024,HARYANA,ROHTAK,,,1248446.0
2024,HARYANA,SIRSA,,,1354632.0
2024,HARYANA,SONIPAT,,,1123944.0
2024,HIMACHAL PRADESH,HAMIRPUR,,,1047263.0
2024,HIMACHAL PRADESH,KANGRA,,,1036868.0
2024,HIMACHAL PRADESH,MANDI,,,1015810.0
2024,HIMACHAL PRADESH,SHIMLA,,,969965.0
2024,JAMMU & KASHMIR,ANANTNAG-RAJOURI,,,1026148.0
2024,JAMMU & KASHMIR,BARAMULLA,,,1033900.0
2024,JAMMU & KASHMIR,JAMMU,,,1302176.0
2024,JAMMU & KASHMIR,SRINAGAR,,,675242.0
2024,JAMMU & KASHMIR,UDHAMPUR,,,1113727.0
2024,JHARKHAND,CHATRA,,,1086374.0
2024,JHARKHAND,DHANBAD,,,1428007.0
2024,JHARKHAND,DUMKA,,,1184132.0
2024,JHARKHAND,GIRIDIH,,,1264833.0
2024,JHARKHAND,GODDA,,,1398204.0
2024,JHARKHAND,HAZARIBAGH,,,1264667.0
2024,JHARKHAND,JAMSHEDPUR,,,1277629.0
2024,JHARKHAND,KHUNTI,,,936682.0
2024,JHARKHAND,KODARMA,,,1369964.0
2024,JHARKHAND,LOHARDAGA,,,967125.0
2024,JHARKHAND,PALAMU,,,1390738.0
2024,JHARKHAND,RAJMAHAL,,,1218249.0
2024,JHARKHAND,RANCHI,,,1447781.0
2024,JHARKHAND,SINGHBHUM,,,1007597.0
2024,KARNATAKA,BAGALKOT,,,1317561.0
2024,KARNATAKA,BANGALORE CENTRAL,,,1316510.0
2024,KARNATAKA,BANGALORE NORTH,,,1752504.0
2024,KARNATAKA,BANGALORE RURAL,,,1919540.0
2024,KARNATAKA,BANGALORE SOUTH,,,1249342.0
2024,KARNATAKA,BELAGAVI,,,1383889.0
2024,KARNATAKA,BELLARY,,,1389914.0
2024,KARNATAKA,BIDAR,,,1242322.0
2024,KARNATAKA,BIJAPUR,,,1296114.0
2024,KARNATAKA,CHAMARAJANAGAR,,,1369797.0
2024,KARNATAKA,CHIKKBALLAPUR,,,1530820.0
2024,KARNATAKA,CHIKKODI,,,1393093.0
2024,KARNATAKA,CHITRADURGA,,,1366909.0
2024,KARNATAKA,DAKSHINA KANNADA,,,1415770.0
2024,KARNATAKA,DAVANAGERE,,,1320368.0
2024,KARNATAKA,DHARWAD,,,1366491.0
2024,KARNATAKA,GULBARGA,,,1310477.0
2024,KARNATAKA,HASSAN,,,1355007.0
2024,KARNATAKA,HAVERI,,,1395812.0
2024,KARNATAKA,KOLAR,,,1355228.0
2024,KARNATAKA,KOPPAL,,,1328936.0
2024,KARNATAKA,MANDYA,,,1460267.0
2024,KARNATAKA,MYSORE,,,1484473.0
2024,KARNATAKA,RAICHUR,,,1299619.0
2024,KARNATAKA,SHIMOGA,,,1377224.0
2024,KARNATAKA,TUMKUR,,,1303451.0
2024,KARNATAKA,UDUPI CHIKMAGALUR,,,1229418.0
2024,KARNATAKA,UTTARA KANNADA,,,1262761.0
2024,KERALA,ALAPPUZHA,,,1058703.0
2024,KERALA,ALATHUR,,,992268.0
2024,KERALA,ATTINGAL,,,985341.0
2024,KERALA,CHALAKUDY,,,951287.0
2024,KERALA,ERNAKULAM,,,910502.0
2024,KERALA,IDUKKI,,,840657.0
2024,KERALA,KANNUR,,,1063855.0
2024,KERALA,KASARAGOD,,,1112546.0
2024,KERALA,KOLLAM,,,915691.0
2024,KERALA,KOTTAYAM,,,836223.0
2024,KERALA,KOZHIKODE,,,1090050.0
2024,KERALA,MALAPPURAM,,,1085182.0
2024,KERALA,MAVELIKKARA,,,894971.0
2024,KERALA,PALAKKAD,,,1035836.0
2024,KERALA,PATHANAMTHITTA,,,919569.0
2024,KERALA,PONNANI,,,1026296.0
2024,KERALA,THIRUVANANTHAPURAM,,,962983.0
2024,KERALA,THRISSUR,,,1090876.0
2024,KERALA,VADAKARA,,,1122947.0
2024,KERALA,WAYANAD,,,1084653.0
2024,LADAKH,LADAKH,,,135524.0
2024,LAKSHADWEEP,LAKSHADWEEP,,,49200.0
2024,MADHYA PRADESH,BALAGHAT,,,1382280.0
2024,MADHYA PRADESH,BETUL,,,1396020.0
2024,MADHYA PRADESH,BHIND,,,1049007.0
2024,MADHYA PRADESH,BHOPAL,,,1498285.0
2024,MADHYA PRADESH,CHHINDWARA,,,1304827.0
2024,MADHYA PRADESH,DAMOH,,,1088944.0
2024,MADHYA PRADESH,DEWAS,,,1469104.0
2024,MADHYA PRADESH,DHAR,,,1425044.0
2024,MADHYA PRADESH,GUNA,,,1373766.0
2024,MADHYA PRADESH,GWALIOR,,,1343229.0
2024,MADHYA PRADESH,HOSHANGABAD,,,1249692.0
2024,MADHYA PRADESH,INDORE,,,1561968.0
2024,MADHYA PRADESH,JABALPUR,,,1158545.0
2024,MADHYA PRADESH,KHAJURAHO,,,1140570.0
2024,MADHYA PRADESH,KHANDWA,,,1512542.0
2024,MADHYA PRADESH,KHARGONE,,,1558778.0
2024,MADHYA PRADESH,MANDLA,,,1535632.0
2024,MADHYA PRADESH,MANDSAUR,,,1433492.0
2024,MADHYA PRADESH,MORENA,,,1187331.0
2024,MADHYA PRADESH,RAJGARH,,,1428997.0
2024,MADHYA PRADESH,RATLAM,,,1532643.0
2024,MADHYA PRADESH,REWA,,,918129.0
2024,MADHYA PRADESH,SAGAR,,,1150549.0
2024,MADHYA PRADESH,SATNA,,,1058972.0
2024,MADHYA PRADESH,SHAHDOL,,,1152013.0
2024,MADHYA PRADESH,SIDHI,,,1147264.0
2024,MADHYA PRADESH,TIKAMGARH,,,1098390.0
2024,MADHYA PRADESH,UJJAIN,,,1328580.0
2024,MADHYA PRADESH,VIDISHA,,,1455658.0
2024,MAHARASHTRA,AHMEDNAGAR,,,1325477.0
2024,MAHARASHTRA,AKOLA,,,1173072.0
2024,MAHARASHTRA,AMRAVATI,,,1173579.0
2024,MAHARASHTRA,AURANGABAD,,,1302197.0
2024,MAHARASHTRA,BARAMATI,,,1412349.0
2024,MAHARASHTRA,BEED,,,1522295.0
2024,MAHARASHTRA,BHANDARA GONDIYA,,,1235073.0
2024,MAHARASHTRA,BHIWANDI,,,1253399.0
2024,MAHARASHTRA,BULDHANA,,,1109496.0
2024,MAHARASHTRA,CHANDRAPUR,,,1241304.0
2024,MAHARASHTRA,DHULE,,,1219295.0
2024,MAHARASHTRA,DINDORI,,,1240910.0
2024,MAHARASHTRA,GADCHIROLI - CHIMUR,,,1166360.0
2024,MAHARASHTRA,HATKANANGLE,,,1296024.0
2024,MAHARASHTRA,HINGOLI,,,1159300.0
2024,MAHARASHTRA,JALGAON,,,1169553.0
2024,MAHARASHTRA,JALNA,,,1363409.0
2024,MAHARASHTRA,KALYAN,,,1045736.0
2024,MAHARASHTRA,KOLHAPUR,,,1393326.0
2024,MAHARASHTRA,LATUR,,,1239079.0
2024,MAHARASHTRA,MADHA,,,1273418.0
2024,MAHARASHTRA,MAVAL,,,1419401.0
2024,MAHARASHTRA,MUMBAI NORTH,,,1035493.0
2024,MAHARASHTRA,MUMBAI NORTH CENTRAL,,,910562.0
2024,MAHARASHTRA,MUMBAI NORTH EAST,,,926469.0
2024,MAHARASHTRA,MUMBAI NORTH WEST,,,954939.0
2024,MAHARASHTRA,MUMBAI SOUTH,,,773113.0
2024,MAHARASHTRA,MUMBAI SOUTH CENTRAL,,,794524.0
2024,MAHARASHTRA,NAGPUR,,,1211321.0
2024,MAHARASHTRA,NANDED,,,1128254.0
2024,MAHARASHTRA,NANDURBAR,,,1393669.0
2024,MAHARASHTRA,NASHIK,,,1237204.0
2024,MAHARASHTRA,OSMANABAD,,,1281052.0
2024,MAHARASHTRA,PALGHAR,,,1376074.0
2024,MAHARASHTRA,PARBHANI,,,1331176.0
2024,MAHARASHTRA,PUNE,,,1104572.0
2024,MAHARASHTRA,RAIGAD,,,1013272.0
2024,MAHARASHTRA,RAMTEK,,,1252512.0
2024,MAHARASHTRA,RATNAGIRI- SINDHUDURG,,,914038.0
2024,MAHARASHTRA,RAVER,,,1171666.0
2024,MAHARASHTRA,SANGLI,,,1168744.0
2024,MAHARASHTRA,SATARA,,,1198004.0
2024,MAHARASHTRA,SHIRDI,,,1059864.0
2024,MAHARASHTRA,SHIRUR,,,1374464.0
2024,MAHARASHTRA,SOLAPUR,,,1204485.0
2024,MAHARASHTRA,THANE,,,1309068.0
2024,MAHARASHTRA,WARDHA,,,1095012.0
2024,MAHARASHTRA,YAVATMAL- WASHIM,,,1225530.0
2024,MANIPUR,INNER MANIPUR,,,796897.0
2024,MANIPUR,OUTER MANIPUR,,,796735.0
2024,MEGHALAYA,SHILLONG,,,1037911.0
2024,MEGHALAYA,TURA,,,674056.0
2024,MIZORAM,MIZORAM,,,491336.0
2024,NAGALAND,NAGALAND,,,760796.0
2024,NCT OF DELHI,CHANDNI CHOWK,,,966102.0
2024,NCT OF DELHI,EAST DELHI,,,1264049.0
2024,NCT OF DELHI,NEW DELHI,,,847468.0
2024,NCT OF DELHI,NORTH-EAST DELHI,,,1552731.0
2024,NCT OF DELHI,NORTH-WEST DELHI,,,1487207.0
2024,NCT OF DELHI,SOUTH DELHI,,,1295998.0
2024,NCT OF DELHI,WEST DELHI,,,1524494.0
2024,ODISHA,ASKA,,,1017914.0
2024,ODISHA,BALASORE,,,1239635.0
2024,ODISHA,BARGARH,,,1309864.0
2024,ODISHA,BERHAMPUR,,,1042923.0
2024,ODISHA,BHADRAK,,,1297377.0
2024,ODISHA,BHUBANESWAR,,,1082215.0
2024,ODISHA,BOLANGIR,,,1400248.0
2024,ODISHA,CUTTACK,,,1120795.0
2024,ODISHA,DHENKANAL,,,1191673.0
2024,ODISHA,JAGATSINGHPUR,,,1286287.0
2024,ODISHA,JAJPUR,,,1161208.0
2024,ODISHA,KALAHANDI,,,1334244.0
2024,ODISHA,KANDHAMAL,,,996091.0
2024,ODISHA,KENDRAPARA,,,1277108.0
2024,ODISHA,KEONJHAR,,,1256615.0
2024,ODISHA,KORAPUT,,,1148842.0
2024,ODISHA,MAYURBHANJ,,,1174050.0
2024,ODISHA,NABARANGPUR,,,1242475.0
2024,ODISHA,PURI,,,1196938.0
2024,ODISHA,SAMBALPUR,,,1196747.0
2024,ODISHA,SUNDARGARH,,,1155777.0
2024,PUDUCHERRY,PUDUCHERRY,,,807940.0
2024,PUNJAB,AMRITSAR,,,905656.0
2024,PUNJAB,ANANDPUR SAHIB,,,1077123.0
2024,PUNJAB,BATHINDA,,,1151170.0
2024,PUNJAB,FARIDKOT,,,1014455.0
2024,PUNJAB,FATEHGARH SAHIB,,,974256.0
2024,PUNJAB,FIROZEPUR,,,1125115.0
2024,PUNJAB,GURDASPUR,,,1077826.0
2024,PUNJAB,HOSHIARPUR,,,948485.0
2024,PUNJAB,JALANDHAR,,,989107.0
2024,PUNJAB,KHADOOR SAHIB,,,1047165.0
2024,PUNJAB,LUDHIANA,,,1059157.0
2024,PUNJAB,PATIALA,,,1151743.0
2024,PUNJAB,SANGRUR,,,1009665.0
2024,RAJASTHAN,AJMER,,,1201179.0
2024,RAJASTHAN,ALWAR,,,1253438.0
2024,RAJASTHAN,BANSWARA,,,1636852.0
2024,RAJASTHAN,BARMER,,,1688051.0
2024,RAJASTHAN,BHARATPUR,,,1133000.0
2024,RAJASTHAN,BHILWARA,,,1304395.0
2024,RAJASTHAN,BIKANER,,,1118282.0
2024,RAJASTHAN,CHITTORGARH,,,1498733.0
2024,RAJASTHAN,CHURU,,,1424645.0
2024,RAJASTHAN,DAUSA,,,1072734.0
2024,RAJASTHAN,GANGANAGAR,,,1413494.0
2024,RAJASTHAN,JAIPUR,,,1463258.0
2024,RAJASTHAN,JAIPUR RURAL,,,1262054.0
2024,RAJASTHAN,JALORE,,,1451126.0
2024,RAJASTHAN,JHALAWAR-BARAN,,,1421331.0
2024,RAJASTHAN,JHUNJHUNU,,,1118927.0
2024,RAJASTHAN,JODHPUR,,,1383838.0
2024,RAJASTHAN,KARAULI-DHOLPUR,,,988122.0
2024,RAJASTHAN,KOTA,,,1500157.0
2024,RAJASTHAN,NAGAUR,,,1238473.0
2024,RAJASTHAN,PALI,,,1353842.0
2024,RAJASTHAN,RAJSAMAND,,,1213130.0
2024,RAJASTHAN,SIKAR,,,1300856.0
2024,RAJASTHAN,TONK-SAWAI MADHOPUR,,,1226584.0
2024,RAJASTHAN,UDAIPUR,,,1498376.0
2024,SIKKIM,SIKKIM,,,384893.0
2024,TAMIL NADU,ARAKKONAM,,,1163822.0
2024,TAMIL NADU,ARANI,,,1140261.0
2024,TAMIL NADU,CHENNAI CENTRAL,,,730549.0
2024,TAMIL NADU,CHENNAI NORTH,,,902489.0
2024,TAMIL NADU,CHENNAI SOUTH,,,1099321.0
2024,TAMIL NADU,CHIDAMBARAM,,,1167071.0
2024,TAMIL NADU,COIMBATORE,,,1372833.0
2024,TAMIL NADU,CUDDALORE,,,1031563.0
2024,TAMIL NADU,DHARMAPURI,,,1247832.0
2024,TAMIL NADU,DINDIGUL,,,1149621.0
2024,TAMIL NADU,ERODE,,,1093423.0
2024,TAMIL NADU,KALLAKURICHI,,,1249568.0
2024,TAMIL NADU,KANCHEEPURAM,,,1259578.0
2024,TAMIL NADU,KANYAKUMARI,,,1029055.0
2024,TAMIL NADU,KARUR,,,1132045.0
2024,TAMIL NADU,KRISHNAGIRI,,,1166156.0
2024,TAMIL NADU,MADURAI,,,986969.0
2024,TAMIL NADU,MAYILADUTHURAI,,,1087708.0
2024,TAMIL NADU,NAGAPATTINAM,,,973011.0
2024,TAMIL NADU,NAMAKKAL,,,1146303.0
2024,TAMIL NADU,NILGIRIS,,,1018906.0
2024,TAMIL NADU,PERAMBALUR,,,1129226.0
2024,TAMIL NADU,POLLACHI,,,1126045.0
2024,TAMIL NADU,RAMANATHAPURAM,,,1109853.0
2024,TAMIL NADU,SALEM,,,1304844.0
2024,TAMIL NADU,SIVAGANGA,,,1053419.0
2024,TAMIL NADU,SRIPERUMBUDUR,,,1440935.0
2024,TAMIL NADU,TENKASI,,,1039119.0
2024,TAMIL NADU,THANJAVUR,,,1028706.0
2024,TAMIL NADU,THENI,,,1141219.0
2024,TAMIL NADU,THIRUVALLUR,,,1417812.0
2024,TAMIL NADU,THOOTHUKKUDI,,,978526.0
2024,TAMIL NADU,TIRUCHIRAPPALLI,,,1055964.0
2024,TAMIL NADU,TIRUNELVELI,,,1067448.0
2024,TAMIL NADU,TIRUPPUR,,,1142549.0
2024,TAMIL NADU,TIRUVANNAMALAI,,,1146273.0
2024,TAMIL NADU,VELLORE,,,1129458.0
2024,TAMIL NADU,VILUPPURAM,,,1152667.0
2024,TAMIL NADU,VIRUDHUNAGAR,,,1061901.0
2024,TELANGANA,ADILABAD,,,1235597.0
2024,TELANGANA,BHUVANAGIRI,,,1401396.0
2024,TELANGANA,CHEVELLA,,,1675354.0
2024,TELANGANA,HYDERABAD,,,1080324.0
2024,TELANGANA,KARIMNAGAR,,,1312852.0
2024,TELANGANA,KHAMMAM,,,1251283.0
2024,TELANGANA,MAHABUBABAD,,,1108786.0
2024,TELANGANA,MAHBUBNAGAR,,,1226078.0
2024,TELANGANA,MALKAJGIRI,,,1933843.0
2024,TELANGANA,MEDAK,,,1386239.0
2024,TELANGANA,NAGARKURNOOL,,,1219223.0
2024,TELANGANA,NALGONDA,,,1296324.0
2024,TELANGANA,NIZAMABAD,,,1233581.0
2024,TELANGANA,PEDDAPALLI,,,1095295.0
2024,TELANGANA,SECUNDERABAD,,,1047659.0
2024,TELANGANA,WARANGAL,,,1267946.0
2024,TELANGANA,ZAHIRABAD,,,1236593.0
2024,TRIPURA,TRIPURA EAST,,,1134345.0
2024,TRIPURA,TRIPURA WEST,,,1209809.0
2024,UTTAR PRADESH,AGRA,,,1123779.0
2024,UTTAR PRADESH,AKBARPUR,,,1086953.0
2024,UTTAR PRADESH,ALIGARH,,,1133366.0
2024,UTTAR PRADESH,ALLAHABAD,,,947000.0
2024,UTTAR PRADESH,AMBEDKAR NAGAR,,,1177062.0
2024,UTTAR PRADESH,AMETHI,,,980671.0
2024,UTTAR PRADESH,AMROHA,,,1110690.0
2024,UTTAR PRADESH,AONLA,,,1088896.0
2024,UTTAR PRADESH,AZAMGARH,,,1054520.0
2024,UTTAR PRADESH,BADAUN,,,1091764.0
2024,UTTAR PRADESH,BAGHPAT,,,933773.0
2024,UTTAR PRADESH,BAHRAICH,,,1056566.0
2024,UTTAR PRADESH,BALLIA,,,1007322.0
2024,UTTAR PRADESH,BANDA,,,1044132.0
2024,UTTAR PRADESH,BANSGAON,,,944763.0
2024,UTTAR PRADESH,BARABANKI,,,1290634.0
2024,UTTAR PRADESH,BAREILLY,,,1119558.0
2024,UTTAR PRADESH,BASTI,,,1082870.0
2024,UTTAR PRADESH,BHADOHI,,,1084993.0
2024,UTTAR PRADESH,BIJNOR,,,1024432.0
2024,UTTAR PRADESH,BULANDSHAHR,,,1054399.0
2024,UTTAR PRADESH,CHANDAULI,,,1116499.0
2024,UTTAR PRADESH,DEORIA,,,1043308.0
2024,UTTAR PRADESH,DHAURAHRA,,,1111847.0
2024,UTTAR PRADESH,DOMARIYAGANJ,,,1018965.0
2024,UTTAR PRADESH,ETAH,,,1010381.0
2024,UTTAR PRADESH,ETAWAH,,,1033784.0
2024,UTTAR PRADESH,FAIZABAD,,,1140661.0
2024,UTTAR PRADESH,FARRUKHABAD,,,1033794.0
2024,UTTAR PRADESH,FATEHPUR,,,1106944.0
2024,UTTAR PRADESH,FATEHPUR SIKRI,,,1034155.0
2024,UTTAR PRADESH,FIROZABAD,,,1107296.0
2024,UTTAR PRADESH,GAUTAM BUDDHA NAGAR,,,1437244.0
2024,UTTAR PRADESH,GHAZIABAD,,,1470430.0
2024,UTTAR PRADESH,GHAZIPUR,,,1153094.0
2024,UTTAR PRADESH,GHOSI,,,1150590.0
2024,UTTAR PRADESH,GONDA,,,952884.0
2024,UTTAR PRADESH,GORAKHPUR,,,1154413.0
2024,UTTAR PRADESH,HAMIRPUR,,,1115299.0
2024,UTTAR PRADESH,HARDOI,,,1100116.0
2024,UTTAR PRADESH,HATHRAS,,,1082720.0
2024,UTTAR PRADESH,JALAUN,,,1128949.0
2024,UTTAR PRADESH,JAUNPUR,,,1101788.0
2024,UTTAR PRADESH,JHANSI,,,1380506.0
2024,UTTAR PRADESH,KAIRANA,,,1079806.0
2024,UTTAR PRADESH,KAISERGANJ,,,1062099.0
2024,UTTAR PRADESH,KANNAUJ,,,1217833.0
2024,UTTAR PRADESH,KANPUR,,,887396.0
2024,UTTAR PRADESH,KAUSHAMBI,,,1009329.0
2024,UTTAR PRADESH,KHERI,,,1213359.0
2024,UTTAR PRADESH,KUSHI NAGAR,,,1080483.0
2024,UTTAR PRADESH,LALGANJ,,,1003438.0
2024,UTTAR PRADESH,LUCKNOW,,,1136892.0
2024,UTTAR PRADESH,MACHHLISHAHR,,,1060063.0
2024,UTTAR PRADESH,MAHARAJGANJ,,,1210451.0
2024,UTTAR PRADESH,MAINPURI,,,1054011.0
2024,UTTAR PRADESH,MATHURA,,,957046.0
2024,UTTAR PRADESH,MEERUT,,,1182479.0
2024,UTTAR PRADESH,MIRZAPUR,,,1105405.0
2024,UTTAR PRADESH,MISRIKH,,,1051983.0
2024,UTTAR PRADESH,MOHANLALGANJ,,,1377452.0
2024,UTTAR PRADESH,MORADABAD,,,1283185.0
2024,UTTAR PRADESH,MUZAFFARNAGAR,,,1078669.0
2024,UTTAR PRADESH,NAGINA,,,1001303.0
2024,UTTAR PRADESH,PHULPUR,,,1014824.0
2024,UTTAR PRADESH,PILIBHIT,,,1160947.0
2024,UTTAR PRADESH,PRATAPGARH,,,947288.0
2024,UTTAR PRADESH,RAE BARELI,,,1039219.0
2024,UTTAR PRADESH,RAMPUR,,,968079.0
2024,UTTAR PRADESH,ROBERTSGANJ,,,1009545.0
2024,UTTAR PRADESH,SAHARANPUR,,,1229455.0
2024,UTTAR PRADESH,SALEMPUR,,,917362.0
2024,UTTAR PRADESH,SAMBHAL,,,1194983.0
2024,UTTAR PRADESH,SANT KABIR NAGAR,,,1091202.0
2024,UTTAR PRADESH,SHAHJAHANPUR,,,1247902.0
2024,UTTAR PRADESH,SHRAWASTI,,,1046528.0
2024,UTTAR PRADESH,SITAPUR,,,1102015.0
2024,UTTAR PRADESH,SULTANPUR,,,1033387.0
2024,UTTAR PRADESH,UNNAO,,,1302271.0
2024,UTTAR PRADESH,VARANASI,,,1130143.0
2024,UTTARAKHAND,ALMORA,,,668497.0
2024,UTTARAKHAND,GARHWAL,,,737431.0
2024,UTTARAKHAND,HARIDWAR,,,1302623.0
2024,UTTARAKHAND,NAINITAL-UDHAMSINGH NAGAR,,,1266016.0
2024,UTTARAKHAND,TEHRI GARHWAL,,,862041.0
2024,WEST BENGAL,ALIPURDUARS,,,1421389.0
2024,WEST BENGAL,ARAMBAGH,,,1559079.0
2024,WEST BENGAL,ASANSOL,,,1301540.0
2024,WEST BENGAL,BAHARAMPUR,,,1384770.0
2024,WEST BENGAL,BALURGHAT,,,1237308.0
2024,WEST BENGAL,BANGAON,,,1493108.0
2024,WEST BENGAL,BANKURA,,,1447674.0
2024,WEST BENGAL,BARASAT,,,1532601.0
2024,WEST BENGAL,BARDHAMAN PURBA,,,1497310.0
2024,WEST BENGAL,BARDHAMAN-DURGAPUR,,,1501773.0
2024,WEST BENGAL,BARRACKPORE,,,1141860.0
2024,WEST BENGAL,BASIRHAT,,,1523401.0
2024,WEST BENGAL,BIRBHUM,,,1527432.0
2024,WEST BENGAL,BISHNUPUR,,,1513872.0
2024,WEST BENGAL,BOLPUR,,,1528470.0
2024,WEST BENGAL,COOCH BEHAR,,,1623048.0
2024,WEST BENGAL,DARJEELING,,,1327412.0
2024,WEST BENGAL,DIAMOND HARBOUR,,,1530817.0
2024,WEST BENGAL,DUM DUM,,,1260046.0
2024,WEST BENGAL,GHATAL,,,1600556.0
2024,WEST BENGAL,HOOGHLY,,,1517511.0
2024,WEST BENGAL,HOWRAH,,,1271796.0
2024,WEST BENGAL,JADAVPUR,,,1566509.0
2024,WEST BENGAL,JALPAIGURI,,,1578389.0
2024,WEST BENGAL,JANGIPUR,,,1369633.0
2024,WEST BENGAL,JAYNAGAR,,,1482631.0
2024,WEST BENGAL,JHARGRAM,,,1490843.0
2024,WEST BENGAL,KANTHI,,,1530997.0
2024,WEST BENGAL,KOLKATA DAKSHIN,,,1243477.0
2024,WEST BENGAL,KOLKATA UTTAR,,,958433.0
2024,WEST BENGAL,KRISHNANAGAR,,,1425712.0
2024,WEST BENGAL,MALDAHA DAKSHIN,,,1369789.0
2024,WEST BENGAL,MALDAHA UTTAR,,,1417589.0
2024,WEST BENGAL,MATHURAPUR,,,1496024.0
2024,WEST BENGAL,MEDINIPUR,,,1481563.0
2024,WEST BENGAL,MURSHIDABAD,,,1541559.0
2024,WEST BENGAL,PURULIA,,,1434018.0
2024,WEST BENGAL,RAIGANJ,,,1368471.0
2024,WEST BENGAL,RANAGHAT,,,1540632.0
2024,WEST BENGAL,SERAMPORE,,,1476532.0
2024,WEST BENGAL,TAMLUK,,,1577319.0
2024,WEST BENGAL,ULUBERIA,,,1390794.0
